# smlt_path='b12', gsimlt_path='@_Allen2012_@', imt='SA', investigation_time=50.0, lon=146.39999999999998, lat=-38.23, poe='0.0200000', iml='7.2789373e-01'
mag,dist,eps,poe
4.50000E+00,1.00000E+01,-2.00000E+00,0.00000E+00
4.50000E+00,1.00000E+01,0.00000E+00,0.00000E+00
4.50000E+00,1.00000E+01,2.00000E+00,7.96927E-06
4.50000E+00,3.00000E+01,-2.00000E+00,0.00000E+00
4.50000E+00,3.00000E+01,0.00000E+00,0.00000E+00
4.50000E+00,3.00000E+01,2.00000E+00,0.00000E+00
4.50000E+00,5.00000E+01,-2.00000E+00,0.00000E+00
4.50000E+00,5.00000E+01,0.00000E+00,0.00000E+00
4.50000E+00,5.00000E+01,2.00000E+00,0.00000E+00
4.50000E+00,7.00000E+01,-2.00000E+00,0.00000E+00
4.50000E+00,7.00000E+01,0.00000E+00,0.00000E+00
4.50000E+00,7.00000E+01,2.00000E+00,0.00000E+00
4.50000E+00,9.00000E+01,-2.00000E+00,0.00000E+00
4.50000E+00,9.00000E+01,0.00000E+00,0.00000E+00
4.50000E+00,9.00000E+01,2.00000E+00,0.00000E+00
4.50000E+00,1.10000E+02,-2.00000E+00,0.00000E+00
4.50000E+00,1.10000E+02,0.00000E+00,0.00000E+00
4.50000E+00,1.10000E+02,2.00000E+00,0.00000E+00
4.50000E+00,1.30000E+02,-2.00000E+00,0.00000E+00
4.50000E+00,1.30000E+02,0.00000E+00,0.00000E+00
4.50000E+00,1.30000E+02,2.00000E+00,0.00000E+00
4.50000E+00,1.50000E+02,-2.00000E+00,0.00000E+00
4.50000E+00,1.50000E+02,0.00000E+00,0.00000E+00
4.50000E+00,1.50000E+02,2.00000E+00,0.00000E+00
4.50000E+00,1.70000E+02,-2.00000E+00,0.00000E+00
4.50000E+00,1.70000E+02,0.00000E+00,0.00000E+00
4.50000E+00,1.70000E+02,2.00000E+00,0.00000E+00
4.50000E+00,1.90000E+02,-2.00000E+00,0.00000E+00
4.50000E+00,1.90000E+02,0.00000E+00,0.00000E+00
4.50000E+00,1.90000E+02,2.00000E+00,0.00000E+00
4.50000E+00,2.10000E+02,-2.00000E+00,0.00000E+00
4.50000E+00,2.10000E+02,0.00000E+00,0.00000E+00
4.50000E+00,2.10000E+02,2.00000E+00,0.00000E+00
4.50000E+00,2.30000E+02,-2.00000E+00,0.00000E+00
4.50000E+00,2.30000E+02,0.00000E+00,0.00000E+00
4.50000E+00,2.30000E+02,2.00000E+00,0.00000E+00
4.50000E+00,2.50000E+02,-2.00000E+00,0.00000E+00
4.50000E+00,2.50000E+02,0.00000E+00,0.00000E+00
4.50000E+00,2.50000E+02,2.00000E+00,0.00000E+00
4.50000E+00,2.70000E+02,-2.00000E+00,0.00000E+00
4.50000E+00,2.70000E+02,0.00000E+00,0.00000E+00
4.50000E+00,2.70000E+02,2.00000E+00,0.00000E+00
4.50000E+00,2.90000E+02,-2.00000E+00,0.00000E+00
4.50000E+00,2.90000E+02,0.00000E+00,0.00000E+00
4.50000E+00,2.90000E+02,2.00000E+00,0.00000E+00
4.50000E+00,3.10000E+02,-2.00000E+00,0.00000E+00
4.50000E+00,3.10000E+02,0.00000E+00,0.00000E+00
4.50000E+00,3.10000E+02,2.00000E+00,0.00000E+00
4.50000E+00,3.30000E+02,-2.00000E+00,0.00000E+00
4.50000E+00,3.30000E+02,0.00000E+00,0.00000E+00
4.50000E+00,3.30000E+02,2.00000E+00,0.00000E+00
4.50000E+00,3.50000E+02,-2.00000E+00,0.00000E+00
4.50000E+00,3.50000E+02,0.00000E+00,0.00000E+00
4.50000E+00,3.50000E+02,2.00000E+00,0.00000E+00
4.50000E+00,3.70000E+02,-2.00000E+00,0.00000E+00
4.50000E+00,3.70000E+02,0.00000E+00,0.00000E+00
4.50000E+00,3.70000E+02,2.00000E+00,0.00000E+00
4.50000E+00,3.90000E+02,-2.00000E+00,0.00000E+00
4.50000E+00,3.90000E+02,0.00000E+00,0.00000E+00
4.50000E+00,3.90000E+02,2.00000E+00,0.00000E+00
4.70000E+00,1.00000E+01,-2.00000E+00,0.00000E+00
4.70000E+00,1.00000E+01,0.00000E+00,0.00000E+00
4.70000E+00,1.00000E+01,2.00000E+00,2.50021E-05
4.70000E+00,3.00000E+01,-2.00000E+00,0.00000E+00
4.70000E+00,3.00000E+01,0.00000E+00,0.00000E+00
4.70000E+00,3.00000E+01,2.00000E+00,0.00000E+00
4.70000E+00,5.00000E+01,-2.00000E+00,0.00000E+00
4.70000E+00,5.00000E+01,0.00000E+00,0.00000E+00
4.70000E+00,5.00000E+01,2.00000E+00,0.00000E+00
4.70000E+00,7.00000E+01,-2.00000E+00,0.00000E+00
4.70000E+00,7.00000E+01,0.00000E+00,0.00000E+00
4.70000E+00,7.00000E+01,2.00000E+00,0.00000E+00
4.70000E+00,9.00000E+01,-2.00000E+00,0.00000E+00
4.70000E+00,9.00000E+01,0.00000E+00,0.00000E+00
4.70000E+00,9.00000E+01,2.00000E+00,0.00000E+00
4.70000E+00,1.10000E+02,-2.00000E+00,0.00000E+00
4.70000E+00,1.10000E+02,0.00000E+00,0.00000E+00
4.70000E+00,1.10000E+02,2.00000E+00,0.00000E+00
4.70000E+00,1.30000E+02,-2.00000E+00,0.00000E+00
4.70000E+00,1.30000E+02,0.00000E+00,0.00000E+00
4.70000E+00,1.30000E+02,2.00000E+00,0.00000E+00
4.70000E+00,1.50000E+02,-2.00000E+00,0.00000E+00
4.70000E+00,1.50000E+02,0.00000E+00,0.00000E+00
4.70000E+00,1.50000E+02,2.00000E+00,0.00000E+00
4.70000E+00,1.70000E+02,-2.00000E+00,0.00000E+00
4.70000E+00,1.70000E+02,0.00000E+00,0.00000E+00
4.70000E+00,1.70000E+02,2.00000E+00,0.00000E+00
4.70000E+00,1.90000E+02,-2.00000E+00,0.00000E+00
4.70000E+00,1.90000E+02,0.00000E+00,0.00000E+00
4.70000E+00,1.90000E+02,2.00000E+00,0.00000E+00
4.70000E+00,2.10000E+02,-2.00000E+00,0.00000E+00
4.70000E+00,2.10000E+02,0.00000E+00,0.00000E+00
4.70000E+00,2.10000E+02,2.00000E+00,0.00000E+00
4.70000E+00,2.30000E+02,-2.00000E+00,0.00000E+00
4.70000E+00,2.30000E+02,0.00000E+00,0.00000E+00
4.70000E+00,2.30000E+02,2.00000E+00,0.00000E+00
4.70000E+00,2.50000E+02,-2.00000E+00,0.00000E+00
4.70000E+00,2.50000E+02,0.00000E+00,0.00000E+00
4.70000E+00,2.50000E+02,2.00000E+00,0.00000E+00
4.70000E+00,2.70000E+02,-2.00000E+00,0.00000E+00
4.70000E+00,2.70000E+02,0.00000E+00,0.00000E+00
4.70000E+00,2.70000E+02,2.00000E+00,0.00000E+00
4.70000E+00,2.90000E+02,-2.00000E+00,0.00000E+00
4.70000E+00,2.90000E+02,0.00000E+00,0.00000E+00
4.70000E+00,2.90000E+02,2.00000E+00,0.00000E+00
4.70000E+00,3.10000E+02,-2.00000E+00,0.00000E+00
4.70000E+00,3.10000E+02,0.00000E+00,0.00000E+00
4.70000E+00,3.10000E+02,2.00000E+00,0.00000E+00
4.70000E+00,3.30000E+02,-2.00000E+00,0.00000E+00
4.70000E+00,3.30000E+02,0.00000E+00,0.00000E+00
4.70000E+00,3.30000E+02,2.00000E+00,0.00000E+00
4.70000E+00,3.50000E+02,-2.00000E+00,0.00000E+00
4.70000E+00,3.50000E+02,0.00000E+00,0.00000E+00
4.70000E+00,3.50000E+02,2.00000E+00,0.00000E+00
4.70000E+00,3.70000E+02,-2.00000E+00,0.00000E+00
4.70000E+00,3.70000E+02,0.00000E+00,0.00000E+00
4.70000E+00,3.70000E+02,2.00000E+00,0.00000E+00
4.70000E+00,3.90000E+02,-2.00000E+00,0.00000E+00
4.70000E+00,3.90000E+02,0.00000E+00,0.00000E+00
4.70000E+00,3.90000E+02,2.00000E+00,0.00000E+00
4.90000E+00,1.00000E+01,-2.00000E+00,0.00000E+00
4.90000E+00,1.00000E+01,0.00000E+00,0.00000E+00
4.90000E+00,1.00000E+01,2.00000E+00,3.66834E-05
4.90000E+00,3.00000E+01,-2.00000E+00,0.00000E+00
4.90000E+00,3.00000E+01,0.00000E+00,0.00000E+00
4.90000E+00,3.00000E+01,2.00000E+00,0.00000E+00
4.90000E+00,5.00000E+01,-2.00000E+00,0.00000E+00
4.90000E+00,5.00000E+01,0.00000E+00,0.00000E+00
4.90000E+00,5.00000E+01,2.00000E+00,0.00000E+00
4.90000E+00,7.00000E+01,-2.00000E+00,0.00000E+00
4.90000E+00,7.00000E+01,0.00000E+00,0.00000E+00
4.90000E+00,7.00000E+01,2.00000E+00,0.00000E+00
4.90000E+00,9.00000E+01,-2.00000E+00,0.00000E+00
4.90000E+00,9.00000E+01,0.00000E+00,0.00000E+00
4.90000E+00,9.00000E+01,2.00000E+00,0.00000E+00
4.90000E+00,1.10000E+02,-2.00000E+00,0.00000E+00
4.90000E+00,1.10000E+02,0.00000E+00,0.00000E+00
4.90000E+00,1.10000E+02,2.00000E+00,0.00000E+00
4.90000E+00,1.30000E+02,-2.00000E+00,0.00000E+00
4.90000E+00,1.30000E+02,0.00000E+00,0.00000E+00
4.90000E+00,1.30000E+02,2.00000E+00,0.00000E+00
4.90000E+00,1.50000E+02,-2.00000E+00,0.00000E+00
4.90000E+00,1.50000E+02,0.00000E+00,0.00000E+00
4.90000E+00,1.50000E+02,2.00000E+00,0.00000E+00
4.90000E+00,1.70000E+02,-2.00000E+00,0.00000E+00
4.90000E+00,1.70000E+02,0.00000E+00,0.00000E+00
4.90000E+00,1.70000E+02,2.00000E+00,0.00000E+00
4.90000E+00,1.90000E+02,-2.00000E+00,0.00000E+00
4.90000E+00,1.90000E+02,0.00000E+00,0.00000E+00
4.90000E+00,1.90000E+02,2.00000E+00,0.00000E+00
4.90000E+00,2.10000E+02,-2.00000E+00,0.00000E+00
4.90000E+00,2.10000E+02,0.00000E+00,0.00000E+00
4.90000E+00,2.10000E+02,2.00000E+00,0.00000E+00
4.90000E+00,2.30000E+02,-2.00000E+00,0.00000E+00
4.90000E+00,2.30000E+02,0.00000E+00,0.00000E+00
4.90000E+00,2.30000E+02,2.00000E+00,0.00000E+00
4.90000E+00,2.50000E+02,-2.00000E+00,0.00000E+00
4.90000E+00,2.50000E+02,0.00000E+00,0.00000E+00
4.90000E+00,2.50000E+02,2.00000E+00,0.00000E+00
4.90000E+00,2.70000E+02,-2.00000E+00,0.00000E+00
4.90000E+00,2.70000E+02,0.00000E+00,0.00000E+00
4.90000E+00,2.70000E+02,2.00000E+00,0.00000E+00
4.90000E+00,2.90000E+02,-2.00000E+00,0.00000E+00
4.90000E+00,2.90000E+02,0.00000E+00,0.00000E+00
4.90000E+00,2.90000E+02,2.00000E+00,0.00000E+00
4.90000E+00,3.10000E+02,-2.00000E+00,0.00000E+00
4.90000E+00,3.10000E+02,0.00000E+00,0.00000E+00
4.90000E+00,3.10000E+02,2.00000E+00,0.00000E+00
4.90000E+00,3.30000E+02,-2.00000E+00,0.00000E+00
4.90000E+00,3.30000E+02,0.00000E+00,0.00000E+00
4.90000E+00,3.30000E+02,2.00000E+00,0.00000E+00
4.90000E+00,3.50000E+02,-2.00000E+00,0.00000E+00
4.90000E+00,3.50000E+02,0.00000E+00,0.00000E+00
4.90000E+00,3.50000E+02,2.00000E+00,0.00000E+00
4.90000E+00,3.70000E+02,-2.00000E+00,0.00000E+00
4.90000E+00,3.70000E+02,0.00000E+00,0.00000E+00
4.90000E+00,3.70000E+02,2.00000E+00,0.00000E+00
4.90000E+00,3.90000E+02,-2.00000E+00,0.00000E+00
4.90000E+00,3.90000E+02,0.00000E+00,0.00000E+00
4.90000E+00,3.90000E+02,2.00000E+00,0.00000E+00
5.10000E+00,1.00000E+01,-2.00000E+00,0.00000E+00
5.10000E+00,1.00000E+01,0.00000E+00,0.00000E+00
5.10000E+00,1.00000E+01,2.00000E+00,4.72345E-05
5.10000E+00,3.00000E+01,-2.00000E+00,0.00000E+00
5.10000E+00,3.00000E+01,0.00000E+00,0.00000E+00
5.10000E+00,3.00000E+01,2.00000E+00,1.09407E-07
5.10000E+00,5.00000E+01,-2.00000E+00,0.00000E+00
5.10000E+00,5.00000E+01,0.00000E+00,0.00000E+00
5.10000E+00,5.00000E+01,2.00000E+00,0.00000E+00
5.10000E+00,7.00000E+01,-2.00000E+00,0.00000E+00
5.10000E+00,7.00000E+01,0.00000E+00,0.00000E+00
5.10000E+00,7.00000E+01,2.00000E+00,0.00000E+00
5.10000E+00,9.00000E+01,-2.00000E+00,0.00000E+00
5.10000E+00,9.00000E+01,0.00000E+00,0.00000E+00
5.10000E+00,9.00000E+01,2.00000E+00,0.00000E+00
5.10000E+00,1.10000E+02,-2.00000E+00,0.00000E+00
5.10000E+00,1.10000E+02,0.00000E+00,0.00000E+00
5.10000E+00,1.10000E+02,2.00000E+00,0.00000E+00
5.10000E+00,1.30000E+02,-2.00000E+00,0.00000E+00
5.10000E+00,1.30000E+02,0.00000E+00,0.00000E+00
5.10000E+00,1.30000E+02,2.00000E+00,0.00000E+00
5.10000E+00,1.50000E+02,-2.00000E+00,0.00000E+00
5.10000E+00,1.50000E+02,0.00000E+00,0.00000E+00
5.10000E+00,1.50000E+02,2.00000E+00,0.00000E+00
5.10000E+00,1.70000E+02,-2.00000E+00,0.00000E+00
5.10000E+00,1.70000E+02,0.00000E+00,0.00000E+00
5.10000E+00,1.70000E+02,2.00000E+00,0.00000E+00
5.10000E+00,1.90000E+02,-2.00000E+00,0.00000E+00
5.10000E+00,1.90000E+02,0.00000E+00,0.00000E+00
5.10000E+00,1.90000E+02,2.00000E+00,0.00000E+00
5.10000E+00,2.10000E+02,-2.00000E+00,0.00000E+00
5.10000E+00,2.10000E+02,0.00000E+00,0.00000E+00
5.10000E+00,2.10000E+02,2.00000E+00,0.00000E+00
5.10000E+00,2.30000E+02,-2.00000E+00,0.00000E+00
5.10000E+00,2.30000E+02,0.00000E+00,0.00000E+00
5.10000E+00,2.30000E+02,2.00000E+00,0.00000E+00
5.10000E+00,2.50000E+02,-2.00000E+00,0.00000E+00
5.10000E+00,2.50000E+02,0.00000E+00,0.00000E+00
5.10000E+00,2.50000E+02,2.00000E+00,0.00000E+00
5.10000E+00,2.70000E+02,-2.00000E+00,0.00000E+00
5.10000E+00,2.70000E+02,0.00000E+00,0.00000E+00
5.10000E+00,2.70000E+02,2.00000E+00,0.00000E+00
5.10000E+00,2.90000E+02,-2.00000E+00,0.00000E+00
5.10000E+00,2.90000E+02,0.00000E+00,0.00000E+00
5.10000E+00,2.90000E+02,2.00000E+00,0.00000E+00
5.10000E+00,3.10000E+02,-2.00000E+00,0.00000E+00
5.10000E+00,3.10000E+02,0.00000E+00,0.00000E+00
5.10000E+00,3.10000E+02,2.00000E+00,0.00000E+00
5.10000E+00,3.30000E+02,-2.00000E+00,0.00000E+00
5.10000E+00,3.30000E+02,0.00000E+00,0.00000E+00
5.10000E+00,3.30000E+02,2.00000E+00,0.00000E+00
5.10000E+00,3.50000E+02,-2.00000E+00,0.00000E+00
5.10000E+00,3.50000E+02,0.00000E+00,0.00000E+00
5.10000E+00,3.50000E+02,2.00000E+00,0.00000E+00
5.10000E+00,3.70000E+02,-2.00000E+00,0.00000E+00
5.10000E+00,3.70000E+02,0.00000E+00,0.00000E+00
5.10000E+00,3.70000E+02,2.00000E+00,0.00000E+00
5.10000E+00,3.90000E+02,-2.00000E+00,0.00000E+00
5.10000E+00,3.90000E+02,0.00000E+00,0.00000E+00
5.10000E+00,3.90000E+02,2.00000E+00,0.00000E+00
5.30000E+00,1.00000E+01,-2.00000E+00,0.00000E+00
5.30000E+00,1.00000E+01,0.00000E+00,3.21462E-06
5.30000E+00,1.00000E+01,2.00000E+00,5.29870E-05
5.30000E+00,3.00000E+01,-2.00000E+00,0.00000E+00
5.30000E+00,3.00000E+01,0.00000E+00,0.00000E+00
5.30000E+00,3.00000E+01,2.00000E+00,5.68142E-07
5.30000E+00,5.00000E+01,-2.00000E+00,0.00000E+00
5.30000E+00,5.00000E+01,0.00000E+00,0.00000E+00
5.30000E+00,5.00000E+01,2.00000E+00,0.00000E+00
5.30000E+00,7.00000E+01,-2.00000E+00,0.00000E+00
5.30000E+00,7.00000E+01,0.00000E+00,0.00000E+00
5.30000E+00,7.00000E+01,2.00000E+00,0.00000E+00
5.30000E+00,9.00000E+01,-2.00000E+00,0.00000E+00
5.30000E+00,9.00000E+01,0.00000E+00,0.00000E+00
5.30000E+00,9.00000E+01,2.00000E+00,0.00000E+00
5.30000E+00,1.10000E+02,-2.00000E+00,0.00000E+00
5.30000E+00,1.10000E+02,0.00000E+00,0.00000E+00
5.30000E+00,1.10000E+02,2.00000E+00,0.00000E+00
5.30000E+00,1.30000E+02,-2.00000E+00,0.00000E+00
5.30000E+00,1.30000E+02,0.00000E+00,0.00000E+00
5.30000E+00,1.30000E+02,2.00000E+00,0.00000E+00
5.30000E+00,1.50000E+02,-2.00000E+00,0.00000E+00
5.30000E+00,1.50000E+02,0.00000E+00,0.00000E+00
5.30000E+00,1.50000E+02,2.00000E+00,0.00000E+00
5.30000E+00,1.70000E+02,-2.00000E+00,0.00000E+00
5.30000E+00,1.70000E+02,0.00000E+00,0.00000E+00
5.30000E+00,1.70000E+02,2.00000E+00,0.00000E+00
5.30000E+00,1.90000E+02,-2.00000E+00,0.00000E+00
5.30000E+00,1.90000E+02,0.00000E+00,0.00000E+00
5.30000E+00,1.90000E+02,2.00000E+00,0.00000E+00
5.30000E+00,2.10000E+02,-2.00000E+00,0.00000E+00
5.30000E+00,2.10000E+02,0.00000E+00,0.00000E+00
5.30000E+00,2.10000E+02,2.00000E+00,0.00000E+00
5.30000E+00,2.30000E+02,-2.00000E+00,0.00000E+00
5.30000E+00,2.30000E+02,0.00000E+00,0.00000E+00
5.30000E+00,2.30000E+02,2.00000E+00,0.00000E+00
5.30000E+00,2.50000E+02,-2.00000E+00,0.00000E+00
5.30000E+00,2.50000E+02,0.00000E+00,0.00000E+00
5.30000E+00,2.50000E+02,2.00000E+00,0.00000E+00
5.30000E+00,2.70000E+02,-2.00000E+00,0.00000E+00
5.30000E+00,2.70000E+02,0.00000E+00,0.00000E+00
5.30000E+00,2.70000E+02,2.00000E+00,0.00000E+00
5.30000E+00,2.90000E+02,-2.00000E+00,0.00000E+00
5.30000E+00,2.90000E+02,0.00000E+00,0.00000E+00
5.30000E+00,2.90000E+02,2.00000E+00,0.00000E+00
5.30000E+00,3.10000E+02,-2.00000E+00,0.00000E+00
5.30000E+00,3.10000E+02,0.00000E+00,0.00000E+00
5.30000E+00,3.10000E+02,2.00000E+00,0.00000E+00
5.30000E+00,3.30000E+02,-2.00000E+00,0.00000E+00
5.30000E+00,3.30000E+02,0.00000E+00,0.00000E+00
5.30000E+00,3.30000E+02,2.00000E+00,0.00000E+00
5.30000E+00,3.50000E+02,-2.00000E+00,0.00000E+00
5.30000E+00,3.50000E+02,0.00000E+00,0.00000E+00
5.30000E+00,3.50000E+02,2.00000E+00,0.00000E+00
5.30000E+00,3.70000E+02,-2.00000E+00,0.00000E+00
5.30000E+00,3.70000E+02,0.00000E+00,0.00000E+00
5.30000E+00,3.70000E+02,2.00000E+00,0.00000E+00
5.30000E+00,3.90000E+02,-2.00000E+00,0.00000E+00
5.30000E+00,3.90000E+02,0.00000E+00,0.00000E+00
5.30000E+00,3.90000E+02,2.00000E+00,0.00000E+00
5.50000E+00,1.00000E+01,-2.00000E+00,0.00000E+00
5.50000E+00,1.00000E+01,0.00000E+00,8.48939E-05
5.50000E+00,1.00000E+01,2.00000E+00,3.77695E-04
5.50000E+00,3.00000E+01,-2.00000E+00,0.00000E+00
5.50000E+00,3.00000E+01,0.00000E+00,0.00000E+00
5.50000E+00,3.00000E+01,2.00000E+00,9.70639E-06
5.50000E+00,5.00000E+01,-2.00000E+00,0.00000E+00
5.50000E+00,5.00000E+01,0.00000E+00,0.00000E+00
5.50000E+00,5.00000E+01,2.00000E+00,0.00000E+00
5.50000E+00,7.00000E+01,-2.00000E+00,0.00000E+00
5.50000E+00,7.00000E+01,0.00000E+00,0.00000E+00
5.50000E+00,7.00000E+01,2.00000E+00,0.00000E+00
5.50000E+00,9.00000E+01,-2.00000E+00,0.00000E+00
5.50000E+00,9.00000E+01,0.00000E+00,0.00000E+00
5.50000E+00,9.00000E+01,2.00000E+00,0.00000E+00
5.50000E+00,1.10000E+02,-2.00000E+00,0.00000E+00
5.50000E+00,1.10000E+02,0.00000E+00,0.00000E+00
5.50000E+00,1.10000E+02,2.00000E+00,0.00000E+00
5.50000E+00,1.30000E+02,-2.00000E+00,0.00000E+00
5.50000E+00,1.30000E+02,0.00000E+00,0.00000E+00
5.50000E+00,1.30000E+02,2.00000E+00,0.00000E+00
5.50000E+00,1.50000E+02,-2.00000E+00,0.00000E+00
5.50000E+00,1.50000E+02,0.00000E+00,0.00000E+00
5.50000E+00,1.50000E+02,2.00000E+00,0.00000E+00
5.50000E+00,1.70000E+02,-2.00000E+00,0.00000E+00
5.50000E+00,1.70000E+02,0.00000E+00,0.00000E+00
5.50000E+00,1.70000E+02,2.00000E+00,0.00000E+00
5.50000E+00,1.90000E+02,-2.00000E+00,0.00000E+00
5.50000E+00,1.90000E+02,0.00000E+00,0.00000E+00
5.50000E+00,1.90000E+02,2.00000E+00,0.00000E+00
5.50000E+00,2.10000E+02,-2.00000E+00,0.00000E+00
5.50000E+00,2.10000E+02,0.00000E+00,0.00000E+00
5.50000E+00,2.10000E+02,2.00000E+00,0.00000E+00
5.50000E+00,2.30000E+02,-2.00000E+00,0.00000E+00
5.50000E+00,2.30000E+02,0.00000E+00,0.00000E+00
5.50000E+00,2.30000E+02,2.00000E+00,0.00000E+00
5.50000E+00,2.50000E+02,-2.00000E+00,0.00000E+00
5.50000E+00,2.50000E+02,0.00000E+00,0.00000E+00
5.50000E+00,2.50000E+02,2.00000E+00,0.00000E+00
5.50000E+00,2.70000E+02,-2.00000E+00,0.00000E+00
5.50000E+00,2.70000E+02,0.00000E+00,0.00000E+00
5.50000E+00,2.70000E+02,2.00000E+00,0.00000E+00
5.50000E+00,2.90000E+02,-2.00000E+00,0.00000E+00
5.50000E+00,2.90000E+02,0.00000E+00,0.00000E+00
5.50000E+00,2.90000E+02,2.00000E+00,0.00000E+00
5.50000E+00,3.10000E+02,-2.00000E+00,0.00000E+00
5.50000E+00,3.10000E+02,0.00000E+00,0.00000E+00
5.50000E+00,3.10000E+02,2.00000E+00,0.00000E+00
5.50000E+00,3.30000E+02,-2.00000E+00,0.00000E+00
5.50000E+00,3.30000E+02,0.00000E+00,0.00000E+00
5.50000E+00,3.30000E+02,2.00000E+00,0.00000E+00
5.50000E+00,3.50000E+02,-2.00000E+00,0.00000E+00
5.50000E+00,3.50000E+02,0.00000E+00,0.00000E+00
5.50000E+00,3.50000E+02,2.00000E+00,0.00000E+00
5.50000E+00,3.70000E+02,-2.00000E+00,0.00000E+00
5.50000E+00,3.70000E+02,0.00000E+00,0.00000E+00
5.50000E+00,3.70000E+02,2.00000E+00,0.00000E+00
5.50000E+00,3.90000E+02,-2.00000E+00,0.00000E+00
5.50000E+00,3.90000E+02,0.00000E+00,0.00000E+00
5.50000E+00,3.90000E+02,2.00000E+00,0.00000E+00
5.70000E+00,1.00000E+01,-2.00000E+00,0.00000E+00
5.70000E+00,1.00000E+01,0.00000E+00,2.32930E-04
5.70000E+00,1.00000E+01,2.00000E+00,6.76595E-04
5.70000E+00,3.00000E+01,-2.00000E+00,0.00000E+00
5.70000E+00,3.00000E+01,0.00000E+00,0.00000E+00
5.70000E+00,3.00000E+01,2.00000E+00,4.71457E-05
5.70000E+00,5.00000E+01,-2.00000E+00,0.00000E+00
5.70000E+00,5.00000E+01,0.00000E+00,0.00000E+00
5.70000E+00,5.00000E+01,2.00000E+00,0.00000E+00
5.70000E+00,7.00000E+01,-2.00000E+00,0.00000E+00
5.70000E+00,7.00000E+01,0.00000E+00,0.00000E+00
5.70000E+00,7.00000E+01,2.00000E+00,0.00000E+00
5.70000E+00,9.00000E+01,-2.00000E+00,0.00000E+00
5.70000E+00,9.00000E+01,0.00000E+00,0.00000E+00
5.70000E+00,9.00000E+01,2.00000E+00,0.00000E+00
5.70000E+00,1.10000E+02,-2.00000E+00,0.00000E+00
5.70000E+00,1.10000E+02,0.00000E+00,0.00000E+00
5.70000E+00,1.10000E+02,2.00000E+00,0.00000E+00
5.70000E+00,1.30000E+02,-2.00000E+00,0.00000E+00
5.70000E+00,1.30000E+02,0.00000E+00,0.00000E+00
5.70000E+00,1.30000E+02,2.00000E+00,0.00000E+00
5.70000E+00,1.50000E+02,-2.00000E+00,0.00000E+00
5.70000E+00,1.50000E+02,0.00000E+00,0.00000E+00
5.70000E+00,1.50000E+02,2.00000E+00,0.00000E+00
5.70000E+00,1.70000E+02,-2.00000E+00,0.00000E+00
5.70000E+00,1.70000E+02,0.00000E+00,0.00000E+00
5.70000E+00,1.70000E+02,2.00000E+00,0.00000E+00
5.70000E+00,1.90000E+02,-2.00000E+00,0.00000E+00
5.70000E+00,1.90000E+02,0.00000E+00,0.00000E+00
5.70000E+00,1.90000E+02,2.00000E+00,0.00000E+00
5.70000E+00,2.10000E+02,-2.00000E+00,0.00000E+00
5.70000E+00,2.10000E+02,0.00000E+00,0.00000E+00
5.70000E+00,2.10000E+02,2.00000E+00,0.00000E+00
5.70000E+00,2.30000E+02,-2.00000E+00,0.00000E+00
5.70000E+00,2.30000E+02,0.00000E+00,0.00000E+00
5.70000E+00,2.30000E+02,2.00000E+00,0.00000E+00
5.70000E+00,2.50000E+02,-2.00000E+00,0.00000E+00
5.70000E+00,2.50000E+02,0.00000E+00,0.00000E+00
5.70000E+00,2.50000E+02,2.00000E+00,0.00000E+00
5.70000E+00,2.70000E+02,-2.00000E+00,0.00000E+00
5.70000E+00,2.70000E+02,0.00000E+00,0.00000E+00
5.70000E+00,2.70000E+02,2.00000E+00,0.00000E+00
5.70000E+00,2.90000E+02,-2.00000E+00,0.00000E+00
5.70000E+00,2.90000E+02,0.00000E+00,0.00000E+00
5.70000E+00,2.90000E+02,2.00000E+00,0.00000E+00
5.70000E+00,3.10000E+02,-2.00000E+00,0.00000E+00
5.70000E+00,3.10000E+02,0.00000E+00,0.00000E+00
5.70000E+00,3.10000E+02,2.00000E+00,0.00000E+00
5.70000E+00,3.30000E+02,-2.00000E+00,0.00000E+00
5.70000E+00,3.30000E+02,0.00000E+00,0.00000E+00
5.70000E+00,3.30000E+02,2.00000E+00,0.00000E+00
5.70000E+00,3.50000E+02,-2.00000E+00,0.00000E+00
5.70000E+00,3.50000E+02,0.00000E+00,0.00000E+00
5.70000E+00,3.50000E+02,2.00000E+00,0.00000E+00
5.70000E+00,3.70000E+02,-2.00000E+00,0.00000E+00
5.70000E+00,3.70000E+02,0.00000E+00,0.00000E+00
5.70000E+00,3.70000E+02,2.00000E+00,0.00000E+00
5.70000E+00,3.90000E+02,-2.00000E+00,0.00000E+00
5.70000E+00,3.90000E+02,0.00000E+00,0.00000E+00
5.70000E+00,3.90000E+02,2.00000E+00,0.00000E+00
5.90000E+00,1.00000E+01,-2.00000E+00,0.00000E+00
5.90000E+00,1.00000E+01,0.00000E+00,3.21686E-04
5.90000E+00,1.00000E+01,2.00000E+00,7.86357E-04
5.90000E+00,3.00000E+01,-2.00000E+00,0.00000E+00
5.90000E+00,3.00000E+01,0.00000E+00,0.00000E+00
5.90000E+00,3.00000E+01,2.00000E+00,9.70536E-05
5.90000E+00,5.00000E+01,-2.00000E+00,0.00000E+00
5.90000E+00,5.00000E+01,0.00000E+00,0.00000E+00
5.90000E+00,5.00000E+01,2.00000E+00,0.00000E+00
5.90000E+00,7.00000E+01,-2.00000E+00,0.00000E+00
5.90000E+00,7.00000E+01,0.00000E+00,0.00000E+00
5.90000E+00,7.00000E+01,2.00000E+00,0.00000E+00
5.90000E+00,9.00000E+01,-2.00000E+00,0.00000E+00
5.90000E+00,9.00000E+01,0.00000E+00,0.00000E+00
5.90000E+00,9.00000E+01,2.00000E+00,0.00000E+00
5.90000E+00,1.10000E+02,-2.00000E+00,0.00000E+00
5.90000E+00,1.10000E+02,0.00000E+00,0.00000E+00
5.90000E+00,1.10000E+02,2.00000E+00,0.00000E+00
5.90000E+00,1.30000E+02,-2.00000E+00,0.00000E+00
5.90000E+00,1.30000E+02,0.00000E+00,0.00000E+00
5.90000E+00,1.30000E+02,2.00000E+00,0.00000E+00
5.90000E+00,1.50000E+02,-2.00000E+00,0.00000E+00
5.90000E+00,1.50000E+02,0.00000E+00,0.00000E+00
5.90000E+00,1.50000E+02,2.00000E+00,0.00000E+00
5.90000E+00,1.70000E+02,-2.00000E+00,0.00000E+00
5.90000E+00,1.70000E+02,0.00000E+00,0.00000E+00
5.90000E+00,1.70000E+02,2.00000E+00,0.00000E+00
5.90000E+00,1.90000E+02,-2.00000E+00,0.00000E+00
5.90000E+00,1.90000E+02,0.00000E+00,0.00000E+00
5.90000E+00,1.90000E+02,2.00000E+00,0.00000E+00
5.90000E+00,2.10000E+02,-2.00000E+00,0.00000E+00
5.90000E+00,2.10000E+02,0.00000E+00,0.00000E+00
5.90000E+00,2.10000E+02,2.00000E+00,0.00000E+00
5.90000E+00,2.30000E+02,-2.00000E+00,0.00000E+00
5.90000E+00,2.30000E+02,0.00000E+00,0.00000E+00
5.90000E+00,2.30000E+02,2.00000E+00,0.00000E+00
5.90000E+00,2.50000E+02,-2.00000E+00,0.00000E+00
5.90000E+00,2.50000E+02,0.00000E+00,0.00000E+00
5.90000E+00,2.50000E+02,2.00000E+00,0.00000E+00
5.90000E+00,2.70000E+02,-2.00000E+00,0.00000E+00
5.90000E+00,2.70000E+02,0.00000E+00,0.00000E+00
5.90000E+00,2.70000E+02,2.00000E+00,0.00000E+00
5.90000E+00,2.90000E+02,-2.00000E+00,0.00000E+00
5.90000E+00,2.90000E+02,0.00000E+00,0.00000E+00
5.90000E+00,2.90000E+02,2.00000E+00,0.00000E+00
5.90000E+00,3.10000E+02,-2.00000E+00,0.00000E+00
5.90000E+00,3.10000E+02,0.00000E+00,0.00000E+00
5.90000E+00,3.10000E+02,2.00000E+00,0.00000E+00
5.90000E+00,3.30000E+02,-2.00000E+00,0.00000E+00
5.90000E+00,3.30000E+02,0.00000E+00,0.00000E+00
5.90000E+00,3.30000E+02,2.00000E+00,0.00000E+00
5.90000E+00,3.50000E+02,-2.00000E+00,0.00000E+00
5.90000E+00,3.50000E+02,0.00000E+00,0.00000E+00
5.90000E+00,3.50000E+02,2.00000E+00,0.00000E+00
5.90000E+00,3.70000E+02,-2.00000E+00,0.00000E+00
5.90000E+00,3.70000E+02,0.00000E+00,0.00000E+00
5.90000E+00,3.70000E+02,2.00000E+00,0.00000E+00
5.90000E+00,3.90000E+02,-2.00000E+00,0.00000E+00
5.90000E+00,3.90000E+02,0.00000E+00,0.00000E+00
5.90000E+00,3.90000E+02,2.00000E+00,0.00000E+00
6.10000E+00,1.00000E+01,-2.00000E+00,0.00000E+00
6.10000E+00,1.00000E+01,0.00000E+00,4.27278E-04
6.10000E+00,1.00000E+01,2.00000E+00,7.17932E-04
6.10000E+00,3.00000E+01,-2.00000E+00,0.00000E+00
6.10000E+00,3.00000E+01,0.00000E+00,8.03659E-08
6.10000E+00,3.00000E+01,2.00000E+00,1.63839E-04
6.10000E+00,5.00000E+01,-2.00000E+00,0.00000E+00
6.10000E+00,5.00000E+01,0.00000E+00,0.00000E+00
6.10000E+00,5.00000E+01,2.00000E+00,2.05291E-06
6.10000E+00,7.00000E+01,-2.00000E+00,0.00000E+00
6.10000E+00,7.00000E+01,0.00000E+00,0.00000E+00
6.10000E+00,7.00000E+01,2.00000E+00,0.00000E+00
6.10000E+00,9.00000E+01,-2.00000E+00,0.00000E+00
6.10000E+00,9.00000E+01,0.00000E+00,0.00000E+00
6.10000E+00,9.00000E+01,2.00000E+00,0.00000E+00
6.10000E+00,1.10000E+02,-2.00000E+00,0.00000E+00
6.10000E+00,1.10000E+02,0.00000E+00,0.00000E+00
6.10000E+00,1.10000E+02,2.00000E+00,0.00000E+00
6.10000E+00,1.30000E+02,-2.00000E+00,0.00000E+00
6.10000E+00,1.30000E+02,0.00000E+00,0.00000E+00
6.10000E+00,1.30000E+02,2.00000E+00,0.00000E+00
6.10000E+00,1.50000E+02,-2.00000E+00,0.00000E+00
6.10000E+00,1.50000E+02,0.00000E+00,0.00000E+00
6.10000E+00,1.50000E+02,2.00000E+00,0.00000E+00
6.10000E+00,1.70000E+02,-2.00000E+00,0.00000E+00
6.10000E+00,1.70000E+02,0.00000E+00,0.00000E+00
6.10000E+00,1.70000E+02,2.00000E+00,0.00000E+00
6.10000E+00,1.90000E+02,-2.00000E+00,0.00000E+00
6.10000E+00,1.90000E+02,0.00000E+00,0.00000E+00
6.10000E+00,1.90000E+02,2.00000E+00,0.00000E+00
6.10000E+00,2.10000E+02,-2.00000E+00,0.00000E+00
6.10000E+00,2.10000E+02,0.00000E+00,0.00000E+00
6.10000E+00,2.10000E+02,2.00000E+00,0.00000E+00
6.10000E+00,2.30000E+02,-2.00000E+00,0.00000E+00
6.10000E+00,2.30000E+02,0.00000E+00,0.00000E+00
6.10000E+00,2.30000E+02,2.00000E+00,0.00000E+00
6.10000E+00,2.50000E+02,-2.00000E+00,0.00000E+00
6.10000E+00,2.50000E+02,0.00000E+00,0.00000E+00
6.10000E+00,2.50000E+02,2.00000E+00,0.00000E+00
6.10000E+00,2.70000E+02,-2.00000E+00,0.00000E+00
6.10000E+00,2.70000E+02,0.00000E+00,0.00000E+00
6.10000E+00,2.70000E+02,2.00000E+00,0.00000E+00
6.10000E+00,2.90000E+02,-2.00000E+00,0.00000E+00
6.10000E+00,2.90000E+02,0.00000E+00,0.00000E+00
6.10000E+00,2.90000E+02,2.00000E+00,0.00000E+00
6.10000E+00,3.10000E+02,-2.00000E+00,0.00000E+00
6.10000E+00,3.10000E+02,0.00000E+00,0.00000E+00
6.10000E+00,3.10000E+02,2.00000E+00,0.00000E+00
6.10000E+00,3.30000E+02,-2.00000E+00,0.00000E+00
6.10000E+00,3.30000E+02,0.00000E+00,0.00000E+00
6.10000E+00,3.30000E+02,2.00000E+00,0.00000E+00
6.10000E+00,3.50000E+02,-2.00000E+00,0.00000E+00
6.10000E+00,3.50000E+02,0.00000E+00,0.00000E+00
6.10000E+00,3.50000E+02,2.00000E+00,0.00000E+00
6.10000E+00,3.70000E+02,-2.00000E+00,0.00000E+00
6.10000E+00,3.70000E+02,0.00000E+00,0.00000E+00
6.10000E+00,3.70000E+02,2.00000E+00,0.00000E+00
6.10000E+00,3.90000E+02,-2.00000E+00,0.00000E+00
6.10000E+00,3.90000E+02,0.00000E+00,0.00000E+00
6.10000E+00,3.90000E+02,2.00000E+00,0.00000E+00
6.30000E+00,1.00000E+01,-2.00000E+00,0.00000E+00
6.30000E+00,1.00000E+01,0.00000E+00,7.72760E-04
6.30000E+00,1.00000E+01,2.00000E+00,7.76827E-04
6.30000E+00,3.00000E+01,-2.00000E+00,0.00000E+00
6.30000E+00,3.00000E+01,0.00000E+00,1.17938E-07
6.30000E+00,3.00000E+01,2.00000E+00,2.60532E-04
6.30000E+00,5.00000E+01,-2.00000E+00,0.00000E+00
6.30000E+00,5.00000E+01,0.00000E+00,0.00000E+00
6.30000E+00,5.00000E+01,2.00000E+00,1.39364E-05
6.30000E+00,7.00000E+01,-2.00000E+00,0.00000E+00
6.30000E+00,7.00000E+01,0.00000E+00,0.00000E+00
6.30000E+00,7.00000E+01,2.00000E+00,0.00000E+00
6.30000E+00,9.00000E+01,-2.00000E+00,0.00000E+00
6.30000E+00,9.00000E+01,0.00000E+00,0.00000E+00
6.30000E+00,9.00000E+01,2.00000E+00,0.00000E+00
6.30000E+00,1.10000E+02,-2.00000E+00,0.00000E+00
6.30000E+00,1.10000E+02,0.00000E+00,0.00000E+00
6.30000E+00,1.10000E+02,2.00000E+00,0.00000E+00
6.30000E+00,1.30000E+02,-2.00000E+00,0.00000E+00
6.30000E+00,1.30000E+02,0.00000E+00,0.00000E+00
6.30000E+00,1.30000E+02,2.00000E+00,0.00000E+00
6.30000E+00,1.50000E+02,-2.00000E+00,0.00000E+00
6.30000E+00,1.50000E+02,0.00000E+00,0.00000E+00
6.30000E+00,1.50000E+02,2.00000E+00,0.00000E+00
6.30000E+00,1.70000E+02,-2.00000E+00,0.00000E+00
6.30000E+00,1.70000E+02,0.00000E+00,0.00000E+00
6.30000E+00,1.70000E+02,2.00000E+00,0.00000E+00
6.30000E+00,1.90000E+02,-2.00000E+00,0.00000E+00
6.30000E+00,1.90000E+02,0.00000E+00,0.00000E+00
6.30000E+00,1.90000E+02,2.00000E+00,0.00000E+00
6.30000E+00,2.10000E+02,-2.00000E+00,0.00000E+00
6.30000E+00,2.10000E+02,0.00000E+00,0.00000E+00
6.30000E+00,2.10000E+02,2.00000E+00,0.00000E+00
6.30000E+00,2.30000E+02,-2.00000E+00,0.00000E+00
6.30000E+00,2.30000E+02,0.00000E+00,0.00000E+00
6.30000E+00,2.30000E+02,2.00000E+00,0.00000E+00
6.30000E+00,2.50000E+02,-2.00000E+00,0.00000E+00
6.30000E+00,2.50000E+02,0.00000E+00,0.00000E+00
6.30000E+00,2.50000E+02,2.00000E+00,0.00000E+00
6.30000E+00,2.70000E+02,-2.00000E+00,0.00000E+00
6.30000E+00,2.70000E+02,0.00000E+00,0.00000E+00
6.30000E+00,2.70000E+02,2.00000E+00,0.00000E+00
6.30000E+00,2.90000E+02,-2.00000E+00,0.00000E+00
6.30000E+00,2.90000E+02,0.00000E+00,0.00000E+00
6.30000E+00,2.90000E+02,2.00000E+00,0.00000E+00
6.30000E+00,3.10000E+02,-2.00000E+00,0.00000E+00
6.30000E+00,3.10000E+02,0.00000E+00,0.00000E+00
6.30000E+00,3.10000E+02,2.00000E+00,0.00000E+00
6.30000E+00,3.30000E+02,-2.00000E+00,0.00000E+00
6.30000E+00,3.30000E+02,0.00000E+00,0.00000E+00
6.30000E+00,3.30000E+02,2.00000E+00,0.00000E+00
6.30000E+00,3.50000E+02,-2.00000E+00,0.00000E+00
6.30000E+00,3.50000E+02,0.00000E+00,0.00000E+00
6.30000E+00,3.50000E+02,2.00000E+00,0.00000E+00
6.30000E+00,3.70000E+02,-2.00000E+00,0.00000E+00
6.30000E+00,3.70000E+02,0.00000E+00,0.00000E+00
6.30000E+00,3.70000E+02,2.00000E+00,0.00000E+00
6.30000E+00,3.90000E+02,-2.00000E+00,0.00000E+00
6.30000E+00,3.90000E+02,0.00000E+00,0.00000E+00
6.30000E+00,3.90000E+02,2.00000E+00,0.00000E+00
6.50000E+00,1.00000E+01,-2.00000E+00,0.00000E+00
6.50000E+00,1.00000E+01,0.00000E+00,1.36096E-03
6.50000E+00,1.00000E+01,2.00000E+00,1.02230E-03
6.50000E+00,3.00000E+01,-2.00000E+00,0.00000E+00
6.50000E+00,3.00000E+01,0.00000E+00,4.04702E-07
6.50000E+00,3.00000E+01,2.00000E+00,3.59853E-04
6.50000E+00,5.00000E+01,-2.00000E+00,0.00000E+00
6.50000E+00,5.00000E+01,0.00000E+00,0.00000E+00
6.50000E+00,5.00000E+01,2.00000E+00,3.77802E-05
6.50000E+00,7.00000E+01,-2.00000E+00,0.00000E+00
6.50000E+00,7.00000E+01,0.00000E+00,0.00000E+00
6.50000E+00,7.00000E+01,2.00000E+00,7.84102E-08
6.50000E+00,9.00000E+01,-2.00000E+00,0.00000E+00
6.50000E+00,9.00000E+01,0.00000E+00,0.00000E+00
6.50000E+00,9.00000E+01,2.00000E+00,0.00000E+00
6.50000E+00,1.10000E+02,-2.00000E+00,0.00000E+00
6.50000E+00,1.10000E+02,0.00000E+00,0.00000E+00
6.50000E+00,1.10000E+02,2.00000E+00,0.00000E+00
6.50000E+00,1.30000E+02,-2.00000E+00,0.00000E+00
6.50000E+00,1.30000E+02,0.00000E+00,0.00000E+00
6.50000E+00,1.30000E+02,2.00000E+00,0.00000E+00
6.50000E+00,1.50000E+02,-2.00000E+00,0.00000E+00
6.50000E+00,1.50000E+02,0.00000E+00,0.00000E+00
6.50000E+00,1.50000E+02,2.00000E+00,0.00000E+00
6.50000E+00,1.70000E+02,-2.00000E+00,0.00000E+00
6.50000E+00,1.70000E+02,0.00000E+00,0.00000E+00
6.50000E+00,1.70000E+02,2.00000E+00,0.00000E+00
6.50000E+00,1.90000E+02,-2.00000E+00,0.00000E+00
6.50000E+00,1.90000E+02,0.00000E+00,0.00000E+00
6.50000E+00,1.90000E+02,2.00000E+00,0.00000E+00
6.50000E+00,2.10000E+02,-2.00000E+00,0.00000E+00
6.50000E+00,2.10000E+02,0.00000E+00,0.00000E+00
6.50000E+00,2.10000E+02,2.00000E+00,0.00000E+00
6.50000E+00,2.30000E+02,-2.00000E+00,0.00000E+00
6.50000E+00,2.30000E+02,0.00000E+00,0.00000E+00
6.50000E+00,2.30000E+02,2.00000E+00,0.00000E+00
6.50000E+00,2.50000E+02,-2.00000E+00,0.00000E+00
6.50000E+00,2.50000E+02,0.00000E+00,0.00000E+00
6.50000E+00,2.50000E+02,2.00000E+00,0.00000E+00
6.50000E+00,2.70000E+02,-2.00000E+00,0.00000E+00
6.50000E+00,2.70000E+02,0.00000E+00,0.00000E+00
6.50000E+00,2.70000E+02,2.00000E+00,0.00000E+00
6.50000E+00,2.90000E+02,-2.00000E+00,0.00000E+00
6.50000E+00,2.90000E+02,0.00000E+00,0.00000E+00
6.50000E+00,2.90000E+02,2.00000E+00,0.00000E+00
6.50000E+00,3.10000E+02,-2.00000E+00,0.00000E+00
6.50000E+00,3.10000E+02,0.00000E+00,0.00000E+00
6.50000E+00,3.10000E+02,2.00000E+00,0.00000E+00
6.50000E+00,3.30000E+02,-2.00000E+00,0.00000E+00
6.50000E+00,3.30000E+02,0.00000E+00,0.00000E+00
6.50000E+00,3.30000E+02,2.00000E+00,0.00000E+00
6.50000E+00,3.50000E+02,-2.00000E+00,0.00000E+00
6.50000E+00,3.50000E+02,0.00000E+00,0.00000E+00
6.50000E+00,3.50000E+02,2.00000E+00,0.00000E+00
6.50000E+00,3.70000E+02,-2.00000E+00,0.00000E+00
6.50000E+00,3.70000E+02,0.00000E+00,0.00000E+00
6.50000E+00,3.70000E+02,2.00000E+00,0.00000E+00
6.50000E+00,3.90000E+02,-2.00000E+00,0.00000E+00
6.50000E+00,3.90000E+02,0.00000E+00,0.00000E+00
6.50000E+00,3.90000E+02,2.00000E+00,0.00000E+00
6.70000E+00,1.00000E+01,-2.00000E+00,0.00000E+00
6.70000E+00,1.00000E+01,0.00000E+00,1.93672E-03
6.70000E+00,1.00000E+01,2.00000E+00,1.07091E-03
6.70000E+00,3.00000E+01,-2.00000E+00,0.00000E+00
6.70000E+00,3.00000E+01,0.00000E+00,6.12085E-06
6.70000E+00,3.00000E+01,2.00000E+00,5.60379E-04
6.70000E+00,5.00000E+01,-2.00000E+00,0.00000E+00
6.70000E+00,5.00000E+01,0.00000E+00,0.00000E+00
6.70000E+00,5.00000E+01,2.00000E+00,2.85029E-05
6.70000E+00,7.00000E+01,-2.00000E+00,0.00000E+00
6.70000E+00,7.00000E+01,0.00000E+00,0.00000E+00
6.70000E+00,7.00000E+01,2.00000E+00,1.91322E-06
6.70000E+00,9.00000E+01,-2.00000E+00,0.00000E+00
6.70000E+00,9.00000E+01,0.00000E+00,0.00000E+00
6.70000E+00,9.00000E+01,2.00000E+00,0.00000E+00
6.70000E+00,1.10000E+02,-2.00000E+00,0.00000E+00
6.70000E+00,1.10000E+02,0.00000E+00,0.00000E+00
6.70000E+00,1.10000E+02,2.00000E+00,0.00000E+00
6.70000E+00,1.30000E+02,-2.00000E+00,0.00000E+00
6.70000E+00,1.30000E+02,0.00000E+00,0.00000E+00
6.70000E+00,1.30000E+02,2.00000E+00,0.00000E+00
6.70000E+00,1.50000E+02,-2.00000E+00,0.00000E+00
6.70000E+00,1.50000E+02,0.00000E+00,0.00000E+00
6.70000E+00,1.50000E+02,2.00000E+00,0.00000E+00
6.70000E+00,1.70000E+02,-2.00000E+00,0.00000E+00
6.70000E+00,1.70000E+02,0.00000E+00,0.00000E+00
6.70000E+00,1.70000E+02,2.00000E+00,0.00000E+00
6.70000E+00,1.90000E+02,-2.00000E+00,0.00000E+00
6.70000E+00,1.90000E+02,0.00000E+00,0.00000E+00
6.70000E+00,1.90000E+02,2.00000E+00,0.00000E+00
6.70000E+00,2.10000E+02,-2.00000E+00,0.00000E+00
6.70000E+00,2.10000E+02,0.00000E+00,0.00000E+00
6.70000E+00,2.10000E+02,2.00000E+00,0.00000E+00
6.70000E+00,2.30000E+02,-2.00000E+00,0.00000E+00
6.70000E+00,2.30000E+02,0.00000E+00,0.00000E+00
6.70000E+00,2.30000E+02,2.00000E+00,0.00000E+00
6.70000E+00,2.50000E+02,-2.00000E+00,0.00000E+00
6.70000E+00,2.50000E+02,0.00000E+00,0.00000E+00
6.70000E+00,2.50000E+02,2.00000E+00,0.00000E+00
6.70000E+00,2.70000E+02,-2.00000E+00,0.00000E+00
6.70000E+00,2.70000E+02,0.00000E+00,0.00000E+00
6.70000E+00,2.70000E+02,2.00000E+00,0.00000E+00
6.70000E+00,2.90000E+02,-2.00000E+00,0.00000E+00
6.70000E+00,2.90000E+02,0.00000E+00,0.00000E+00
6.70000E+00,2.90000E+02,2.00000E+00,0.00000E+00
6.70000E+00,3.10000E+02,-2.00000E+00,0.00000E+00
6.70000E+00,3.10000E+02,0.00000E+00,0.00000E+00
6.70000E+00,3.10000E+02,2.00000E+00,0.00000E+00
6.70000E+00,3.30000E+02,-2.00000E+00,0.00000E+00
6.70000E+00,3.30000E+02,0.00000E+00,0.00000E+00
6.70000E+00,3.30000E+02,2.00000E+00,0.00000E+00
6.70000E+00,3.50000E+02,-2.00000E+00,0.00000E+00
6.70000E+00,3.50000E+02,0.00000E+00,0.00000E+00
6.70000E+00,3.50000E+02,2.00000E+00,0.00000E+00
6.70000E+00,3.70000E+02,-2.00000E+00,0.00000E+00
6.70000E+00,3.70000E+02,0.00000E+00,0.00000E+00
6.70000E+00,3.70000E+02,2.00000E+00,0.00000E+00
6.70000E+00,3.90000E+02,-2.00000E+00,0.00000E+00
6.70000E+00,3.90000E+02,0.00000E+00,0.00000E+00
6.70000E+00,3.90000E+02,2.00000E+00,0.00000E+00
6.90000E+00,1.00000E+01,-2.00000E+00,8.48357E-08
6.90000E+00,1.00000E+01,0.00000E+00,1.22549E-03
6.90000E+00,1.00000E+01,2.00000E+00,5.54042E-04
6.90000E+00,3.00000E+01,-2.00000E+00,0.00000E+00
6.90000E+00,3.00000E+01,0.00000E+00,9.25732E-05
6.90000E+00,3.00000E+01,2.00000E+00,5.44772E-04
6.90000E+00,5.00000E+01,-2.00000E+00,0.00000E+00
6.90000E+00,5.00000E+01,0.00000E+00,0.00000E+00
6.90000E+00,5.00000E+01,2.00000E+00,7.14152E-05
6.90000E+00,7.00000E+01,-2.00000E+00,0.00000E+00
6.90000E+00,7.00000E+01,0.00000E+00,0.00000E+00
6.90000E+00,7.00000E+01,2.00000E+00,2.71709E-06
6.90000E+00,9.00000E+01,-2.00000E+00,0.00000E+00
6.90000E+00,9.00000E+01,0.00000E+00,0.00000E+00
6.90000E+00,9.00000E+01,2.00000E+00,1.88778E-08
6.90000E+00,1.10000E+02,-2.00000E+00,0.00000E+00
6.90000E+00,1.10000E+02,0.00000E+00,0.00000E+00
6.90000E+00,1.10000E+02,2.00000E+00,0.00000E+00
6.90000E+00,1.30000E+02,-2.00000E+00,0.00000E+00
6.90000E+00,1.30000E+02,0.00000E+00,0.00000E+00
6.90000E+00,1.30000E+02,2.00000E+00,0.00000E+00
6.90000E+00,1.50000E+02,-2.00000E+00,0.00000E+00
6.90000E+00,1.50000E+02,0.00000E+00,0.00000E+00
6.90000E+00,1.50000E+02,2.00000E+00,0.00000E+00
6.90000E+00,1.70000E+02,-2.00000E+00,0.00000E+00
6.90000E+00,1.70000E+02,0.00000E+00,0.00000E+00
6.90000E+00,1.70000E+02,2.00000E+00,0.00000E+00
6.90000E+00,1.90000E+02,-2.00000E+00,0.00000E+00
6.90000E+00,1.90000E+02,0.00000E+00,0.00000E+00
6.90000E+00,1.90000E+02,2.00000E+00,0.00000E+00
6.90000E+00,2.10000E+02,-2.00000E+00,0.00000E+00
6.90000E+00,2.10000E+02,0.00000E+00,0.00000E+00
6.90000E+00,2.10000E+02,2.00000E+00,0.00000E+00
6.90000E+00,2.30000E+02,-2.00000E+00,0.00000E+00
6.90000E+00,2.30000E+02,0.00000E+00,0.00000E+00
6.90000E+00,2.30000E+02,2.00000E+00,0.00000E+00
6.90000E+00,2.50000E+02,-2.00000E+00,0.00000E+00
6.90000E+00,2.50000E+02,0.00000E+00,0.00000E+00
6.90000E+00,2.50000E+02,2.00000E+00,0.00000E+00
6.90000E+00,2.70000E+02,-2.00000E+00,0.00000E+00
6.90000E+00,2.70000E+02,0.00000E+00,0.00000E+00
6.90000E+00,2.70000E+02,2.00000E+00,0.00000E+00
6.90000E+00,2.90000E+02,-2.00000E+00,0.00000E+00
6.90000E+00,2.90000E+02,0.00000E+00,0.00000E+00
6.90000E+00,2.90000E+02,2.00000E+00,0.00000E+00
6.90000E+00,3.10000E+02,-2.00000E+00,0.00000E+00
6.90000E+00,3.10000E+02,0.00000E+00,0.00000E+00
6.90000E+00,3.10000E+02,2.00000E+00,0.00000E+00
6.90000E+00,3.30000E+02,-2.00000E+00,0.00000E+00
6.90000E+00,3.30000E+02,0.00000E+00,0.00000E+00
6.90000E+00,3.30000E+02,2.00000E+00,0.00000E+00
6.90000E+00,3.50000E+02,-2.00000E+00,0.00000E+00
6.90000E+00,3.50000E+02,0.00000E+00,0.00000E+00
6.90000E+00,3.50000E+02,2.00000E+00,0.00000E+00
6.90000E+00,3.70000E+02,-2.00000E+00,0.00000E+00
6.90000E+00,3.70000E+02,0.00000E+00,0.00000E+00
6.90000E+00,3.70000E+02,2.00000E+00,0.00000E+00
6.90000E+00,3.90000E+02,-2.00000E+00,0.00000E+00
6.90000E+00,3.90000E+02,0.00000E+00,0.00000E+00
6.90000E+00,3.90000E+02,2.00000E+00,0.00000E+00
7.10000E+00,1.00000E+01,-2.00000E+00,6.53889E-07
7.10000E+00,1.00000E+01,0.00000E+00,8.34726E-04
7.10000E+00,1.00000E+01,2.00000E+00,3.21909E-04
7.10000E+00,3.00000E+01,-2.00000E+00,0.00000E+00
7.10000E+00,3.00000E+01,0.00000E+00,2.64585E-04
7.10000E+00,3.00000E+01,2.00000E+00,4.65013E-04
7.10000E+00,5.00000E+01,-2.00000E+00,0.00000E+00
7.10000E+00,5.00000E+01,0.00000E+00,0.00000E+00
7.10000E+00,5.00000E+01,2.00000E+00,7.15686E-05
7.10000E+00,7.00000E+01,-2.00000E+00,0.00000E+00
7.10000E+00,7.00000E+01,0.00000E+00,0.00000E+00
7.10000E+00,7.00000E+01,2.00000E+00,2.65804E-06
7.10000E+00,9.00000E+01,-2.00000E+00,0.00000E+00
7.10000E+00,9.00000E+01,0.00000E+00,0.00000E+00
7.10000E+00,9.00000E+01,2.00000E+00,2.95958E-07
7.10000E+00,1.10000E+02,-2.00000E+00,0.00000E+00
7.10000E+00,1.10000E+02,0.00000E+00,0.00000E+00
7.10000E+00,1.10000E+02,2.00000E+00,0.00000E+00
7.10000E+00,1.30000E+02,-2.00000E+00,0.00000E+00
7.10000E+00,1.30000E+02,0.00000E+00,0.00000E+00
7.10000E+00,1.30000E+02,2.00000E+00,0.00000E+00
7.10000E+00,1.50000E+02,-2.00000E+00,0.00000E+00
7.10000E+00,1.50000E+02,0.00000E+00,0.00000E+00
7.10000E+00,1.50000E+02,2.00000E+00,0.00000E+00
7.10000E+00,1.70000E+02,-2.00000E+00,0.00000E+00
7.10000E+00,1.70000E+02,0.00000E+00,0.00000E+00
7.10000E+00,1.70000E+02,2.00000E+00,0.00000E+00
7.10000E+00,1.90000E+02,-2.00000E+00,0.00000E+00
7.10000E+00,1.90000E+02,0.00000E+00,0.00000E+00
7.10000E+00,1.90000E+02,2.00000E+00,0.00000E+00
7.10000E+00,2.10000E+02,-2.00000E+00,0.00000E+00
7.10000E+00,2.10000E+02,0.00000E+00,0.00000E+00
7.10000E+00,2.10000E+02,2.00000E+00,0.00000E+00
7.10000E+00,2.30000E+02,-2.00000E+00,0.00000E+00
7.10000E+00,2.30000E+02,0.00000E+00,0.00000E+00
7.10000E+00,2.30000E+02,2.00000E+00,0.00000E+00
7.10000E+00,2.50000E+02,-2.00000E+00,0.00000E+00
7.10000E+00,2.50000E+02,0.00000E+00,0.00000E+00
7.10000E+00,2.50000E+02,2.00000E+00,0.00000E+00
7.10000E+00,2.70000E+02,-2.00000E+00,0.00000E+00
7.10000E+00,2.70000E+02,0.00000E+00,0.00000E+00
7.10000E+00,2.70000E+02,2.00000E+00,0.00000E+00
7.10000E+00,2.90000E+02,-2.00000E+00,0.00000E+00
7.10000E+00,2.90000E+02,0.00000E+00,0.00000E+00
7.10000E+00,2.90000E+02,2.00000E+00,0.00000E+00
7.10000E+00,3.10000E+02,-2.00000E+00,0.00000E+00
7.10000E+00,3.10000E+02,0.00000E+00,0.00000E+00
7.10000E+00,3.10000E+02,2.00000E+00,0.00000E+00
7.10000E+00,3.30000E+02,-2.00000E+00,0.00000E+00
7.10000E+00,3.30000E+02,0.00000E+00,0.00000E+00
7.10000E+00,3.30000E+02,2.00000E+00,0.00000E+00
7.10000E+00,3.50000E+02,-2.00000E+00,0.00000E+00
7.10000E+00,3.50000E+02,0.00000E+00,0.00000E+00
7.10000E+00,3.50000E+02,2.00000E+00,0.00000E+00
7.10000E+00,3.70000E+02,-2.00000E+00,0.00000E+00
7.10000E+00,3.70000E+02,0.00000E+00,0.00000E+00
7.10000E+00,3.70000E+02,2.00000E+00,0.00000E+00
7.10000E+00,3.90000E+02,-2.00000E+00,0.00000E+00
7.10000E+00,3.90000E+02,0.00000E+00,0.00000E+00
7.10000E+00,3.90000E+02,2.00000E+00,0.00000E+00
7.30000E+00,1.00000E+01,-2.00000E+00,1.07207E-06
7.30000E+00,1.00000E+01,0.00000E+00,8.72684E-04
7.30000E+00,1.00000E+01,2.00000E+00,2.78995E-04
7.30000E+00,3.00000E+01,-2.00000E+00,0.00000E+00
7.30000E+00,3.00000E+01,0.00000E+00,2.73391E-04
7.30000E+00,3.00000E+01,2.00000E+00,2.31506E-04
7.30000E+00,5.00000E+01,-2.00000E+00,0.00000E+00
7.30000E+00,5.00000E+01,0.00000E+00,3.71161E-10
7.30000E+00,5.00000E+01,2.00000E+00,4.77682E-05
7.30000E+00,7.00000E+01,-2.00000E+00,0.00000E+00
7.30000E+00,7.00000E+01,0.00000E+00,0.00000E+00
7.30000E+00,7.00000E+01,2.00000E+00,1.87758E-06
7.30000E+00,9.00000E+01,-2.00000E+00,0.00000E+00
7.30000E+00,9.00000E+01,0.00000E+00,0.00000E+00
7.30000E+00,9.00000E+01,2.00000E+00,1.50799E-06
7.30000E+00,1.10000E+02,-2.00000E+00,0.00000E+00
7.30000E+00,1.10000E+02,0.00000E+00,0.00000E+00
7.30000E+00,1.10000E+02,2.00000E+00,1.52053E-07
7.30000E+00,1.30000E+02,-2.00000E+00,0.00000E+00
7.30000E+00,1.30000E+02,0.00000E+00,0.00000E+00
7.30000E+00,1.30000E+02,2.00000E+00,0.00000E+00
7.30000E+00,1.50000E+02,-2.00000E+00,0.00000E+00
7.30000E+00,1.50000E+02,0.00000E+00,0.00000E+00
7.30000E+00,1.50000E+02,2.00000E+00,0.00000E+00
7.30000E+00,1.70000E+02,-2.00000E+00,0.00000E+00
7.30000E+00,1.70000E+02,0.00000E+00,0.00000E+00
7.30000E+00,1.70000E+02,2.00000E+00,0.00000E+00
7.30000E+00,1.90000E+02,-2.00000E+00,0.00000E+00
7.30000E+00,1.90000E+02,0.00000E+00,0.00000E+00
7.30000E+00,1.90000E+02,2.00000E+00,0.00000E+00
7.30000E+00,2.10000E+02,-2.00000E+00,0.00000E+00
7.30000E+00,2.10000E+02,0.00000E+00,0.00000E+00
7.30000E+00,2.10000E+02,2.00000E+00,0.00000E+00
7.30000E+00,2.30000E+02,-2.00000E+00,0.00000E+00
7.30000E+00,2.30000E+02,0.00000E+00,0.00000E+00
7.30000E+00,2.30000E+02,2.00000E+00,0.00000E+00
7.30000E+00,2.50000E+02,-2.00000E+00,0.00000E+00
7.30000E+00,2.50000E+02,0.00000E+00,0.00000E+00
7.30000E+00,2.50000E+02,2.00000E+00,0.00000E+00
7.30000E+00,2.70000E+02,-2.00000E+00,0.00000E+00
7.30000E+00,2.70000E+02,0.00000E+00,0.00000E+00
7.30000E+00,2.70000E+02,2.00000E+00,0.00000E+00
7.30000E+00,2.90000E+02,-2.00000E+00,0.00000E+00
7.30000E+00,2.90000E+02,0.00000E+00,0.00000E+00
7.30000E+00,2.90000E+02,2.00000E+00,0.00000E+00
7.30000E+00,3.10000E+02,-2.00000E+00,0.00000E+00
7.30000E+00,3.10000E+02,0.00000E+00,0.00000E+00
7.30000E+00,3.10000E+02,2.00000E+00,0.00000E+00
7.30000E+00,3.30000E+02,-2.00000E+00,0.00000E+00
7.30000E+00,3.30000E+02,0.00000E+00,0.00000E+00
7.30000E+00,3.30000E+02,2.00000E+00,0.00000E+00
7.30000E+00,3.50000E+02,-2.00000E+00,0.00000E+00
7.30000E+00,3.50000E+02,0.00000E+00,0.00000E+00
7.30000E+00,3.50000E+02,2.00000E+00,0.00000E+00
7.30000E+00,3.70000E+02,-2.00000E+00,0.00000E+00
7.30000E+00,3.70000E+02,0.00000E+00,0.00000E+00
7.30000E+00,3.70000E+02,2.00000E+00,0.00000E+00
7.30000E+00,3.90000E+02,-2.00000E+00,0.00000E+00
7.30000E+00,3.90000E+02,0.00000E+00,0.00000E+00
7.30000E+00,3.90000E+02,2.00000E+00,0.00000E+00
7.50000E+00,1.00000E+01,-2.00000E+00,1.21034E-06
7.50000E+00,1.00000E+01,0.00000E+00,4.83598E-04
7.50000E+00,1.00000E+01,2.00000E+00,1.42180E-04
7.50000E+00,3.00000E+01,-2.00000E+00,1.09765E-09
7.50000E+00,3.00000E+01,0.00000E+00,1.51885E-04
7.50000E+00,3.00000E+01,2.00000E+00,9.51870E-05
7.50000E+00,5.00000E+01,-2.00000E+00,0.00000E+00
7.50000E+00,5.00000E+01,0.00000E+00,9.40381E-08
7.50000E+00,5.00000E+01,2.00000E+00,5.45123E-06
7.50000E+00,7.00000E+01,-2.00000E+00,0.00000E+00
7.50000E+00,7.00000E+01,0.00000E+00,0.00000E+00
7.50000E+00,7.00000E+01,2.00000E+00,2.10502E-06
7.50000E+00,9.00000E+01,-2.00000E+00,0.00000E+00
7.50000E+00,9.00000E+01,0.00000E+00,0.00000E+00
7.50000E+00,9.00000E+01,2.00000E+00,5.27158E-06
7.50000E+00,1.10000E+02,-2.00000E+00,0.00000E+00
7.50000E+00,1.10000E+02,0.00000E+00,0.00000E+00
7.50000E+00,1.10000E+02,2.00000E+00,3.69794E-07
7.50000E+00,1.30000E+02,-2.00000E+00,0.00000E+00
7.50000E+00,1.30000E+02,0.00000E+00,0.00000E+00
7.50000E+00,1.30000E+02,2.00000E+00,1.69595E-09
7.50000E+00,1.50000E+02,-2.00000E+00,0.00000E+00
7.50000E+00,1.50000E+02,0.00000E+00,0.00000E+00
7.50000E+00,1.50000E+02,2.00000E+00,0.00000E+00
7.50000E+00,1.70000E+02,-2.00000E+00,0.00000E+00
7.50000E+00,1.70000E+02,0.00000E+00,0.00000E+00
7.50000E+00,1.70000E+02,2.00000E+00,0.00000E+00
7.50000E+00,1.90000E+02,-2.00000E+00,0.00000E+00
7.50000E+00,1.90000E+02,0.00000E+00,0.00000E+00
7.50000E+00,1.90000E+02,2.00000E+00,0.00000E+00
7.50000E+00,2.10000E+02,-2.00000E+00,0.00000E+00
7.50000E+00,2.10000E+02,0.00000E+00,0.00000E+00
7.50000E+00,2.10000E+02,2.00000E+00,0.00000E+00
7.50000E+00,2.30000E+02,-2.00000E+00,0.00000E+00
7.50000E+00,2.30000E+02,0.00000E+00,0.00000E+00
7.50000E+00,2.30000E+02,2.00000E+00,0.00000E+00
7.50000E+00,2.50000E+02,-2.00000E+00,0.00000E+00
7.50000E+00,2.50000E+02,0.00000E+00,0.00000E+00
7.50000E+00,2.50000E+02,2.00000E+00,0.00000E+00
7.50000E+00,2.70000E+02,-2.00000E+00,0.00000E+00
7.50000E+00,2.70000E+02,0.00000E+00,0.00000E+00
7.50000E+00,2.70000E+02,2.00000E+00,0.00000E+00
7.50000E+00,2.90000E+02,-2.00000E+00,0.00000E+00
7.50000E+00,2.90000E+02,0.00000E+00,0.00000E+00
7.50000E+00,2.90000E+02,2.00000E+00,0.00000E+00
7.50000E+00,3.10000E+02,-2.00000E+00,0.00000E+00
7.50000E+00,3.10000E+02,0.00000E+00,0.00000E+00
7.50000E+00,3.10000E+02,2.00000E+00,0.00000E+00
7.50000E+00,3.30000E+02,-2.00000E+00,0.00000E+00
7.50000E+00,3.30000E+02,0.00000E+00,0.00000E+00
7.50000E+00,3.30000E+02,2.00000E+00,0.00000E+00
7.50000E+00,3.50000E+02,-2.00000E+00,0.00000E+00
7.50000E+00,3.50000E+02,0.00000E+00,0.00000E+00
7.50000E+00,3.50000E+02,2.00000E+00,0.00000E+00
7.50000E+00,3.70000E+02,-2.00000E+00,0.00000E+00
7.50000E+00,3.70000E+02,0.00000E+00,0.00000E+00
7.50000E+00,3.70000E+02,2.00000E+00,0.00000E+00
7.50000E+00,3.90000E+02,-2.00000E+00,0.00000E+00
7.50000E+00,3.90000E+02,0.00000E+00,0.00000E+00
7.50000E+00,3.90000E+02,2.00000E+00,0.00000E+00
7.70000E+00,1.00000E+01,-2.00000E+00,6.67313E-07
7.70000E+00,1.00000E+01,0.00000E+00,6.76056E-06
7.70000E+00,1.00000E+01,2.00000E+00,1.66225E-06
7.70000E+00,3.00000E+01,-2.00000E+00,2.58565E-09
7.70000E+00,3.00000E+01,0.00000E+00,3.46577E-06
7.70000E+00,3.00000E+01,2.00000E+00,2.15516E-06
7.70000E+00,5.00000E+01,-2.00000E+00,0.00000E+00
7.70000E+00,5.00000E+01,0.00000E+00,2.09776E-07
7.70000E+00,5.00000E+01,2.00000E+00,2.34281E-06
7.70000E+00,7.00000E+01,-2.00000E+00,0.00000E+00
7.70000E+00,7.00000E+01,0.00000E+00,0.00000E+00
7.70000E+00,7.00000E+01,2.00000E+00,1.02313E-06
7.70000E+00,9.00000E+01,-2.00000E+00,0.00000E+00
7.70000E+00,9.00000E+01,0.00000E+00,0.00000E+00
7.70000E+00,9.00000E+01,2.00000E+00,4.03101E-07
7.70000E+00,1.10000E+02,-2.00000E+00,0.00000E+00
7.70000E+00,1.10000E+02,0.00000E+00,0.00000E+00
7.70000E+00,1.10000E+02,2.00000E+00,1.22721E-07
7.70000E+00,1.30000E+02,-2.00000E+00,0.00000E+00
7.70000E+00,1.30000E+02,0.00000E+00,0.00000E+00
7.70000E+00,1.30000E+02,2.00000E+00,1.39884E-08
7.70000E+00,1.50000E+02,-2.00000E+00,0.00000E+00
7.70000E+00,1.50000E+02,0.00000E+00,0.00000E+00
7.70000E+00,1.50000E+02,2.00000E+00,0.00000E+00
7.70000E+00,1.70000E+02,-2.00000E+00,0.00000E+00
7.70000E+00,1.70000E+02,0.00000E+00,0.00000E+00
7.70000E+00,1.70000E+02,2.00000E+00,0.00000E+00
7.70000E+00,1.90000E+02,-2.00000E+00,0.00000E+00
7.70000E+00,1.90000E+02,0.00000E+00,0.00000E+00
7.70000E+00,1.90000E+02,2.00000E+00,0.00000E+00
7.70000E+00,2.10000E+02,-2.00000E+00,0.00000E+00
7.70000E+00,2.10000E+02,0.00000E+00,0.00000E+00
7.70000E+00,2.10000E+02,2.00000E+00,0.00000E+00
7.70000E+00,2.30000E+02,-2.00000E+00,0.00000E+00
7.70000E+00,2.30000E+02,0.00000E+00,0.00000E+00
7.70000E+00,2.30000E+02,2.00000E+00,0.00000E+00
7.70000E+00,2.50000E+02,-2.00000E+00,0.00000E+00
7.70000E+00,2.50000E+02,0.00000E+00,0.00000E+00
7.70000E+00,2.50000E+02,2.00000E+00,0.00000E+00
7.70000E+00,2.70000E+02,-2.00000E+00,0.00000E+00
7.70000E+00,2.70000E+02,0.00000E+00,0.00000E+00
7.70000E+00,2.70000E+02,2.00000E+00,0.00000E+00
7.70000E+00,2.90000E+02,-2.00000E+00,0.00000E+00
7.70000E+00,2.90000E+02,0.00000E+00,0.00000E+00
7.70000E+00,2.90000E+02,2.00000E+00,0.00000E+00
7.70000E+00,3.10000E+02,-2.00000E+00,0.00000E+00
7.70000E+00,3.10000E+02,0.00000E+00,0.00000E+00
7.70000E+00,3.10000E+02,2.00000E+00,0.00000E+00
7.70000E+00,3.30000E+02,-2.00000E+00,0.00000E+00
7.70000E+00,3.30000E+02,0.00000E+00,0.00000E+00
7.70000E+00,3.30000E+02,2.00000E+00,0.00000E+00
7.70000E+00,3.50000E+02,-2.00000E+00,0.00000E+00
7.70000E+00,3.50000E+02,0.00000E+00,0.00000E+00
7.70000E+00,3.50000E+02,2.00000E+00,0.00000E+00
7.70000E+00,3.70000E+02,-2.00000E+00,0.00000E+00
7.70000E+00,3.70000E+02,0.00000E+00,0.00000E+00
7.70000E+00,3.70000E+02,2.00000E+00,0.00000E+00
7.70000E+00,3.90000E+02,-2.00000E+00,0.00000E+00
7.70000E+00,3.90000E+02,0.00000E+00,0.00000E+00
7.70000E+00,3.90000E+02,2.00000E+00,0.00000E+00
7.90000E+00,1.00000E+01,-2.00000E+00,6.60945E-08
7.90000E+00,1.00000E+01,0.00000E+00,5.97745E-07
7.90000E+00,1.00000E+01,2.00000E+00,1.44414E-07
7.90000E+00,3.00000E+01,-2.00000E+00,1.17936E-09
7.90000E+00,3.00000E+01,0.00000E+00,3.39478E-07
7.90000E+00,3.00000E+01,2.00000E+00,1.72443E-07
7.90000E+00,5.00000E+01,-2.00000E+00,0.00000E+00
7.90000E+00,5.00000E+01,0.00000E+00,3.99128E-08
7.90000E+00,5.00000E+01,2.00000E+00,1.91364E-07
7.90000E+00,7.00000E+01,-2.00000E+00,0.00000E+00
7.90000E+00,7.00000E+01,0.00000E+00,0.00000E+00
7.90000E+00,7.00000E+01,2.00000E+00,1.02743E-07
7.90000E+00,9.00000E+01,-2.00000E+00,0.00000E+00
7.90000E+00,9.00000E+01,0.00000E+00,0.00000E+00
7.90000E+00,9.00000E+01,2.00000E+00,4.64917E-08
7.90000E+00,1.10000E+02,-2.00000E+00,0.00000E+00
7.90000E+00,1.10000E+02,0.00000E+00,0.00000E+00
7.90000E+00,1.10000E+02,2.00000E+00,1.71228E-08
7.90000E+00,1.30000E+02,-2.00000E+00,0.00000E+00
7.90000E+00,1.30000E+02,0.00000E+00,0.00000E+00
7.90000E+00,1.30000E+02,2.00000E+00,4.09775E-09
7.90000E+00,1.50000E+02,-2.00000E+00,0.00000E+00
7.90000E+00,1.50000E+02,0.00000E+00,0.00000E+00
7.90000E+00,1.50000E+02,2.00000E+00,5.81781E-11
7.90000E+00,1.70000E+02,-2.00000E+00,0.00000E+00
7.90000E+00,1.70000E+02,0.00000E+00,0.00000E+00
7.90000E+00,1.70000E+02,2.00000E+00,0.00000E+00
7.90000E+00,1.90000E+02,-2.00000E+00,0.00000E+00
7.90000E+00,1.90000E+02,0.00000E+00,0.00000E+00
7.90000E+00,1.90000E+02,2.00000E+00,0.00000E+00
7.90000E+00,2.10000E+02,-2.00000E+00,0.00000E+00
7.90000E+00,2.10000E+02,0.00000E+00,0.00000E+00
7.90000E+00,2.10000E+02,2.00000E+00,0.00000E+00
7.90000E+00,2.30000E+02,-2.00000E+00,0.00000E+00
7.90000E+00,2.30000E+02,0.00000E+00,0.00000E+00
7.90000E+00,2.30000E+02,2.00000E+00,0.00000E+00
7.90000E+00,2.50000E+02,-2.00000E+00,0.00000E+00
7.90000E+00,2.50000E+02,0.00000E+00,0.00000E+00
7.90000E+00,2.50000E+02,2.00000E+00,0.00000E+00
7.90000E+00,2.70000E+02,-2.00000E+00,0.00000E+00
7.90000E+00,2.70000E+02,0.00000E+00,0.00000E+00
7.90000E+00,2.70000E+02,2.00000E+00,0.00000E+00
7.90000E+00,2.90000E+02,-2.00000E+00,0.00000E+00
7.90000E+00,2.90000E+02,0.00000E+00,0.00000E+00
7.90000E+00,2.90000E+02,2.00000E+00,0.00000E+00
7.90000E+00,3.10000E+02,-2.00000E+00,0.00000E+00
7.90000E+00,3.10000E+02,0.00000E+00,0.00000E+00
7.90000E+00,3.10000E+02,2.00000E+00,0.00000E+00
7.90000E+00,3.30000E+02,-2.00000E+00,0.00000E+00
7.90000E+00,3.30000E+02,0.00000E+00,0.00000E+00
7.90000E+00,3.30000E+02,2.00000E+00,0.00000E+00
7.90000E+00,3.50000E+02,-2.00000E+00,0.00000E+00
7.90000E+00,3.50000E+02,0.00000E+00,0.00000E+00
7.90000E+00,3.50000E+02,2.00000E+00,0.00000E+00
7.90000E+00,3.70000E+02,-2.00000E+00,0.00000E+00
7.90000E+00,3.70000E+02,0.00000E+00,0.00000E+00
7.90000E+00,3.70000E+02,2.00000E+00,0.00000E+00
7.90000E+00,3.90000E+02,-2.00000E+00,0.00000E+00
7.90000E+00,3.90000E+02,0.00000E+00,0.00000E+00
7.90000E+00,3.90000E+02,2.00000E+00,0.00000E+00
8.10000E+00,1.00000E+01,-2.00000E+00,0.00000E+00
8.10000E+00,1.00000E+01,0.00000E+00,0.00000E+00
8.10000E+00,1.00000E+01,2.00000E+00,0.00000E+00
8.10000E+00,3.00000E+01,-2.00000E+00,0.00000E+00
8.10000E+00,3.00000E+01,0.00000E+00,0.00000E+00
8.10000E+00,3.00000E+01,2.00000E+00,0.00000E+00
8.10000E+00,5.00000E+01,-2.00000E+00,0.00000E+00
8.10000E+00,5.00000E+01,0.00000E+00,0.00000E+00
8.10000E+00,5.00000E+01,2.00000E+00,0.00000E+00
8.10000E+00,7.00000E+01,-2.00000E+00,0.00000E+00
8.10000E+00,7.00000E+01,0.00000E+00,0.00000E+00
8.10000E+00,7.00000E+01,2.00000E+00,0.00000E+00
8.10000E+00,9.00000E+01,-2.00000E+00,0.00000E+00
8.10000E+00,9.00000E+01,0.00000E+00,0.00000E+00
8.10000E+00,9.00000E+01,2.00000E+00,0.00000E+00
8.10000E+00,1.10000E+02,-2.00000E+00,0.00000E+00
8.10000E+00,1.10000E+02,0.00000E+00,0.00000E+00
8.10000E+00,1.10000E+02,2.00000E+00,0.00000E+00
8.10000E+00,1.30000E+02,-2.00000E+00,0.00000E+00
8.10000E+00,1.30000E+02,0.00000E+00,0.00000E+00
8.10000E+00,1.30000E+02,2.00000E+00,0.00000E+00
8.10000E+00,1.50000E+02,-2.00000E+00,0.00000E+00
8.10000E+00,1.50000E+02,0.00000E+00,0.00000E+00
8.10000E+00,1.50000E+02,2.00000E+00,0.00000E+00
8.10000E+00,1.70000E+02,-2.00000E+00,0.00000E+00
8.10000E+00,1.70000E+02,0.00000E+00,0.00000E+00
8.10000E+00,1.70000E+02,2.00000E+00,0.00000E+00
8.10000E+00,1.90000E+02,-2.00000E+00,0.00000E+00
8.10000E+00,1.90000E+02,0.00000E+00,0.00000E+00
8.10000E+00,1.90000E+02,2.00000E+00,0.00000E+00
8.10000E+00,2.10000E+02,-2.00000E+00,0.00000E+00
8.10000E+00,2.10000E+02,0.00000E+00,0.00000E+00
8.10000E+00,2.10000E+02,2.00000E+00,0.00000E+00
8.10000E+00,2.30000E+02,-2.00000E+00,0.00000E+00
8.10000E+00,2.30000E+02,0.00000E+00,0.00000E+00
8.10000E+00,2.30000E+02,2.00000E+00,0.00000E+00
8.10000E+00,2.50000E+02,-2.00000E+00,0.00000E+00
8.10000E+00,2.50000E+02,0.00000E+00,0.00000E+00
8.10000E+00,2.50000E+02,2.00000E+00,0.00000E+00
8.10000E+00,2.70000E+02,-2.00000E+00,0.00000E+00
8.10000E+00,2.70000E+02,0.00000E+00,0.00000E+00
8.10000E+00,2.70000E+02,2.00000E+00,0.00000E+00
8.10000E+00,2.90000E+02,-2.00000E+00,0.00000E+00
8.10000E+00,2.90000E+02,0.00000E+00,0.00000E+00
8.10000E+00,2.90000E+02,2.00000E+00,0.00000E+00
8.10000E+00,3.10000E+02,-2.00000E+00,0.00000E+00
8.10000E+00,3.10000E+02,0.00000E+00,0.00000E+00
8.10000E+00,3.10000E+02,2.00000E+00,0.00000E+00
8.10000E+00,3.30000E+02,-2.00000E+00,0.00000E+00
8.10000E+00,3.30000E+02,0.00000E+00,0.00000E+00
8.10000E+00,3.30000E+02,2.00000E+00,0.00000E+00
8.10000E+00,3.50000E+02,-2.00000E+00,0.00000E+00
8.10000E+00,3.50000E+02,0.00000E+00,0.00000E+00
8.10000E+00,3.50000E+02,2.00000E+00,0.00000E+00
8.10000E+00,3.70000E+02,-2.00000E+00,0.00000E+00
8.10000E+00,3.70000E+02,0.00000E+00,0.00000E+00
8.10000E+00,3.70000E+02,2.00000E+00,0.00000E+00
8.10000E+00,3.90000E+02,-2.00000E+00,0.00000E+00
8.10000E+00,3.90000E+02,0.00000E+00,0.00000E+00
8.10000E+00,3.90000E+02,2.00000E+00,0.00000E+00
8.30000E+00,1.00000E+01,-2.00000E+00,0.00000E+00
8.30000E+00,1.00000E+01,0.00000E+00,0.00000E+00
8.30000E+00,1.00000E+01,2.00000E+00,0.00000E+00
8.30000E+00,3.00000E+01,-2.00000E+00,0.00000E+00
8.30000E+00,3.00000E+01,0.00000E+00,0.00000E+00
8.30000E+00,3.00000E+01,2.00000E+00,0.00000E+00
8.30000E+00,5.00000E+01,-2.00000E+00,0.00000E+00
8.30000E+00,5.00000E+01,0.00000E+00,0.00000E+00
8.30000E+00,5.00000E+01,2.00000E+00,0.00000E+00
8.30000E+00,7.00000E+01,-2.00000E+00,0.00000E+00
8.30000E+00,7.00000E+01,0.00000E+00,0.00000E+00
8.30000E+00,7.00000E+01,2.00000E+00,0.00000E+00
8.30000E+00,9.00000E+01,-2.00000E+00,0.00000E+00
8.30000E+00,9.00000E+01,0.00000E+00,0.00000E+00
8.30000E+00,9.00000E+01,2.00000E+00,0.00000E+00
8.30000E+00,1.10000E+02,-2.00000E+00,0.00000E+00
8.30000E+00,1.10000E+02,0.00000E+00,0.00000E+00
8.30000E+00,1.10000E+02,2.00000E+00,0.00000E+00
8.30000E+00,1.30000E+02,-2.00000E+00,0.00000E+00
8.30000E+00,1.30000E+02,0.00000E+00,0.00000E+00
8.30000E+00,1.30000E+02,2.00000E+00,0.00000E+00
8.30000E+00,1.50000E+02,-2.00000E+00,0.00000E+00
8.30000E+00,1.50000E+02,0.00000E+00,0.00000E+00
8.30000E+00,1.50000E+02,2.00000E+00,0.00000E+00
8.30000E+00,1.70000E+02,-2.00000E+00,0.00000E+00
8.30000E+00,1.70000E+02,0.00000E+00,0.00000E+00
8.30000E+00,1.70000E+02,2.00000E+00,0.00000E+00
8.30000E+00,1.90000E+02,-2.00000E+00,0.00000E+00
8.30000E+00,1.90000E+02,0.00000E+00,0.00000E+00
8.30000E+00,1.90000E+02,2.00000E+00,0.00000E+00
8.30000E+00,2.10000E+02,-2.00000E+00,0.00000E+00
8.30000E+00,2.10000E+02,0.00000E+00,0.00000E+00
8.30000E+00,2.10000E+02,2.00000E+00,0.00000E+00
8.30000E+00,2.30000E+02,-2.00000E+00,0.00000E+00
8.30000E+00,2.30000E+02,0.00000E+00,0.00000E+00
8.30000E+00,2.30000E+02,2.00000E+00,0.00000E+00
8.30000E+00,2.50000E+02,-2.00000E+00,0.00000E+00
8.30000E+00,2.50000E+02,0.00000E+00,0.00000E+00
8.30000E+00,2.50000E+02,2.00000E+00,0.00000E+00
8.30000E+00,2.70000E+02,-2.00000E+00,0.00000E+00
8.30000E+00,2.70000E+02,0.00000E+00,0.00000E+00
8.30000E+00,2.70000E+02,2.00000E+00,0.00000E+00
8.30000E+00,2.90000E+02,-2.00000E+00,0.00000E+00
8.30000E+00,2.90000E+02,0.00000E+00,0.00000E+00
8.30000E+00,2.90000E+02,2.00000E+00,0.00000E+00
8.30000E+00,3.10000E+02,-2.00000E+00,0.00000E+00
8.30000E+00,3.10000E+02,0.00000E+00,0.00000E+00
8.30000E+00,3.10000E+02,2.00000E+00,0.00000E+00
8.30000E+00,3.30000E+02,-2.00000E+00,0.00000E+00
8.30000E+00,3.30000E+02,0.00000E+00,0.00000E+00
8.30000E+00,3.30000E+02,2.00000E+00,0.00000E+00
8.30000E+00,3.50000E+02,-2.00000E+00,0.00000E+00
8.30000E+00,3.50000E+02,0.00000E+00,0.00000E+00
8.30000E+00,3.50000E+02,2.00000E+00,0.00000E+00
8.30000E+00,3.70000E+02,-2.00000E+00,0.00000E+00
8.30000E+00,3.70000E+02,0.00000E+00,0.00000E+00
8.30000E+00,3.70000E+02,2.00000E+00,0.00000E+00
8.30000E+00,3.90000E+02,-2.00000E+00,0.00000E+00
8.30000E+00,3.90000E+02,0.00000E+00,0.00000E+00
8.30000E+00,3.90000E+02,2.00000E+00,0.00000E+00
8.50000E+00,1.00000E+01,-2.00000E+00,0.00000E+00
8.50000E+00,1.00000E+01,0.00000E+00,0.00000E+00
8.50000E+00,1.00000E+01,2.00000E+00,0.00000E+00
8.50000E+00,3.00000E+01,-2.00000E+00,0.00000E+00
8.50000E+00,3.00000E+01,0.00000E+00,0.00000E+00
8.50000E+00,3.00000E+01,2.00000E+00,0.00000E+00
8.50000E+00,5.00000E+01,-2.00000E+00,0.00000E+00
8.50000E+00,5.00000E+01,0.00000E+00,0.00000E+00
8.50000E+00,5.00000E+01,2.00000E+00,0.00000E+00
8.50000E+00,7.00000E+01,-2.00000E+00,0.00000E+00
8.50000E+00,7.00000E+01,0.00000E+00,0.00000E+00
8.50000E+00,7.00000E+01,2.00000E+00,0.00000E+00
8.50000E+00,9.00000E+01,-2.00000E+00,0.00000E+00
8.50000E+00,9.00000E+01,0.00000E+00,0.00000E+00
8.50000E+00,9.00000E+01,2.00000E+00,0.00000E+00
8.50000E+00,1.10000E+02,-2.00000E+00,0.00000E+00
8.50000E+00,1.10000E+02,0.00000E+00,0.00000E+00
8.50000E+00,1.10000E+02,2.00000E+00,0.00000E+00
8.50000E+00,1.30000E+02,-2.00000E+00,0.00000E+00
8.50000E+00,1.30000E+02,0.00000E+00,0.00000E+00
8.50000E+00,1.30000E+02,2.00000E+00,0.00000E+00
8.50000E+00,1.50000E+02,-2.00000E+00,0.00000E+00
8.50000E+00,1.50000E+02,0.00000E+00,0.00000E+00
8.50000E+00,1.50000E+02,2.00000E+00,0.00000E+00
8.50000E+00,1.70000E+02,-2.00000E+00,0.00000E+00
8.50000E+00,1.70000E+02,0.00000E+00,0.00000E+00
8.50000E+00,1.70000E+02,2.00000E+00,0.00000E+00
8.50000E+00,1.90000E+02,-2.00000E+00,0.00000E+00
8.50000E+00,1.90000E+02,0.00000E+00,0.00000E+00
8.50000E+00,1.90000E+02,2.00000E+00,0.00000E+00
8.50000E+00,2.10000E+02,-2.00000E+00,0.00000E+00
8.50000E+00,2.10000E+02,0.00000E+00,0.00000E+00
8.50000E+00,2.10000E+02,2.00000E+00,0.00000E+00
8.50000E+00,2.30000E+02,-2.00000E+00,0.00000E+00
8.50000E+00,2.30000E+02,0.00000E+00,0.00000E+00
8.50000E+00,2.30000E+02,2.00000E+00,0.00000E+00
8.50000E+00,2.50000E+02,-2.00000E+00,0.00000E+00
8.50000E+00,2.50000E+02,0.00000E+00,0.00000E+00
8.50000E+00,2.50000E+02,2.00000E+00,0.00000E+00
8.50000E+00,2.70000E+02,-2.00000E+00,0.00000E+00
8.50000E+00,2.70000E+02,0.00000E+00,0.00000E+00
8.50000E+00,2.70000E+02,2.00000E+00,0.00000E+00
8.50000E+00,2.90000E+02,-2.00000E+00,0.00000E+00
8.50000E+00,2.90000E+02,0.00000E+00,0.00000E+00
8.50000E+00,2.90000E+02,2.00000E+00,0.00000E+00
8.50000E+00,3.10000E+02,-2.00000E+00,0.00000E+00
8.50000E+00,3.10000E+02,0.00000E+00,0.00000E+00
8.50000E+00,3.10000E+02,2.00000E+00,0.00000E+00
8.50000E+00,3.30000E+02,-2.00000E+00,0.00000E+00
8.50000E+00,3.30000E+02,0.00000E+00,0.00000E+00
8.50000E+00,3.30000E+02,2.00000E+00,0.00000E+00
8.50000E+00,3.50000E+02,-2.00000E+00,0.00000E+00
8.50000E+00,3.50000E+02,0.00000E+00,0.00000E+00
8.50000E+00,3.50000E+02,2.00000E+00,0.00000E+00
8.50000E+00,3.70000E+02,-2.00000E+00,0.00000E+00
8.50000E+00,3.70000E+02,0.00000E+00,0.00000E+00
8.50000E+00,3.70000E+02,2.00000E+00,0.00000E+00
8.50000E+00,3.90000E+02,-2.00000E+00,0.00000E+00
8.50000E+00,3.90000E+02,0.00000E+00,0.00000E+00
8.50000E+00,3.90000E+02,2.00000E+00,0.00000E+00
8.70000E+00,1.00000E+01,-2.00000E+00,0.00000E+00
8.70000E+00,1.00000E+01,0.00000E+00,0.00000E+00
8.70000E+00,1.00000E+01,2.00000E+00,0.00000E+00
8.70000E+00,3.00000E+01,-2.00000E+00,0.00000E+00
8.70000E+00,3.00000E+01,0.00000E+00,0.00000E+00
8.70000E+00,3.00000E+01,2.00000E+00,0.00000E+00
8.70000E+00,5.00000E+01,-2.00000E+00,0.00000E+00
8.70000E+00,5.00000E+01,0.00000E+00,0.00000E+00
8.70000E+00,5.00000E+01,2.00000E+00,0.00000E+00
8.70000E+00,7.00000E+01,-2.00000E+00,0.00000E+00
8.70000E+00,7.00000E+01,0.00000E+00,0.00000E+00
8.70000E+00,7.00000E+01,2.00000E+00,0.00000E+00
8.70000E+00,9.00000E+01,-2.00000E+00,0.00000E+00
8.70000E+00,9.00000E+01,0.00000E+00,0.00000E+00
8.70000E+00,9.00000E+01,2.00000E+00,0.00000E+00
8.70000E+00,1.10000E+02,-2.00000E+00,0.00000E+00
8.70000E+00,1.10000E+02,0.00000E+00,0.00000E+00
8.70000E+00,1.10000E+02,2.00000E+00,0.00000E+00
8.70000E+00,1.30000E+02,-2.00000E+00,0.00000E+00
8.70000E+00,1.30000E+02,0.00000E+00,0.00000E+00
8.70000E+00,1.30000E+02,2.00000E+00,0.00000E+00
8.70000E+00,1.50000E+02,-2.00000E+00,0.00000E+00
8.70000E+00,1.50000E+02,0.00000E+00,0.00000E+00
8.70000E+00,1.50000E+02,2.00000E+00,0.00000E+00
8.70000E+00,1.70000E+02,-2.00000E+00,0.00000E+00
8.70000E+00,1.70000E+02,0.00000E+00,0.00000E+00
8.70000E+00,1.70000E+02,2.00000E+00,0.00000E+00
8.70000E+00,1.90000E+02,-2.00000E+00,0.00000E+00
8.70000E+00,1.90000E+02,0.00000E+00,0.00000E+00
8.70000E+00,1.90000E+02,2.00000E+00,0.00000E+00
8.70000E+00,2.10000E+02,-2.00000E+00,0.00000E+00
8.70000E+00,2.10000E+02,0.00000E+00,0.00000E+00
8.70000E+00,2.10000E+02,2.00000E+00,0.00000E+00
8.70000E+00,2.30000E+02,-2.00000E+00,0.00000E+00
8.70000E+00,2.30000E+02,0.00000E+00,0.00000E+00
8.70000E+00,2.30000E+02,2.00000E+00,0.00000E+00
8.70000E+00,2.50000E+02,-2.00000E+00,0.00000E+00
8.70000E+00,2.50000E+02,0.00000E+00,0.00000E+00
8.70000E+00,2.50000E+02,2.00000E+00,0.00000E+00
8.70000E+00,2.70000E+02,-2.00000E+00,0.00000E+00
8.70000E+00,2.70000E+02,0.00000E+00,0.00000E+00
8.70000E+00,2.70000E+02,2.00000E+00,0.00000E+00
8.70000E+00,2.90000E+02,-2.00000E+00,0.00000E+00
8.70000E+00,2.90000E+02,0.00000E+00,0.00000E+00
8.70000E+00,2.90000E+02,2.00000E+00,0.00000E+00
8.70000E+00,3.10000E+02,-2.00000E+00,0.00000E+00
8.70000E+00,3.10000E+02,0.00000E+00,0.00000E+00
8.70000E+00,3.10000E+02,2.00000E+00,0.00000E+00
8.70000E+00,3.30000E+02,-2.00000E+00,0.00000E+00
8.70000E+00,3.30000E+02,0.00000E+00,0.00000E+00
8.70000E+00,3.30000E+02,2.00000E+00,0.00000E+00
8.70000E+00,3.50000E+02,-2.00000E+00,0.00000E+00
8.70000E+00,3.50000E+02,0.00000E+00,0.00000E+00
8.70000E+00,3.50000E+02,2.00000E+00,0.00000E+00
8.70000E+00,3.70000E+02,-2.00000E+00,0.00000E+00
8.70000E+00,3.70000E+02,0.00000E+00,0.00000E+00
8.70000E+00,3.70000E+02,2.00000E+00,0.00000E+00
8.70000E+00,3.90000E+02,-2.00000E+00,0.00000E+00
8.70000E+00,3.90000E+02,0.00000E+00,0.00000E+00
8.70000E+00,3.90000E+02,2.00000E+00,0.00000E+00
8.90000E+00,1.00000E+01,-2.00000E+00,0.00000E+00
8.90000E+00,1.00000E+01,0.00000E+00,0.00000E+00
8.90000E+00,1.00000E+01,2.00000E+00,0.00000E+00
8.90000E+00,3.00000E+01,-2.00000E+00,0.00000E+00
8.90000E+00,3.00000E+01,0.00000E+00,0.00000E+00
8.90000E+00,3.00000E+01,2.00000E+00,0.00000E+00
8.90000E+00,5.00000E+01,-2.00000E+00,0.00000E+00
8.90000E+00,5.00000E+01,0.00000E+00,0.00000E+00
8.90000E+00,5.00000E+01,2.00000E+00,0.00000E+00
8.90000E+00,7.00000E+01,-2.00000E+00,0.00000E+00
8.90000E+00,7.00000E+01,0.00000E+00,0.00000E+00
8.90000E+00,7.00000E+01,2.00000E+00,0.00000E+00
8.90000E+00,9.00000E+01,-2.00000E+00,0.00000E+00
8.90000E+00,9.00000E+01,0.00000E+00,0.00000E+00
8.90000E+00,9.00000E+01,2.00000E+00,0.00000E+00
8.90000E+00,1.10000E+02,-2.00000E+00,0.00000E+00
8.90000E+00,1.10000E+02,0.00000E+00,0.00000E+00
8.90000E+00,1.10000E+02,2.00000E+00,0.00000E+00
8.90000E+00,1.30000E+02,-2.00000E+00,0.00000E+00
8.90000E+00,1.30000E+02,0.00000E+00,0.00000E+00
8.90000E+00,1.30000E+02,2.00000E+00,0.00000E+00
8.90000E+00,1.50000E+02,-2.00000E+00,0.00000E+00
8.90000E+00,1.50000E+02,0.00000E+00,0.00000E+00
8.90000E+00,1.50000E+02,2.00000E+00,0.00000E+00
8.90000E+00,1.70000E+02,-2.00000E+00,0.00000E+00
8.90000E+00,1.70000E+02,0.00000E+00,0.00000E+00
8.90000E+00,1.70000E+02,2.00000E+00,0.00000E+00
8.90000E+00,1.90000E+02,-2.00000E+00,0.00000E+00
8.90000E+00,1.90000E+02,0.00000E+00,0.00000E+00
8.90000E+00,1.90000E+02,2.00000E+00,0.00000E+00
8.90000E+00,2.10000E+02,-2.00000E+00,0.00000E+00
8.90000E+00,2.10000E+02,0.00000E+00,0.00000E+00
8.90000E+00,2.10000E+02,2.00000E+00,0.00000E+00
8.90000E+00,2.30000E+02,-2.00000E+00,0.00000E+00
8.90000E+00,2.30000E+02,0.00000E+00,0.00000E+00
8.90000E+00,2.30000E+02,2.00000E+00,0.00000E+00
8.90000E+00,2.50000E+02,-2.00000E+00,0.00000E+00
8.90000E+00,2.50000E+02,0.00000E+00,0.00000E+00
8.90000E+00,2.50000E+02,2.00000E+00,0.00000E+00
8.90000E+00,2.70000E+02,-2.00000E+00,0.00000E+00
8.90000E+00,2.70000E+02,0.00000E+00,0.00000E+00
8.90000E+00,2.70000E+02,2.00000E+00,0.00000E+00
8.90000E+00,2.90000E+02,-2.00000E+00,0.00000E+00
8.90000E+00,2.90000E+02,0.00000E+00,0.00000E+00
8.90000E+00,2.90000E+02,2.00000E+00,0.00000E+00
8.90000E+00,3.10000E+02,-2.00000E+00,0.00000E+00
8.90000E+00,3.10000E+02,0.00000E+00,0.00000E+00
8.90000E+00,3.10000E+02,2.00000E+00,0.00000E+00
8.90000E+00,3.30000E+02,-2.00000E+00,0.00000E+00
8.90000E+00,3.30000E+02,0.00000E+00,0.00000E+00
8.90000E+00,3.30000E+02,2.00000E+00,0.00000E+00
8.90000E+00,3.50000E+02,-2.00000E+00,0.00000E+00
8.90000E+00,3.50000E+02,0.00000E+00,0.00000E+00
8.90000E+00,3.50000E+02,2.00000E+00,0.00000E+00
8.90000E+00,3.70000E+02,-2.00000E+00,0.00000E+00
8.90000E+00,3.70000E+02,0.00000E+00,0.00000E+00
8.90000E+00,3.70000E+02,2.00000E+00,0.00000E+00
8.90000E+00,3.90000E+02,-2.00000E+00,0.00000E+00
8.90000E+00,3.90000E+02,0.00000E+00,0.00000E+00
8.90000E+00,3.90000E+02,2.00000E+00,0.00000E+00
9.10000E+00,1.00000E+01,-2.00000E+00,0.00000E+00
9.10000E+00,1.00000E+01,0.00000E+00,0.00000E+00
9.10000E+00,1.00000E+01,2.00000E+00,0.00000E+00
9.10000E+00,3.00000E+01,-2.00000E+00,0.00000E+00
9.10000E+00,3.00000E+01,0.00000E+00,0.00000E+00
9.10000E+00,3.00000E+01,2.00000E+00,0.00000E+00
9.10000E+00,5.00000E+01,-2.00000E+00,0.00000E+00
9.10000E+00,5.00000E+01,0.00000E+00,0.00000E+00
9.10000E+00,5.00000E+01,2.00000E+00,0.00000E+00
9.10000E+00,7.00000E+01,-2.00000E+00,0.00000E+00
9.10000E+00,7.00000E+01,0.00000E+00,0.00000E+00
9.10000E+00,7.00000E+01,2.00000E+00,0.00000E+00
9.10000E+00,9.00000E+01,-2.00000E+00,0.00000E+00
9.10000E+00,9.00000E+01,0.00000E+00,0.00000E+00
9.10000E+00,9.00000E+01,2.00000E+00,0.00000E+00
9.10000E+00,1.10000E+02,-2.00000E+00,0.00000E+00
9.10000E+00,1.10000E+02,0.00000E+00,0.00000E+00
9.10000E+00,1.10000E+02,2.00000E+00,0.00000E+00
9.10000E+00,1.30000E+02,-2.00000E+00,0.00000E+00
9.10000E+00,1.30000E+02,0.00000E+00,0.00000E+00
9.10000E+00,1.30000E+02,2.00000E+00,0.00000E+00
9.10000E+00,1.50000E+02,-2.00000E+00,0.00000E+00
9.10000E+00,1.50000E+02,0.00000E+00,0.00000E+00
9.10000E+00,1.50000E+02,2.00000E+00,0.00000E+00
9.10000E+00,1.70000E+02,-2.00000E+00,0.00000E+00
9.10000E+00,1.70000E+02,0.00000E+00,0.00000E+00
9.10000E+00,1.70000E+02,2.00000E+00,0.00000E+00
9.10000E+00,1.90000E+02,-2.00000E+00,0.00000E+00
9.10000E+00,1.90000E+02,0.00000E+00,0.00000E+00
9.10000E+00,1.90000E+02,2.00000E+00,0.00000E+00
9.10000E+00,2.10000E+02,-2.00000E+00,0.00000E+00
9.10000E+00,2.10000E+02,0.00000E+00,0.00000E+00
9.10000E+00,2.10000E+02,2.00000E+00,0.00000E+00
9.10000E+00,2.30000E+02,-2.00000E+00,0.00000E+00
9.10000E+00,2.30000E+02,0.00000E+00,0.00000E+00
9.10000E+00,2.30000E+02,2.00000E+00,0.00000E+00
9.10000E+00,2.50000E+02,-2.00000E+00,0.00000E+00
9.10000E+00,2.50000E+02,0.00000E+00,0.00000E+00
9.10000E+00,2.50000E+02,2.00000E+00,0.00000E+00
9.10000E+00,2.70000E+02,-2.00000E+00,0.00000E+00
9.10000E+00,2.70000E+02,0.00000E+00,0.00000E+00
9.10000E+00,2.70000E+02,2.00000E+00,0.00000E+00
9.10000E+00,2.90000E+02,-2.00000E+00,0.00000E+00
9.10000E+00,2.90000E+02,0.00000E+00,0.00000E+00
9.10000E+00,2.90000E+02,2.00000E+00,0.00000E+00
9.10000E+00,3.10000E+02,-2.00000E+00,0.00000E+00
9.10000E+00,3.10000E+02,0.00000E+00,0.00000E+00
9.10000E+00,3.10000E+02,2.00000E+00,0.00000E+00
9.10000E+00,3.30000E+02,-2.00000E+00,0.00000E+00
9.10000E+00,3.30000E+02,0.00000E+00,0.00000E+00
9.10000E+00,3.30000E+02,2.00000E+00,0.00000E+00
9.10000E+00,3.50000E+02,-2.00000E+00,0.00000E+00
9.10000E+00,3.50000E+02,0.00000E+00,0.00000E+00
9.10000E+00,3.50000E+02,2.00000E+00,0.00000E+00
9.10000E+00,3.70000E+02,-2.00000E+00,0.00000E+00
9.10000E+00,3.70000E+02,0.00000E+00,0.00000E+00
9.10000E+00,3.70000E+02,2.00000E+00,0.00000E+00
9.10000E+00,3.90000E+02,-2.00000E+00,0.00000E+00
9.10000E+00,3.90000E+02,0.00000E+00,0.00000E+00
9.10000E+00,3.90000E+02,2.00000E+00,0.00000E+00
9.30000E+00,1.00000E+01,-2.00000E+00,0.00000E+00
9.30000E+00,1.00000E+01,0.00000E+00,0.00000E+00
9.30000E+00,1.00000E+01,2.00000E+00,0.00000E+00
9.30000E+00,3.00000E+01,-2.00000E+00,0.00000E+00
9.30000E+00,3.00000E+01,0.00000E+00,0.00000E+00
9.30000E+00,3.00000E+01,2.00000E+00,0.00000E+00
9.30000E+00,5.00000E+01,-2.00000E+00,0.00000E+00
9.30000E+00,5.00000E+01,0.00000E+00,0.00000E+00
9.30000E+00,5.00000E+01,2.00000E+00,0.00000E+00
9.30000E+00,7.00000E+01,-2.00000E+00,0.00000E+00
9.30000E+00,7.00000E+01,0.00000E+00,0.00000E+00
9.30000E+00,7.00000E+01,2.00000E+00,0.00000E+00
9.30000E+00,9.00000E+01,-2.00000E+00,0.00000E+00
9.30000E+00,9.00000E+01,0.00000E+00,0.00000E+00
9.30000E+00,9.00000E+01,2.00000E+00,0.00000E+00
9.30000E+00,1.10000E+02,-2.00000E+00,0.00000E+00
9.30000E+00,1.10000E+02,0.00000E+00,0.00000E+00
9.30000E+00,1.10000E+02,2.00000E+00,0.00000E+00
9.30000E+00,1.30000E+02,-2.00000E+00,0.00000E+00
9.30000E+00,1.30000E+02,0.00000E+00,0.00000E+00
9.30000E+00,1.30000E+02,2.00000E+00,0.00000E+00
9.30000E+00,1.50000E+02,-2.00000E+00,0.00000E+00
9.30000E+00,1.50000E+02,0.00000E+00,0.00000E+00
9.30000E+00,1.50000E+02,2.00000E+00,0.00000E+00
9.30000E+00,1.70000E+02,-2.00000E+00,0.00000E+00
9.30000E+00,1.70000E+02,0.00000E+00,0.00000E+00
9.30000E+00,1.70000E+02,2.00000E+00,0.00000E+00
9.30000E+00,1.90000E+02,-2.00000E+00,0.00000E+00
9.30000E+00,1.90000E+02,0.00000E+00,0.00000E+00
9.30000E+00,1.90000E+02,2.00000E+00,0.00000E+00
9.30000E+00,2.10000E+02,-2.00000E+00,0.00000E+00
9.30000E+00,2.10000E+02,0.00000E+00,0.00000E+00
9.30000E+00,2.10000E+02,2.00000E+00,0.00000E+00
9.30000E+00,2.30000E+02,-2.00000E+00,0.00000E+00
9.30000E+00,2.30000E+02,0.00000E+00,0.00000E+00
9.30000E+00,2.30000E+02,2.00000E+00,0.00000E+00
9.30000E+00,2.50000E+02,-2.00000E+00,0.00000E+00
9.30000E+00,2.50000E+02,0.00000E+00,0.00000E+00
9.30000E+00,2.50000E+02,2.00000E+00,0.00000E+00
9.30000E+00,2.70000E+02,-2.00000E+00,0.00000E+00
9.30000E+00,2.70000E+02,0.00000E+00,0.00000E+00
9.30000E+00,2.70000E+02,2.00000E+00,0.00000E+00
9.30000E+00,2.90000E+02,-2.00000E+00,0.00000E+00
9.30000E+00,2.90000E+02,0.00000E+00,0.00000E+00
9.30000E+00,2.90000E+02,2.00000E+00,0.00000E+00
9.30000E+00,3.10000E+02,-2.00000E+00,0.00000E+00
9.30000E+00,3.10000E+02,0.00000E+00,0.00000E+00
9.30000E+00,3.10000E+02,2.00000E+00,0.00000E+00
9.30000E+00,3.30000E+02,-2.00000E+00,0.00000E+00
9.30000E+00,3.30000E+02,0.00000E+00,0.00000E+00
9.30000E+00,3.30000E+02,2.00000E+00,0.00000E+00
9.30000E+00,3.50000E+02,-2.00000E+00,0.00000E+00
9.30000E+00,3.50000E+02,0.00000E+00,0.00000E+00
9.30000E+00,3.50000E+02,2.00000E+00,0.00000E+00
9.30000E+00,3.70000E+02,-2.00000E+00,0.00000E+00
9.30000E+00,3.70000E+02,0.00000E+00,0.00000E+00
9.30000E+00,3.70000E+02,2.00000E+00,0.00000E+00
9.30000E+00,3.90000E+02,-2.00000E+00,0.00000E+00
9.30000E+00,3.90000E+02,0.00000E+00,0.00000E+00
9.30000E+00,3.90000E+02,2.00000E+00,0.00000E+00
9.50000E+00,1.00000E+01,-2.00000E+00,0.00000E+00
9.50000E+00,1.00000E+01,0.00000E+00,0.00000E+00
9.50000E+00,1.00000E+01,2.00000E+00,0.00000E+00
9.50000E+00,3.00000E+01,-2.00000E+00,0.00000E+00
9.50000E+00,3.00000E+01,0.00000E+00,0.00000E+00
9.50000E+00,3.00000E+01,2.00000E+00,0.00000E+00
9.50000E+00,5.00000E+01,-2.00000E+00,0.00000E+00
9.50000E+00,5.00000E+01,0.00000E+00,0.00000E+00
9.50000E+00,5.00000E+01,2.00000E+00,0.00000E+00
9.50000E+00,7.00000E+01,-2.00000E+00,0.00000E+00
9.50000E+00,7.00000E+01,0.00000E+00,0.00000E+00
9.50000E+00,7.00000E+01,2.00000E+00,0.00000E+00
9.50000E+00,9.00000E+01,-2.00000E+00,0.00000E+00
9.50000E+00,9.00000E+01,0.00000E+00,0.00000E+00
9.50000E+00,9.00000E+01,2.00000E+00,0.00000E+00
9.50000E+00,1.10000E+02,-2.00000E+00,0.00000E+00
9.50000E+00,1.10000E+02,0.00000E+00,0.00000E+00
9.50000E+00,1.10000E+02,2.00000E+00,0.00000E+00
9.50000E+00,1.30000E+02,-2.00000E+00,0.00000E+00
9.50000E+00,1.30000E+02,0.00000E+00,0.00000E+00
9.50000E+00,1.30000E+02,2.00000E+00,0.00000E+00
9.50000E+00,1.50000E+02,-2.00000E+00,0.00000E+00
9.50000E+00,1.50000E+02,0.00000E+00,0.00000E+00
9.50000E+00,1.50000E+02,2.00000E+00,0.00000E+00
9.50000E+00,1.70000E+02,-2.00000E+00,0.00000E+00
9.50000E+00,1.70000E+02,0.00000E+00,0.00000E+00
9.50000E+00,1.70000E+02,2.00000E+00,0.00000E+00
9.50000E+00,1.90000E+02,-2.00000E+00,0.00000E+00
9.50000E+00,1.90000E+02,0.00000E+00,0.00000E+00
9.50000E+00,1.90000E+02,2.00000E+00,0.00000E+00
9.50000E+00,2.10000E+02,-2.00000E+00,0.00000E+00
9.50000E+00,2.10000E+02,0.00000E+00,0.00000E+00
9.50000E+00,2.10000E+02,2.00000E+00,0.00000E+00
9.50000E+00,2.30000E+02,-2.00000E+00,0.00000E+00
9.50000E+00,2.30000E+02,0.00000E+00,0.00000E+00
9.50000E+00,2.30000E+02,2.00000E+00,0.00000E+00
9.50000E+00,2.50000E+02,-2.00000E+00,0.00000E+00
9.50000E+00,2.50000E+02,0.00000E+00,0.00000E+00
9.50000E+00,2.50000E+02,2.00000E+00,0.00000E+00
9.50000E+00,2.70000E+02,-2.00000E+00,0.00000E+00
9.50000E+00,2.70000E+02,0.00000E+00,0.00000E+00
9.50000E+00,2.70000E+02,2.00000E+00,0.00000E+00
9.50000E+00,2.90000E+02,-2.00000E+00,0.00000E+00
9.50000E+00,2.90000E+02,0.00000E+00,0.00000E+00
9.50000E+00,2.90000E+02,2.00000E+00,0.00000E+00
9.50000E+00,3.10000E+02,-2.00000E+00,0.00000E+00
9.50000E+00,3.10000E+02,0.00000E+00,0.00000E+00
9.50000E+00,3.10000E+02,2.00000E+00,0.00000E+00
9.50000E+00,3.30000E+02,-2.00000E+00,0.00000E+00
9.50000E+00,3.30000E+02,0.00000E+00,0.00000E+00
9.50000E+00,3.30000E+02,2.00000E+00,0.00000E+00
9.50000E+00,3.50000E+02,-2.00000E+00,0.00000E+00
9.50000E+00,3.50000E+02,0.00000E+00,0.00000E+00
9.50000E+00,3.50000E+02,2.00000E+00,0.00000E+00
9.50000E+00,3.70000E+02,-2.00000E+00,0.00000E+00
9.50000E+00,3.70000E+02,0.00000E+00,0.00000E+00
9.50000E+00,3.70000E+02,2.00000E+00,0.00000E+00
9.50000E+00,3.90000E+02,-2.00000E+00,0.00000E+00
9.50000E+00,3.90000E+02,0.00000E+00,0.00000E+00
9.50000E+00,3.90000E+02,2.00000E+00,0.00000E+00
9.70000E+00,1.00000E+01,-2.00000E+00,0.00000E+00
9.70000E+00,1.00000E+01,0.00000E+00,0.00000E+00
9.70000E+00,1.00000E+01,2.00000E+00,0.00000E+00
9.70000E+00,3.00000E+01,-2.00000E+00,0.00000E+00
9.70000E+00,3.00000E+01,0.00000E+00,0.00000E+00
9.70000E+00,3.00000E+01,2.00000E+00,0.00000E+00
9.70000E+00,5.00000E+01,-2.00000E+00,0.00000E+00
9.70000E+00,5.00000E+01,0.00000E+00,0.00000E+00
9.70000E+00,5.00000E+01,2.00000E+00,0.00000E+00
9.70000E+00,7.00000E+01,-2.00000E+00,0.00000E+00
9.70000E+00,7.00000E+01,0.00000E+00,0.00000E+00
9.70000E+00,7.00000E+01,2.00000E+00,0.00000E+00
9.70000E+00,9.00000E+01,-2.00000E+00,0.00000E+00
9.70000E+00,9.00000E+01,0.00000E+00,0.00000E+00
9.70000E+00,9.00000E+01,2.00000E+00,0.00000E+00
9.70000E+00,1.10000E+02,-2.00000E+00,0.00000E+00
9.70000E+00,1.10000E+02,0.00000E+00,0.00000E+00
9.70000E+00,1.10000E+02,2.00000E+00,0.00000E+00
9.70000E+00,1.30000E+02,-2.00000E+00,0.00000E+00
9.70000E+00,1.30000E+02,0.00000E+00,0.00000E+00
9.70000E+00,1.30000E+02,2.00000E+00,0.00000E+00
9.70000E+00,1.50000E+02,-2.00000E+00,0.00000E+00
9.70000E+00,1.50000E+02,0.00000E+00,0.00000E+00
9.70000E+00,1.50000E+02,2.00000E+00,0.00000E+00
9.70000E+00,1.70000E+02,-2.00000E+00,0.00000E+00
9.70000E+00,1.70000E+02,0.00000E+00,0.00000E+00
9.70000E+00,1.70000E+02,2.00000E+00,0.00000E+00
9.70000E+00,1.90000E+02,-2.00000E+00,0.00000E+00
9.70000E+00,1.90000E+02,0.00000E+00,0.00000E+00
9.70000E+00,1.90000E+02,2.00000E+00,0.00000E+00
9.70000E+00,2.10000E+02,-2.00000E+00,0.00000E+00
9.70000E+00,2.10000E+02,0.00000E+00,0.00000E+00
9.70000E+00,2.10000E+02,2.00000E+00,0.00000E+00
9.70000E+00,2.30000E+02,-2.00000E+00,0.00000E+00
9.70000E+00,2.30000E+02,0.00000E+00,0.00000E+00
9.70000E+00,2.30000E+02,2.00000E+00,0.00000E+00
9.70000E+00,2.50000E+02,-2.00000E+00,0.00000E+00
9.70000E+00,2.50000E+02,0.00000E+00,0.00000E+00
9.70000E+00,2.50000E+02,2.00000E+00,0.00000E+00
9.70000E+00,2.70000E+02,-2.00000E+00,0.00000E+00
9.70000E+00,2.70000E+02,0.00000E+00,0.00000E+00
9.70000E+00,2.70000E+02,2.00000E+00,0.00000E+00
9.70000E+00,2.90000E+02,-2.00000E+00,0.00000E+00
9.70000E+00,2.90000E+02,0.00000E+00,0.00000E+00
9.70000E+00,2.90000E+02,2.00000E+00,0.00000E+00
9.70000E+00,3.10000E+02,-2.00000E+00,0.00000E+00
9.70000E+00,3.10000E+02,0.00000E+00,0.00000E+00
9.70000E+00,3.10000E+02,2.00000E+00,0.00000E+00
9.70000E+00,3.30000E+02,-2.00000E+00,0.00000E+00
9.70000E+00,3.30000E+02,0.00000E+00,0.00000E+00
9.70000E+00,3.30000E+02,2.00000E+00,0.00000E+00
9.70000E+00,3.50000E+02,-2.00000E+00,0.00000E+00
9.70000E+00,3.50000E+02,0.00000E+00,0.00000E+00
9.70000E+00,3.50000E+02,2.00000E+00,0.00000E+00
9.70000E+00,3.70000E+02,-2.00000E+00,0.00000E+00
9.70000E+00,3.70000E+02,0.00000E+00,0.00000E+00
9.70000E+00,3.70000E+02,2.00000E+00,0.00000E+00
9.70000E+00,3.90000E+02,-2.00000E+00,0.00000E+00
9.70000E+00,3.90000E+02,0.00000E+00,0.00000E+00
9.70000E+00,3.90000E+02,2.00000E+00,0.00000E+00
