# smlt_path='b3', gsimlt_path='@_SomervilleEtAl2009NonCratonic_@', imt='SA', investigation_time=50.0, lon=148.62, lat=-36.42, poe='0.1000000', iml='8.6048945e-02'
mag,dist,eps,poe
4.50000E+00,1.00000E+01,-2.00000E+00,8.54889E-05
4.50000E+00,1.00000E+01,0.00000E+00,1.44382E-02
4.50000E+00,1.00000E+01,2.00000E+00,6.50598E-03
4.50000E+00,3.00000E+01,-2.00000E+00,0.00000E+00
4.50000E+00,3.00000E+01,0.00000E+00,0.00000E+00
4.50000E+00,3.00000E+01,2.00000E+00,2.61363E-03
4.50000E+00,5.00000E+01,-2.00000E+00,0.00000E+00
4.50000E+00,5.00000E+01,0.00000E+00,0.00000E+00
4.50000E+00,5.00000E+01,2.00000E+00,7.27742E-05
4.50000E+00,7.00000E+01,-2.00000E+00,0.00000E+00
4.50000E+00,7.00000E+01,0.00000E+00,0.00000E+00
4.50000E+00,7.00000E+01,2.00000E+00,0.00000E+00
4.50000E+00,9.00000E+01,-2.00000E+00,0.00000E+00
4.50000E+00,9.00000E+01,0.00000E+00,0.00000E+00
4.50000E+00,9.00000E+01,2.00000E+00,0.00000E+00
4.50000E+00,1.10000E+02,-2.00000E+00,0.00000E+00
4.50000E+00,1.10000E+02,0.00000E+00,0.00000E+00
4.50000E+00,1.10000E+02,2.00000E+00,0.00000E+00
4.50000E+00,1.30000E+02,-2.00000E+00,0.00000E+00
4.50000E+00,1.30000E+02,0.00000E+00,0.00000E+00
4.50000E+00,1.30000E+02,2.00000E+00,0.00000E+00
4.50000E+00,1.50000E+02,-2.00000E+00,0.00000E+00
4.50000E+00,1.50000E+02,0.00000E+00,0.00000E+00
4.50000E+00,1.50000E+02,2.00000E+00,0.00000E+00
4.50000E+00,1.70000E+02,-2.00000E+00,0.00000E+00
4.50000E+00,1.70000E+02,0.00000E+00,0.00000E+00
4.50000E+00,1.70000E+02,2.00000E+00,0.00000E+00
4.50000E+00,1.90000E+02,-2.00000E+00,0.00000E+00
4.50000E+00,1.90000E+02,0.00000E+00,0.00000E+00
4.50000E+00,1.90000E+02,2.00000E+00,0.00000E+00
4.50000E+00,2.10000E+02,-2.00000E+00,0.00000E+00
4.50000E+00,2.10000E+02,0.00000E+00,0.00000E+00
4.50000E+00,2.10000E+02,2.00000E+00,0.00000E+00
4.50000E+00,2.30000E+02,-2.00000E+00,0.00000E+00
4.50000E+00,2.30000E+02,0.00000E+00,0.00000E+00
4.50000E+00,2.30000E+02,2.00000E+00,0.00000E+00
4.50000E+00,2.50000E+02,-2.00000E+00,0.00000E+00
4.50000E+00,2.50000E+02,0.00000E+00,0.00000E+00
4.50000E+00,2.50000E+02,2.00000E+00,0.00000E+00
4.50000E+00,2.70000E+02,-2.00000E+00,0.00000E+00
4.50000E+00,2.70000E+02,0.00000E+00,0.00000E+00
4.50000E+00,2.70000E+02,2.00000E+00,0.00000E+00
4.50000E+00,2.90000E+02,-2.00000E+00,0.00000E+00
4.50000E+00,2.90000E+02,0.00000E+00,0.00000E+00
4.50000E+00,2.90000E+02,2.00000E+00,0.00000E+00
4.50000E+00,3.10000E+02,-2.00000E+00,0.00000E+00
4.50000E+00,3.10000E+02,0.00000E+00,0.00000E+00
4.50000E+00,3.10000E+02,2.00000E+00,0.00000E+00
4.50000E+00,3.30000E+02,-2.00000E+00,0.00000E+00
4.50000E+00,3.30000E+02,0.00000E+00,0.00000E+00
4.50000E+00,3.30000E+02,2.00000E+00,0.00000E+00
4.50000E+00,3.50000E+02,-2.00000E+00,0.00000E+00
4.50000E+00,3.50000E+02,0.00000E+00,0.00000E+00
4.50000E+00,3.50000E+02,2.00000E+00,0.00000E+00
4.50000E+00,3.70000E+02,-2.00000E+00,0.00000E+00
4.50000E+00,3.70000E+02,0.00000E+00,0.00000E+00
4.50000E+00,3.70000E+02,2.00000E+00,0.00000E+00
4.50000E+00,3.90000E+02,-2.00000E+00,0.00000E+00
4.50000E+00,3.90000E+02,0.00000E+00,0.00000E+00
4.50000E+00,3.90000E+02,2.00000E+00,0.00000E+00
4.70000E+00,1.00000E+01,-2.00000E+00,4.28321E-04
4.70000E+00,1.00000E+01,0.00000E+00,2.43396E-02
4.70000E+00,1.00000E+01,2.00000E+00,8.60240E-03
4.70000E+00,3.00000E+01,-2.00000E+00,0.00000E+00
4.70000E+00,3.00000E+01,0.00000E+00,9.22833E-04
4.70000E+00,3.00000E+01,2.00000E+00,5.28105E-03
4.70000E+00,5.00000E+01,-2.00000E+00,0.00000E+00
4.70000E+00,5.00000E+01,0.00000E+00,0.00000E+00
4.70000E+00,5.00000E+01,2.00000E+00,3.34371E-04
4.70000E+00,7.00000E+01,-2.00000E+00,0.00000E+00
4.70000E+00,7.00000E+01,0.00000E+00,0.00000E+00
4.70000E+00,7.00000E+01,2.00000E+00,4.08204E-06
4.70000E+00,9.00000E+01,-2.00000E+00,0.00000E+00
4.70000E+00,9.00000E+01,0.00000E+00,0.00000E+00
4.70000E+00,9.00000E+01,2.00000E+00,0.00000E+00
4.70000E+00,1.10000E+02,-2.00000E+00,0.00000E+00
4.70000E+00,1.10000E+02,0.00000E+00,0.00000E+00
4.70000E+00,1.10000E+02,2.00000E+00,0.00000E+00
4.70000E+00,1.30000E+02,-2.00000E+00,0.00000E+00
4.70000E+00,1.30000E+02,0.00000E+00,0.00000E+00
4.70000E+00,1.30000E+02,2.00000E+00,0.00000E+00
4.70000E+00,1.50000E+02,-2.00000E+00,0.00000E+00
4.70000E+00,1.50000E+02,0.00000E+00,0.00000E+00
4.70000E+00,1.50000E+02,2.00000E+00,0.00000E+00
4.70000E+00,1.70000E+02,-2.00000E+00,0.00000E+00
4.70000E+00,1.70000E+02,0.00000E+00,0.00000E+00
4.70000E+00,1.70000E+02,2.00000E+00,0.00000E+00
4.70000E+00,1.90000E+02,-2.00000E+00,0.00000E+00
4.70000E+00,1.90000E+02,0.00000E+00,0.00000E+00
4.70000E+00,1.90000E+02,2.00000E+00,0.00000E+00
4.70000E+00,2.10000E+02,-2.00000E+00,0.00000E+00
4.70000E+00,2.10000E+02,0.00000E+00,0.00000E+00
4.70000E+00,2.10000E+02,2.00000E+00,0.00000E+00
4.70000E+00,2.30000E+02,-2.00000E+00,0.00000E+00
4.70000E+00,2.30000E+02,0.00000E+00,0.00000E+00
4.70000E+00,2.30000E+02,2.00000E+00,0.00000E+00
4.70000E+00,2.50000E+02,-2.00000E+00,0.00000E+00
4.70000E+00,2.50000E+02,0.00000E+00,0.00000E+00
4.70000E+00,2.50000E+02,2.00000E+00,0.00000E+00
4.70000E+00,2.70000E+02,-2.00000E+00,0.00000E+00
4.70000E+00,2.70000E+02,0.00000E+00,0.00000E+00
4.70000E+00,2.70000E+02,2.00000E+00,0.00000E+00
4.70000E+00,2.90000E+02,-2.00000E+00,0.00000E+00
4.70000E+00,2.90000E+02,0.00000E+00,0.00000E+00
4.70000E+00,2.90000E+02,2.00000E+00,0.00000E+00
4.70000E+00,3.10000E+02,-2.00000E+00,0.00000E+00
4.70000E+00,3.10000E+02,0.00000E+00,0.00000E+00
4.70000E+00,3.10000E+02,2.00000E+00,0.00000E+00
4.70000E+00,3.30000E+02,-2.00000E+00,0.00000E+00
4.70000E+00,3.30000E+02,0.00000E+00,0.00000E+00
4.70000E+00,3.30000E+02,2.00000E+00,0.00000E+00
4.70000E+00,3.50000E+02,-2.00000E+00,0.00000E+00
4.70000E+00,3.50000E+02,0.00000E+00,0.00000E+00
4.70000E+00,3.50000E+02,2.00000E+00,0.00000E+00
4.70000E+00,3.70000E+02,-2.00000E+00,0.00000E+00
4.70000E+00,3.70000E+02,0.00000E+00,0.00000E+00
4.70000E+00,3.70000E+02,2.00000E+00,0.00000E+00
4.70000E+00,3.90000E+02,-2.00000E+00,0.00000E+00
4.70000E+00,3.90000E+02,0.00000E+00,0.00000E+00
4.70000E+00,3.90000E+02,2.00000E+00,0.00000E+00
4.90000E+00,1.00000E+01,-2.00000E+00,9.12207E-04
4.90000E+00,1.00000E+01,0.00000E+00,1.73278E-02
4.90000E+00,1.00000E+01,2.00000E+00,4.94034E-03
4.90000E+00,3.00000E+01,-2.00000E+00,0.00000E+00
4.90000E+00,3.00000E+01,0.00000E+00,2.36315E-03
4.90000E+00,3.00000E+01,2.00000E+00,4.29263E-03
4.90000E+00,5.00000E+01,-2.00000E+00,0.00000E+00
4.90000E+00,5.00000E+01,0.00000E+00,0.00000E+00
4.90000E+00,5.00000E+01,2.00000E+00,6.27647E-04
4.90000E+00,7.00000E+01,-2.00000E+00,0.00000E+00
4.90000E+00,7.00000E+01,0.00000E+00,0.00000E+00
4.90000E+00,7.00000E+01,2.00000E+00,5.20200E-05
4.90000E+00,9.00000E+01,-2.00000E+00,0.00000E+00
4.90000E+00,9.00000E+01,0.00000E+00,0.00000E+00
4.90000E+00,9.00000E+01,2.00000E+00,6.48588E-08
4.90000E+00,1.10000E+02,-2.00000E+00,0.00000E+00
4.90000E+00,1.10000E+02,0.00000E+00,0.00000E+00
4.90000E+00,1.10000E+02,2.00000E+00,0.00000E+00
4.90000E+00,1.30000E+02,-2.00000E+00,0.00000E+00
4.90000E+00,1.30000E+02,0.00000E+00,0.00000E+00
4.90000E+00,1.30000E+02,2.00000E+00,0.00000E+00
4.90000E+00,1.50000E+02,-2.00000E+00,0.00000E+00
4.90000E+00,1.50000E+02,0.00000E+00,0.00000E+00
4.90000E+00,1.50000E+02,2.00000E+00,0.00000E+00
4.90000E+00,1.70000E+02,-2.00000E+00,0.00000E+00
4.90000E+00,1.70000E+02,0.00000E+00,0.00000E+00
4.90000E+00,1.70000E+02,2.00000E+00,0.00000E+00
4.90000E+00,1.90000E+02,-2.00000E+00,0.00000E+00
4.90000E+00,1.90000E+02,0.00000E+00,0.00000E+00
4.90000E+00,1.90000E+02,2.00000E+00,0.00000E+00
4.90000E+00,2.10000E+02,-2.00000E+00,0.00000E+00
4.90000E+00,2.10000E+02,0.00000E+00,0.00000E+00
4.90000E+00,2.10000E+02,2.00000E+00,0.00000E+00
4.90000E+00,2.30000E+02,-2.00000E+00,0.00000E+00
4.90000E+00,2.30000E+02,0.00000E+00,0.00000E+00
4.90000E+00,2.30000E+02,2.00000E+00,0.00000E+00
4.90000E+00,2.50000E+02,-2.00000E+00,0.00000E+00
4.90000E+00,2.50000E+02,0.00000E+00,0.00000E+00
4.90000E+00,2.50000E+02,2.00000E+00,0.00000E+00
4.90000E+00,2.70000E+02,-2.00000E+00,0.00000E+00
4.90000E+00,2.70000E+02,0.00000E+00,0.00000E+00
4.90000E+00,2.70000E+02,2.00000E+00,0.00000E+00
4.90000E+00,2.90000E+02,-2.00000E+00,0.00000E+00
4.90000E+00,2.90000E+02,0.00000E+00,0.00000E+00
4.90000E+00,2.90000E+02,2.00000E+00,0.00000E+00
4.90000E+00,3.10000E+02,-2.00000E+00,0.00000E+00
4.90000E+00,3.10000E+02,0.00000E+00,0.00000E+00
4.90000E+00,3.10000E+02,2.00000E+00,0.00000E+00
4.90000E+00,3.30000E+02,-2.00000E+00,0.00000E+00
4.90000E+00,3.30000E+02,0.00000E+00,0.00000E+00
4.90000E+00,3.30000E+02,2.00000E+00,0.00000E+00
4.90000E+00,3.50000E+02,-2.00000E+00,0.00000E+00
4.90000E+00,3.50000E+02,0.00000E+00,0.00000E+00
4.90000E+00,3.50000E+02,2.00000E+00,0.00000E+00
4.90000E+00,3.70000E+02,-2.00000E+00,0.00000E+00
4.90000E+00,3.70000E+02,0.00000E+00,0.00000E+00
4.90000E+00,3.70000E+02,2.00000E+00,0.00000E+00
4.90000E+00,3.90000E+02,-2.00000E+00,0.00000E+00
4.90000E+00,3.90000E+02,0.00000E+00,0.00000E+00
4.90000E+00,3.90000E+02,2.00000E+00,0.00000E+00
5.10000E+00,1.00000E+01,-2.00000E+00,1.03755E-03
5.10000E+00,1.00000E+01,0.00000E+00,1.13746E-02
5.10000E+00,1.00000E+01,2.00000E+00,2.88370E-03
5.10000E+00,3.00000E+01,-2.00000E+00,0.00000E+00
5.10000E+00,3.00000E+01,0.00000E+00,3.25401E-03
5.10000E+00,3.00000E+01,2.00000E+00,2.76930E-03
5.10000E+00,5.00000E+01,-2.00000E+00,0.00000E+00
5.10000E+00,5.00000E+01,0.00000E+00,0.00000E+00
5.10000E+00,5.00000E+01,2.00000E+00,8.94255E-04
5.10000E+00,7.00000E+01,-2.00000E+00,0.00000E+00
5.10000E+00,7.00000E+01,0.00000E+00,0.00000E+00
5.10000E+00,7.00000E+01,2.00000E+00,1.49412E-04
5.10000E+00,9.00000E+01,-2.00000E+00,0.00000E+00
5.10000E+00,9.00000E+01,0.00000E+00,0.00000E+00
5.10000E+00,9.00000E+01,2.00000E+00,1.48843E-05
5.10000E+00,1.10000E+02,-2.00000E+00,0.00000E+00
5.10000E+00,1.10000E+02,0.00000E+00,0.00000E+00
5.10000E+00,1.10000E+02,2.00000E+00,0.00000E+00
5.10000E+00,1.30000E+02,-2.00000E+00,0.00000E+00
5.10000E+00,1.30000E+02,0.00000E+00,0.00000E+00
5.10000E+00,1.30000E+02,2.00000E+00,0.00000E+00
5.10000E+00,1.50000E+02,-2.00000E+00,0.00000E+00
5.10000E+00,1.50000E+02,0.00000E+00,0.00000E+00
5.10000E+00,1.50000E+02,2.00000E+00,0.00000E+00
5.10000E+00,1.70000E+02,-2.00000E+00,0.00000E+00
5.10000E+00,1.70000E+02,0.00000E+00,0.00000E+00
5.10000E+00,1.70000E+02,2.00000E+00,0.00000E+00
5.10000E+00,1.90000E+02,-2.00000E+00,0.00000E+00
5.10000E+00,1.90000E+02,0.00000E+00,0.00000E+00
5.10000E+00,1.90000E+02,2.00000E+00,0.00000E+00
5.10000E+00,2.10000E+02,-2.00000E+00,0.00000E+00
5.10000E+00,2.10000E+02,0.00000E+00,0.00000E+00
5.10000E+00,2.10000E+02,2.00000E+00,0.00000E+00
5.10000E+00,2.30000E+02,-2.00000E+00,0.00000E+00
5.10000E+00,2.30000E+02,0.00000E+00,0.00000E+00
5.10000E+00,2.30000E+02,2.00000E+00,0.00000E+00
5.10000E+00,2.50000E+02,-2.00000E+00,0.00000E+00
5.10000E+00,2.50000E+02,0.00000E+00,0.00000E+00
5.10000E+00,2.50000E+02,2.00000E+00,0.00000E+00
5.10000E+00,2.70000E+02,-2.00000E+00,0.00000E+00
5.10000E+00,2.70000E+02,0.00000E+00,0.00000E+00
5.10000E+00,2.70000E+02,2.00000E+00,0.00000E+00
5.10000E+00,2.90000E+02,-2.00000E+00,0.00000E+00
5.10000E+00,2.90000E+02,0.00000E+00,0.00000E+00
5.10000E+00,2.90000E+02,2.00000E+00,0.00000E+00
5.10000E+00,3.10000E+02,-2.00000E+00,0.00000E+00
5.10000E+00,3.10000E+02,0.00000E+00,0.00000E+00
5.10000E+00,3.10000E+02,2.00000E+00,0.00000E+00
5.10000E+00,3.30000E+02,-2.00000E+00,0.00000E+00
5.10000E+00,3.30000E+02,0.00000E+00,0.00000E+00
5.10000E+00,3.30000E+02,2.00000E+00,0.00000E+00
5.10000E+00,3.50000E+02,-2.00000E+00,0.00000E+00
5.10000E+00,3.50000E+02,0.00000E+00,0.00000E+00
5.10000E+00,3.50000E+02,2.00000E+00,0.00000E+00
5.10000E+00,3.70000E+02,-2.00000E+00,0.00000E+00
5.10000E+00,3.70000E+02,0.00000E+00,0.00000E+00
5.10000E+00,3.70000E+02,2.00000E+00,0.00000E+00
5.10000E+00,3.90000E+02,-2.00000E+00,0.00000E+00
5.10000E+00,3.90000E+02,0.00000E+00,0.00000E+00
5.10000E+00,3.90000E+02,2.00000E+00,0.00000E+00
5.30000E+00,1.00000E+01,-2.00000E+00,8.98178E-04
5.30000E+00,1.00000E+01,0.00000E+00,7.62120E-03
5.30000E+00,1.00000E+01,2.00000E+00,1.83786E-03
5.30000E+00,3.00000E+01,-2.00000E+00,0.00000E+00
5.30000E+00,3.00000E+01,0.00000E+00,2.74971E-03
5.30000E+00,3.00000E+01,2.00000E+00,1.46068E-03
5.30000E+00,5.00000E+01,-2.00000E+00,0.00000E+00
5.30000E+00,5.00000E+01,0.00000E+00,1.18639E-04
5.30000E+00,5.00000E+01,2.00000E+00,8.82359E-04
5.30000E+00,7.00000E+01,-2.00000E+00,0.00000E+00
5.30000E+00,7.00000E+01,0.00000E+00,0.00000E+00
5.30000E+00,7.00000E+01,2.00000E+00,2.64783E-04
5.30000E+00,9.00000E+01,-2.00000E+00,0.00000E+00
5.30000E+00,9.00000E+01,0.00000E+00,0.00000E+00
5.30000E+00,9.00000E+01,2.00000E+00,6.34000E-05
5.30000E+00,1.10000E+02,-2.00000E+00,0.00000E+00
5.30000E+00,1.10000E+02,0.00000E+00,0.00000E+00
5.30000E+00,1.10000E+02,2.00000E+00,5.52822E-06
5.30000E+00,1.30000E+02,-2.00000E+00,0.00000E+00
5.30000E+00,1.30000E+02,0.00000E+00,0.00000E+00
5.30000E+00,1.30000E+02,2.00000E+00,0.00000E+00
5.30000E+00,1.50000E+02,-2.00000E+00,0.00000E+00
5.30000E+00,1.50000E+02,0.00000E+00,0.00000E+00
5.30000E+00,1.50000E+02,2.00000E+00,0.00000E+00
5.30000E+00,1.70000E+02,-2.00000E+00,0.00000E+00
5.30000E+00,1.70000E+02,0.00000E+00,0.00000E+00
5.30000E+00,1.70000E+02,2.00000E+00,0.00000E+00
5.30000E+00,1.90000E+02,-2.00000E+00,0.00000E+00
5.30000E+00,1.90000E+02,0.00000E+00,0.00000E+00
5.30000E+00,1.90000E+02,2.00000E+00,0.00000E+00
5.30000E+00,2.10000E+02,-2.00000E+00,0.00000E+00
5.30000E+00,2.10000E+02,0.00000E+00,0.00000E+00
5.30000E+00,2.10000E+02,2.00000E+00,0.00000E+00
5.30000E+00,2.30000E+02,-2.00000E+00,0.00000E+00
5.30000E+00,2.30000E+02,0.00000E+00,0.00000E+00
5.30000E+00,2.30000E+02,2.00000E+00,0.00000E+00
5.30000E+00,2.50000E+02,-2.00000E+00,0.00000E+00
5.30000E+00,2.50000E+02,0.00000E+00,0.00000E+00
5.30000E+00,2.50000E+02,2.00000E+00,0.00000E+00
5.30000E+00,2.70000E+02,-2.00000E+00,0.00000E+00
5.30000E+00,2.70000E+02,0.00000E+00,0.00000E+00
5.30000E+00,2.70000E+02,2.00000E+00,0.00000E+00
5.30000E+00,2.90000E+02,-2.00000E+00,0.00000E+00
5.30000E+00,2.90000E+02,0.00000E+00,0.00000E+00
5.30000E+00,2.90000E+02,2.00000E+00,0.00000E+00
5.30000E+00,3.10000E+02,-2.00000E+00,0.00000E+00
5.30000E+00,3.10000E+02,0.00000E+00,0.00000E+00
5.30000E+00,3.10000E+02,2.00000E+00,0.00000E+00
5.30000E+00,3.30000E+02,-2.00000E+00,0.00000E+00
5.30000E+00,3.30000E+02,0.00000E+00,0.00000E+00
5.30000E+00,3.30000E+02,2.00000E+00,0.00000E+00
5.30000E+00,3.50000E+02,-2.00000E+00,0.00000E+00
5.30000E+00,3.50000E+02,0.00000E+00,0.00000E+00
5.30000E+00,3.50000E+02,2.00000E+00,0.00000E+00
5.30000E+00,3.70000E+02,-2.00000E+00,0.00000E+00
5.30000E+00,3.70000E+02,0.00000E+00,0.00000E+00
5.30000E+00,3.70000E+02,2.00000E+00,0.00000E+00
5.30000E+00,3.90000E+02,-2.00000E+00,0.00000E+00
5.30000E+00,3.90000E+02,0.00000E+00,0.00000E+00
5.30000E+00,3.90000E+02,2.00000E+00,0.00000E+00
5.50000E+00,1.00000E+01,-2.00000E+00,6.88854E-04
5.50000E+00,1.00000E+01,0.00000E+00,4.83480E-03
5.50000E+00,1.00000E+01,2.00000E+00,1.12219E-03
5.50000E+00,3.00000E+01,-2.00000E+00,0.00000E+00
5.50000E+00,3.00000E+01,0.00000E+00,2.13325E-03
5.50000E+00,3.00000E+01,2.00000E+00,7.93873E-04
5.50000E+00,5.00000E+01,-2.00000E+00,0.00000E+00
5.50000E+00,5.00000E+01,0.00000E+00,3.38370E-04
5.50000E+00,5.00000E+01,2.00000E+00,6.37561E-04
5.50000E+00,7.00000E+01,-2.00000E+00,0.00000E+00
5.50000E+00,7.00000E+01,0.00000E+00,0.00000E+00
5.50000E+00,7.00000E+01,2.00000E+00,3.47216E-04
5.50000E+00,9.00000E+01,-2.00000E+00,0.00000E+00
5.50000E+00,9.00000E+01,0.00000E+00,0.00000E+00
5.50000E+00,9.00000E+01,2.00000E+00,1.24234E-04
5.50000E+00,1.10000E+02,-2.00000E+00,0.00000E+00
5.50000E+00,1.10000E+02,0.00000E+00,0.00000E+00
5.50000E+00,1.10000E+02,2.00000E+00,3.09245E-05
5.50000E+00,1.30000E+02,-2.00000E+00,0.00000E+00
5.50000E+00,1.30000E+02,0.00000E+00,0.00000E+00
5.50000E+00,1.30000E+02,2.00000E+00,2.93388E-06
5.50000E+00,1.50000E+02,-2.00000E+00,0.00000E+00
5.50000E+00,1.50000E+02,0.00000E+00,0.00000E+00
5.50000E+00,1.50000E+02,2.00000E+00,0.00000E+00
5.50000E+00,1.70000E+02,-2.00000E+00,0.00000E+00
5.50000E+00,1.70000E+02,0.00000E+00,0.00000E+00
5.50000E+00,1.70000E+02,2.00000E+00,0.00000E+00
5.50000E+00,1.90000E+02,-2.00000E+00,0.00000E+00
5.50000E+00,1.90000E+02,0.00000E+00,0.00000E+00
5.50000E+00,1.90000E+02,2.00000E+00,0.00000E+00
5.50000E+00,2.10000E+02,-2.00000E+00,0.00000E+00
5.50000E+00,2.10000E+02,0.00000E+00,0.00000E+00
5.50000E+00,2.10000E+02,2.00000E+00,0.00000E+00
5.50000E+00,2.30000E+02,-2.00000E+00,0.00000E+00
5.50000E+00,2.30000E+02,0.00000E+00,0.00000E+00
5.50000E+00,2.30000E+02,2.00000E+00,0.00000E+00
5.50000E+00,2.50000E+02,-2.00000E+00,0.00000E+00
5.50000E+00,2.50000E+02,0.00000E+00,0.00000E+00
5.50000E+00,2.50000E+02,2.00000E+00,0.00000E+00
5.50000E+00,2.70000E+02,-2.00000E+00,0.00000E+00
5.50000E+00,2.70000E+02,0.00000E+00,0.00000E+00
5.50000E+00,2.70000E+02,2.00000E+00,0.00000E+00
5.50000E+00,2.90000E+02,-2.00000E+00,0.00000E+00
5.50000E+00,2.90000E+02,0.00000E+00,0.00000E+00
5.50000E+00,2.90000E+02,2.00000E+00,0.00000E+00
5.50000E+00,3.10000E+02,-2.00000E+00,0.00000E+00
5.50000E+00,3.10000E+02,0.00000E+00,0.00000E+00
5.50000E+00,3.10000E+02,2.00000E+00,0.00000E+00
5.50000E+00,3.30000E+02,-2.00000E+00,0.00000E+00
5.50000E+00,3.30000E+02,0.00000E+00,0.00000E+00
5.50000E+00,3.30000E+02,2.00000E+00,0.00000E+00
5.50000E+00,3.50000E+02,-2.00000E+00,0.00000E+00
5.50000E+00,3.50000E+02,0.00000E+00,0.00000E+00
5.50000E+00,3.50000E+02,2.00000E+00,0.00000E+00
5.50000E+00,3.70000E+02,-2.00000E+00,0.00000E+00
5.50000E+00,3.70000E+02,0.00000E+00,0.00000E+00
5.50000E+00,3.70000E+02,2.00000E+00,0.00000E+00
5.50000E+00,3.90000E+02,-2.00000E+00,0.00000E+00
5.50000E+00,3.90000E+02,0.00000E+00,0.00000E+00
5.50000E+00,3.90000E+02,2.00000E+00,0.00000E+00
5.70000E+00,1.00000E+01,-2.00000E+00,5.17442E-04
5.70000E+00,1.00000E+01,0.00000E+00,2.77195E-03
5.70000E+00,1.00000E+01,2.00000E+00,6.39395E-04
5.70000E+00,3.00000E+01,-2.00000E+00,1.35690E-05
5.70000E+00,3.00000E+01,0.00000E+00,1.64354E-03
5.70000E+00,3.00000E+01,2.00000E+00,4.64855E-04
5.70000E+00,5.00000E+01,-2.00000E+00,0.00000E+00
5.70000E+00,5.00000E+01,0.00000E+00,4.95501E-04
5.70000E+00,5.00000E+01,2.00000E+00,3.80505E-04
5.70000E+00,7.00000E+01,-2.00000E+00,0.00000E+00
5.70000E+00,7.00000E+01,0.00000E+00,4.13495E-05
5.70000E+00,7.00000E+01,2.00000E+00,3.44481E-04
5.70000E+00,9.00000E+01,-2.00000E+00,0.00000E+00
5.70000E+00,9.00000E+01,0.00000E+00,0.00000E+00
5.70000E+00,9.00000E+01,2.00000E+00,1.78905E-04
5.70000E+00,1.10000E+02,-2.00000E+00,0.00000E+00
5.70000E+00,1.10000E+02,0.00000E+00,0.00000E+00
5.70000E+00,1.10000E+02,2.00000E+00,6.51715E-05
5.70000E+00,1.30000E+02,-2.00000E+00,0.00000E+00
5.70000E+00,1.30000E+02,0.00000E+00,0.00000E+00
5.70000E+00,1.30000E+02,2.00000E+00,1.95377E-05
5.70000E+00,1.50000E+02,-2.00000E+00,0.00000E+00
5.70000E+00,1.50000E+02,0.00000E+00,0.00000E+00
5.70000E+00,1.50000E+02,2.00000E+00,4.05799E-06
5.70000E+00,1.70000E+02,-2.00000E+00,0.00000E+00
5.70000E+00,1.70000E+02,0.00000E+00,0.00000E+00
5.70000E+00,1.70000E+02,2.00000E+00,0.00000E+00
5.70000E+00,1.90000E+02,-2.00000E+00,0.00000E+00
5.70000E+00,1.90000E+02,0.00000E+00,0.00000E+00
5.70000E+00,1.90000E+02,2.00000E+00,0.00000E+00
5.70000E+00,2.10000E+02,-2.00000E+00,0.00000E+00
5.70000E+00,2.10000E+02,0.00000E+00,0.00000E+00
5.70000E+00,2.10000E+02,2.00000E+00,0.00000E+00
5.70000E+00,2.30000E+02,-2.00000E+00,0.00000E+00
5.70000E+00,2.30000E+02,0.00000E+00,0.00000E+00
5.70000E+00,2.30000E+02,2.00000E+00,0.00000E+00
5.70000E+00,2.50000E+02,-2.00000E+00,0.00000E+00
5.70000E+00,2.50000E+02,0.00000E+00,0.00000E+00
5.70000E+00,2.50000E+02,2.00000E+00,0.00000E+00
5.70000E+00,2.70000E+02,-2.00000E+00,0.00000E+00
5.70000E+00,2.70000E+02,0.00000E+00,0.00000E+00
5.70000E+00,2.70000E+02,2.00000E+00,0.00000E+00
5.70000E+00,2.90000E+02,-2.00000E+00,0.00000E+00
5.70000E+00,2.90000E+02,0.00000E+00,0.00000E+00
5.70000E+00,2.90000E+02,2.00000E+00,0.00000E+00
5.70000E+00,3.10000E+02,-2.00000E+00,0.00000E+00
5.70000E+00,3.10000E+02,0.00000E+00,0.00000E+00
5.70000E+00,3.10000E+02,2.00000E+00,0.00000E+00
5.70000E+00,3.30000E+02,-2.00000E+00,0.00000E+00
5.70000E+00,3.30000E+02,0.00000E+00,0.00000E+00
5.70000E+00,3.30000E+02,2.00000E+00,0.00000E+00
5.70000E+00,3.50000E+02,-2.00000E+00,0.00000E+00
5.70000E+00,3.50000E+02,0.00000E+00,0.00000E+00
5.70000E+00,3.50000E+02,2.00000E+00,0.00000E+00
5.70000E+00,3.70000E+02,-2.00000E+00,0.00000E+00
5.70000E+00,3.70000E+02,0.00000E+00,0.00000E+00
5.70000E+00,3.70000E+02,2.00000E+00,0.00000E+00
5.70000E+00,3.90000E+02,-2.00000E+00,0.00000E+00
5.70000E+00,3.90000E+02,0.00000E+00,0.00000E+00
5.70000E+00,3.90000E+02,2.00000E+00,0.00000E+00
5.90000E+00,1.00000E+01,-2.00000E+00,3.44907E-04
5.90000E+00,1.00000E+01,0.00000E+00,1.63503E-03
5.90000E+00,1.00000E+01,2.00000E+00,3.76982E-04
5.90000E+00,3.00000E+01,-2.00000E+00,4.05902E-05
5.90000E+00,3.00000E+01,0.00000E+00,1.07929E-03
5.90000E+00,3.00000E+01,2.00000E+00,2.66805E-04
5.90000E+00,5.00000E+01,-2.00000E+00,0.00000E+00
5.90000E+00,5.00000E+01,0.00000E+00,4.61643E-04
5.90000E+00,5.00000E+01,2.00000E+00,2.12649E-04
5.90000E+00,7.00000E+01,-2.00000E+00,0.00000E+00
5.90000E+00,7.00000E+01,0.00000E+00,1.44824E-04
5.90000E+00,7.00000E+01,2.00000E+00,2.32978E-04
5.90000E+00,9.00000E+01,-2.00000E+00,0.00000E+00
5.90000E+00,9.00000E+01,0.00000E+00,4.90371E-06
5.90000E+00,9.00000E+01,2.00000E+00,2.06016E-04
5.90000E+00,1.10000E+02,-2.00000E+00,0.00000E+00
5.90000E+00,1.10000E+02,0.00000E+00,0.00000E+00
5.90000E+00,1.10000E+02,2.00000E+00,9.85920E-05
5.90000E+00,1.30000E+02,-2.00000E+00,0.00000E+00
5.90000E+00,1.30000E+02,0.00000E+00,0.00000E+00
5.90000E+00,1.30000E+02,2.00000E+00,4.21968E-05
5.90000E+00,1.50000E+02,-2.00000E+00,0.00000E+00
5.90000E+00,1.50000E+02,0.00000E+00,0.00000E+00
5.90000E+00,1.50000E+02,2.00000E+00,2.72405E-05
5.90000E+00,1.70000E+02,-2.00000E+00,0.00000E+00
5.90000E+00,1.70000E+02,0.00000E+00,0.00000E+00
5.90000E+00,1.70000E+02,2.00000E+00,4.25594E-06
5.90000E+00,1.90000E+02,-2.00000E+00,0.00000E+00
5.90000E+00,1.90000E+02,0.00000E+00,0.00000E+00
5.90000E+00,1.90000E+02,2.00000E+00,0.00000E+00
5.90000E+00,2.10000E+02,-2.00000E+00,0.00000E+00
5.90000E+00,2.10000E+02,0.00000E+00,0.00000E+00
5.90000E+00,2.10000E+02,2.00000E+00,0.00000E+00
5.90000E+00,2.30000E+02,-2.00000E+00,0.00000E+00
5.90000E+00,2.30000E+02,0.00000E+00,0.00000E+00
5.90000E+00,2.30000E+02,2.00000E+00,0.00000E+00
5.90000E+00,2.50000E+02,-2.00000E+00,0.00000E+00
5.90000E+00,2.50000E+02,0.00000E+00,0.00000E+00
5.90000E+00,2.50000E+02,2.00000E+00,0.00000E+00
5.90000E+00,2.70000E+02,-2.00000E+00,0.00000E+00
5.90000E+00,2.70000E+02,0.00000E+00,0.00000E+00
5.90000E+00,2.70000E+02,2.00000E+00,0.00000E+00
5.90000E+00,2.90000E+02,-2.00000E+00,0.00000E+00
5.90000E+00,2.90000E+02,0.00000E+00,0.00000E+00
5.90000E+00,2.90000E+02,2.00000E+00,0.00000E+00
5.90000E+00,3.10000E+02,-2.00000E+00,0.00000E+00
5.90000E+00,3.10000E+02,0.00000E+00,0.00000E+00
5.90000E+00,3.10000E+02,2.00000E+00,0.00000E+00
5.90000E+00,3.30000E+02,-2.00000E+00,0.00000E+00
5.90000E+00,3.30000E+02,0.00000E+00,0.00000E+00
5.90000E+00,3.30000E+02,2.00000E+00,0.00000E+00
5.90000E+00,3.50000E+02,-2.00000E+00,0.00000E+00
5.90000E+00,3.50000E+02,0.00000E+00,0.00000E+00
5.90000E+00,3.50000E+02,2.00000E+00,0.00000E+00
5.90000E+00,3.70000E+02,-2.00000E+00,0.00000E+00
5.90000E+00,3.70000E+02,0.00000E+00,0.00000E+00
5.90000E+00,3.70000E+02,2.00000E+00,0.00000E+00
5.90000E+00,3.90000E+02,-2.00000E+00,0.00000E+00
5.90000E+00,3.90000E+02,0.00000E+00,0.00000E+00
5.90000E+00,3.90000E+02,2.00000E+00,0.00000E+00
6.10000E+00,1.00000E+01,-2.00000E+00,2.11623E-04
6.10000E+00,1.00000E+01,0.00000E+00,9.48079E-04
6.10000E+00,1.00000E+01,2.00000E+00,2.18536E-04
6.10000E+00,3.00000E+01,-2.00000E+00,6.04916E-05
6.10000E+00,3.00000E+01,0.00000E+00,6.78948E-04
6.10000E+00,3.00000E+01,2.00000E+00,1.58723E-04
6.10000E+00,5.00000E+01,-2.00000E+00,0.00000E+00
6.10000E+00,5.00000E+01,0.00000E+00,3.53429E-04
6.10000E+00,5.00000E+01,2.00000E+00,1.17468E-04
6.10000E+00,7.00000E+01,-2.00000E+00,0.00000E+00
6.10000E+00,7.00000E+01,0.00000E+00,1.95775E-04
6.10000E+00,7.00000E+01,2.00000E+00,1.36065E-04
6.10000E+00,9.00000E+01,-2.00000E+00,0.00000E+00
6.10000E+00,9.00000E+01,0.00000E+00,5.32565E-05
6.10000E+00,9.00000E+01,2.00000E+00,1.61198E-04
6.10000E+00,1.10000E+02,-2.00000E+00,0.00000E+00
6.10000E+00,1.10000E+02,0.00000E+00,4.38094E-08
6.10000E+00,1.10000E+02,2.00000E+00,1.19194E-04
6.10000E+00,1.30000E+02,-2.00000E+00,0.00000E+00
6.10000E+00,1.30000E+02,0.00000E+00,0.00000E+00
6.10000E+00,1.30000E+02,2.00000E+00,6.71743E-05
6.10000E+00,1.50000E+02,-2.00000E+00,0.00000E+00
6.10000E+00,1.50000E+02,0.00000E+00,0.00000E+00
6.10000E+00,1.50000E+02,2.00000E+00,6.00971E-05
6.10000E+00,1.70000E+02,-2.00000E+00,0.00000E+00
6.10000E+00,1.70000E+02,0.00000E+00,0.00000E+00
6.10000E+00,1.70000E+02,2.00000E+00,2.32783E-05
6.10000E+00,1.90000E+02,-2.00000E+00,0.00000E+00
6.10000E+00,1.90000E+02,0.00000E+00,0.00000E+00
6.10000E+00,1.90000E+02,2.00000E+00,5.11531E-06
6.10000E+00,2.10000E+02,-2.00000E+00,0.00000E+00
6.10000E+00,2.10000E+02,0.00000E+00,0.00000E+00
6.10000E+00,2.10000E+02,2.00000E+00,2.57000E-10
6.10000E+00,2.30000E+02,-2.00000E+00,0.00000E+00
6.10000E+00,2.30000E+02,0.00000E+00,0.00000E+00
6.10000E+00,2.30000E+02,2.00000E+00,0.00000E+00
6.10000E+00,2.50000E+02,-2.00000E+00,0.00000E+00
6.10000E+00,2.50000E+02,0.00000E+00,0.00000E+00
6.10000E+00,2.50000E+02,2.00000E+00,0.00000E+00
6.10000E+00,2.70000E+02,-2.00000E+00,0.00000E+00
6.10000E+00,2.70000E+02,0.00000E+00,0.00000E+00
6.10000E+00,2.70000E+02,2.00000E+00,0.00000E+00
6.10000E+00,2.90000E+02,-2.00000E+00,0.00000E+00
6.10000E+00,2.90000E+02,0.00000E+00,0.00000E+00
6.10000E+00,2.90000E+02,2.00000E+00,0.00000E+00
6.10000E+00,3.10000E+02,-2.00000E+00,0.00000E+00
6.10000E+00,3.10000E+02,0.00000E+00,0.00000E+00
6.10000E+00,3.10000E+02,2.00000E+00,0.00000E+00
6.10000E+00,3.30000E+02,-2.00000E+00,0.00000E+00
6.10000E+00,3.30000E+02,0.00000E+00,0.00000E+00
6.10000E+00,3.30000E+02,2.00000E+00,0.00000E+00
6.10000E+00,3.50000E+02,-2.00000E+00,0.00000E+00
6.10000E+00,3.50000E+02,0.00000E+00,0.00000E+00
6.10000E+00,3.50000E+02,2.00000E+00,0.00000E+00
6.10000E+00,3.70000E+02,-2.00000E+00,0.00000E+00
6.10000E+00,3.70000E+02,0.00000E+00,0.00000E+00
6.10000E+00,3.70000E+02,2.00000E+00,0.00000E+00
6.10000E+00,3.90000E+02,-2.00000E+00,0.00000E+00
6.10000E+00,3.90000E+02,0.00000E+00,0.00000E+00
6.10000E+00,3.90000E+02,2.00000E+00,0.00000E+00
6.30000E+00,1.00000E+01,-2.00000E+00,1.25957E-04
6.30000E+00,1.00000E+01,0.00000E+00,5.51701E-04
6.30000E+00,1.00000E+01,2.00000E+00,1.27150E-04
6.30000E+00,3.00000E+01,-2.00000E+00,5.83677E-05
6.30000E+00,3.00000E+01,0.00000E+00,3.92087E-04
6.30000E+00,3.00000E+01,2.00000E+00,9.03584E-05
6.30000E+00,5.00000E+01,-2.00000E+00,8.63081E-07
6.30000E+00,5.00000E+01,0.00000E+00,2.58269E-04
6.30000E+00,5.00000E+01,2.00000E+00,6.85682E-05
6.30000E+00,7.00000E+01,-2.00000E+00,0.00000E+00
6.30000E+00,7.00000E+01,0.00000E+00,1.86481E-04
6.30000E+00,7.00000E+01,2.00000E+00,8.06690E-05
6.30000E+00,9.00000E+01,-2.00000E+00,0.00000E+00
6.30000E+00,9.00000E+01,0.00000E+00,9.59753E-05
6.30000E+00,9.00000E+01,2.00000E+00,9.17255E-05
6.30000E+00,1.10000E+02,-2.00000E+00,0.00000E+00
6.30000E+00,1.10000E+02,0.00000E+00,1.97894E-05
6.30000E+00,1.10000E+02,2.00000E+00,1.07138E-04
6.30000E+00,1.30000E+02,-2.00000E+00,0.00000E+00
6.30000E+00,1.30000E+02,0.00000E+00,0.00000E+00
6.30000E+00,1.30000E+02,2.00000E+00,8.99221E-05
6.30000E+00,1.50000E+02,-2.00000E+00,0.00000E+00
6.30000E+00,1.50000E+02,0.00000E+00,0.00000E+00
6.30000E+00,1.50000E+02,2.00000E+00,9.52294E-05
6.30000E+00,1.70000E+02,-2.00000E+00,0.00000E+00
6.30000E+00,1.70000E+02,0.00000E+00,0.00000E+00
6.30000E+00,1.70000E+02,2.00000E+00,4.96968E-05
6.30000E+00,1.90000E+02,-2.00000E+00,0.00000E+00
6.30000E+00,1.90000E+02,0.00000E+00,0.00000E+00
6.30000E+00,1.90000E+02,2.00000E+00,2.27446E-05
6.30000E+00,2.10000E+02,-2.00000E+00,0.00000E+00
6.30000E+00,2.10000E+02,0.00000E+00,0.00000E+00
6.30000E+00,2.10000E+02,2.00000E+00,2.84080E-06
6.30000E+00,2.30000E+02,-2.00000E+00,0.00000E+00
6.30000E+00,2.30000E+02,0.00000E+00,0.00000E+00
6.30000E+00,2.30000E+02,2.00000E+00,2.59675E-08
6.30000E+00,2.50000E+02,-2.00000E+00,0.00000E+00
6.30000E+00,2.50000E+02,0.00000E+00,0.00000E+00
6.30000E+00,2.50000E+02,2.00000E+00,0.00000E+00
6.30000E+00,2.70000E+02,-2.00000E+00,0.00000E+00
6.30000E+00,2.70000E+02,0.00000E+00,0.00000E+00
6.30000E+00,2.70000E+02,2.00000E+00,0.00000E+00
6.30000E+00,2.90000E+02,-2.00000E+00,0.00000E+00
6.30000E+00,2.90000E+02,0.00000E+00,0.00000E+00
6.30000E+00,2.90000E+02,2.00000E+00,0.00000E+00
6.30000E+00,3.10000E+02,-2.00000E+00,0.00000E+00
6.30000E+00,3.10000E+02,0.00000E+00,0.00000E+00
6.30000E+00,3.10000E+02,2.00000E+00,0.00000E+00
6.30000E+00,3.30000E+02,-2.00000E+00,0.00000E+00
6.30000E+00,3.30000E+02,0.00000E+00,0.00000E+00
6.30000E+00,3.30000E+02,2.00000E+00,0.00000E+00
6.30000E+00,3.50000E+02,-2.00000E+00,0.00000E+00
6.30000E+00,3.50000E+02,0.00000E+00,0.00000E+00
6.30000E+00,3.50000E+02,2.00000E+00,0.00000E+00
6.30000E+00,3.70000E+02,-2.00000E+00,0.00000E+00
6.30000E+00,3.70000E+02,0.00000E+00,0.00000E+00
6.30000E+00,3.70000E+02,2.00000E+00,0.00000E+00
6.30000E+00,3.90000E+02,-2.00000E+00,0.00000E+00
6.30000E+00,3.90000E+02,0.00000E+00,0.00000E+00
6.30000E+00,3.90000E+02,2.00000E+00,0.00000E+00
6.50000E+00,1.00000E+01,-2.00000E+00,7.95147E-05
6.50000E+00,1.00000E+01,0.00000E+00,3.46219E-04
6.50000E+00,1.00000E+01,2.00000E+00,7.97864E-05
6.50000E+00,3.00000E+01,-2.00000E+00,3.82428E-05
6.50000E+00,3.00000E+01,0.00000E+00,2.06398E-04
6.50000E+00,3.00000E+01,2.00000E+00,4.75621E-05
6.50000E+00,5.00000E+01,-2.00000E+00,5.34969E-06
6.50000E+00,5.00000E+01,0.00000E+00,1.64410E-04
6.50000E+00,5.00000E+01,2.00000E+00,3.91215E-05
6.50000E+00,7.00000E+01,-2.00000E+00,0.00000E+00
6.50000E+00,7.00000E+01,0.00000E+00,1.44504E-04
6.50000E+00,7.00000E+01,2.00000E+00,4.60817E-05
6.50000E+00,9.00000E+01,-2.00000E+00,0.00000E+00
6.50000E+00,9.00000E+01,0.00000E+00,1.04193E-04
6.50000E+00,9.00000E+01,2.00000E+00,5.60223E-05
6.50000E+00,1.10000E+02,-2.00000E+00,0.00000E+00
6.50000E+00,1.10000E+02,0.00000E+00,4.91641E-05
6.50000E+00,1.10000E+02,2.00000E+00,6.40318E-05
6.50000E+00,1.30000E+02,-2.00000E+00,0.00000E+00
6.50000E+00,1.30000E+02,0.00000E+00,7.64254E-06
6.50000E+00,1.30000E+02,2.00000E+00,8.99609E-05
6.50000E+00,1.50000E+02,-2.00000E+00,0.00000E+00
6.50000E+00,1.50000E+02,0.00000E+00,0.00000E+00
6.50000E+00,1.50000E+02,2.00000E+00,1.35932E-04
6.50000E+00,1.70000E+02,-2.00000E+00,0.00000E+00
6.50000E+00,1.70000E+02,0.00000E+00,0.00000E+00
6.50000E+00,1.70000E+02,2.00000E+00,7.19500E-05
6.50000E+00,1.90000E+02,-2.00000E+00,0.00000E+00
6.50000E+00,1.90000E+02,0.00000E+00,0.00000E+00
6.50000E+00,1.90000E+02,2.00000E+00,4.45726E-05
6.50000E+00,2.10000E+02,-2.00000E+00,0.00000E+00
6.50000E+00,2.10000E+02,0.00000E+00,0.00000E+00
6.50000E+00,2.10000E+02,2.00000E+00,9.54894E-06
6.50000E+00,2.30000E+02,-2.00000E+00,0.00000E+00
6.50000E+00,2.30000E+02,0.00000E+00,0.00000E+00
6.50000E+00,2.30000E+02,2.00000E+00,2.83560E-06
6.50000E+00,2.50000E+02,-2.00000E+00,0.00000E+00
6.50000E+00,2.50000E+02,0.00000E+00,0.00000E+00
6.50000E+00,2.50000E+02,2.00000E+00,4.86528E-08
6.50000E+00,2.70000E+02,-2.00000E+00,0.00000E+00
6.50000E+00,2.70000E+02,0.00000E+00,0.00000E+00
6.50000E+00,2.70000E+02,2.00000E+00,0.00000E+00
6.50000E+00,2.90000E+02,-2.00000E+00,0.00000E+00
6.50000E+00,2.90000E+02,0.00000E+00,0.00000E+00
6.50000E+00,2.90000E+02,2.00000E+00,0.00000E+00
6.50000E+00,3.10000E+02,-2.00000E+00,0.00000E+00
6.50000E+00,3.10000E+02,0.00000E+00,0.00000E+00
6.50000E+00,3.10000E+02,2.00000E+00,0.00000E+00
6.50000E+00,3.30000E+02,-2.00000E+00,0.00000E+00
6.50000E+00,3.30000E+02,0.00000E+00,0.00000E+00
6.50000E+00,3.30000E+02,2.00000E+00,0.00000E+00
6.50000E+00,3.50000E+02,-2.00000E+00,0.00000E+00
6.50000E+00,3.50000E+02,0.00000E+00,0.00000E+00
6.50000E+00,3.50000E+02,2.00000E+00,0.00000E+00
6.50000E+00,3.70000E+02,-2.00000E+00,0.00000E+00
6.50000E+00,3.70000E+02,0.00000E+00,0.00000E+00
6.50000E+00,3.70000E+02,2.00000E+00,0.00000E+00
6.50000E+00,3.90000E+02,-2.00000E+00,0.00000E+00
6.50000E+00,3.90000E+02,0.00000E+00,0.00000E+00
6.50000E+00,3.90000E+02,2.00000E+00,0.00000E+00
6.70000E+00,1.00000E+01,-2.00000E+00,4.96260E-05
6.70000E+00,1.00000E+01,0.00000E+00,2.15500E-04
6.70000E+00,1.00000E+01,2.00000E+00,4.96596E-05
6.70000E+00,3.00000E+01,-2.00000E+00,2.26741E-05
6.70000E+00,3.00000E+01,0.00000E+00,1.10027E-04
6.70000E+00,3.00000E+01,2.00000E+00,2.53536E-05
6.70000E+00,5.00000E+01,-2.00000E+00,8.57767E-06
6.70000E+00,5.00000E+01,0.00000E+00,9.84873E-05
6.70000E+00,5.00000E+01,2.00000E+00,2.27179E-05
6.70000E+00,7.00000E+01,-2.00000E+00,7.27909E-08
6.70000E+00,7.00000E+01,0.00000E+00,9.89275E-05
6.70000E+00,7.00000E+01,2.00000E+00,2.59909E-05
6.70000E+00,9.00000E+01,-2.00000E+00,0.00000E+00
6.70000E+00,9.00000E+01,0.00000E+00,8.79418E-05
6.70000E+00,9.00000E+01,2.00000E+00,3.28857E-05
6.70000E+00,1.10000E+02,-2.00000E+00,0.00000E+00
6.70000E+00,1.10000E+02,0.00000E+00,5.81481E-05
6.70000E+00,1.10000E+02,2.00000E+00,3.86011E-05
6.70000E+00,1.30000E+02,-2.00000E+00,0.00000E+00
6.70000E+00,1.30000E+02,0.00000E+00,3.27296E-05
6.70000E+00,1.30000E+02,2.00000E+00,5.93560E-05
6.70000E+00,1.50000E+02,-2.00000E+00,0.00000E+00
6.70000E+00,1.50000E+02,0.00000E+00,9.23918E-06
6.70000E+00,1.50000E+02,2.00000E+00,1.54258E-04
6.70000E+00,1.70000E+02,-2.00000E+00,0.00000E+00
6.70000E+00,1.70000E+02,0.00000E+00,0.00000E+00
6.70000E+00,1.70000E+02,2.00000E+00,9.89546E-05
6.70000E+00,1.90000E+02,-2.00000E+00,0.00000E+00
6.70000E+00,1.90000E+02,0.00000E+00,0.00000E+00
6.70000E+00,1.90000E+02,2.00000E+00,5.48573E-05
6.70000E+00,2.10000E+02,-2.00000E+00,0.00000E+00
6.70000E+00,2.10000E+02,0.00000E+00,0.00000E+00
6.70000E+00,2.10000E+02,2.00000E+00,1.87418E-05
6.70000E+00,2.30000E+02,-2.00000E+00,0.00000E+00
6.70000E+00,2.30000E+02,0.00000E+00,0.00000E+00
6.70000E+00,2.30000E+02,2.00000E+00,6.98115E-06
6.70000E+00,2.50000E+02,-2.00000E+00,0.00000E+00
6.70000E+00,2.50000E+02,0.00000E+00,0.00000E+00
6.70000E+00,2.50000E+02,2.00000E+00,1.43961E-06
6.70000E+00,2.70000E+02,-2.00000E+00,0.00000E+00
6.70000E+00,2.70000E+02,0.00000E+00,0.00000E+00
6.70000E+00,2.70000E+02,2.00000E+00,4.75674E-08
6.70000E+00,2.90000E+02,-2.00000E+00,0.00000E+00
6.70000E+00,2.90000E+02,0.00000E+00,0.00000E+00
6.70000E+00,2.90000E+02,2.00000E+00,0.00000E+00
6.70000E+00,3.10000E+02,-2.00000E+00,0.00000E+00
6.70000E+00,3.10000E+02,0.00000E+00,0.00000E+00
6.70000E+00,3.10000E+02,2.00000E+00,0.00000E+00
6.70000E+00,3.30000E+02,-2.00000E+00,0.00000E+00
6.70000E+00,3.30000E+02,0.00000E+00,0.00000E+00
6.70000E+00,3.30000E+02,2.00000E+00,0.00000E+00
6.70000E+00,3.50000E+02,-2.00000E+00,0.00000E+00
6.70000E+00,3.50000E+02,0.00000E+00,0.00000E+00
6.70000E+00,3.50000E+02,2.00000E+00,0.00000E+00
6.70000E+00,3.70000E+02,-2.00000E+00,0.00000E+00
6.70000E+00,3.70000E+02,0.00000E+00,0.00000E+00
6.70000E+00,3.70000E+02,2.00000E+00,0.00000E+00
6.70000E+00,3.90000E+02,-2.00000E+00,0.00000E+00
6.70000E+00,3.90000E+02,0.00000E+00,0.00000E+00
6.70000E+00,3.90000E+02,2.00000E+00,0.00000E+00
6.90000E+00,1.00000E+01,-2.00000E+00,2.99384E-05
6.90000E+00,1.00000E+01,0.00000E+00,1.29924E-04
6.90000E+00,1.00000E+01,2.00000E+00,2.99386E-05
6.90000E+00,3.00000E+01,-2.00000E+00,1.35957E-05
6.90000E+00,3.00000E+01,0.00000E+00,6.20341E-05
6.90000E+00,3.00000E+01,2.00000E+00,1.42942E-05
6.90000E+00,5.00000E+01,-2.00000E+00,8.28624E-06
6.90000E+00,5.00000E+01,0.00000E+00,5.64186E-05
6.90000E+00,5.00000E+01,2.00000E+00,1.30002E-05
6.90000E+00,7.00000E+01,-2.00000E+00,1.63819E-06
6.90000E+00,7.00000E+01,0.00000E+00,6.67959E-05
6.90000E+00,7.00000E+01,2.00000E+00,1.58232E-05
6.90000E+00,9.00000E+01,-2.00000E+00,0.00000E+00
6.90000E+00,9.00000E+01,0.00000E+00,6.23300E-05
6.90000E+00,9.00000E+01,2.00000E+00,1.83720E-05
6.90000E+00,1.10000E+02,-2.00000E+00,0.00000E+00
6.90000E+00,1.10000E+02,0.00000E+00,5.13521E-05
6.90000E+00,1.10000E+02,2.00000E+00,2.21743E-05
6.90000E+00,1.30000E+02,-2.00000E+00,0.00000E+00
6.90000E+00,1.30000E+02,0.00000E+00,5.94495E-05
6.90000E+00,1.30000E+02,2.00000E+00,4.95825E-05
6.90000E+00,1.50000E+02,-2.00000E+00,0.00000E+00
6.90000E+00,1.50000E+02,0.00000E+00,4.72268E-05
6.90000E+00,1.50000E+02,2.00000E+00,1.07986E-04
6.90000E+00,1.70000E+02,-2.00000E+00,0.00000E+00
6.90000E+00,1.70000E+02,0.00000E+00,2.47756E-06
6.90000E+00,1.70000E+02,2.00000E+00,1.11518E-04
6.90000E+00,1.90000E+02,-2.00000E+00,0.00000E+00
6.90000E+00,1.90000E+02,0.00000E+00,0.00000E+00
6.90000E+00,1.90000E+02,2.00000E+00,6.09253E-05
6.90000E+00,2.10000E+02,-2.00000E+00,0.00000E+00
6.90000E+00,2.10000E+02,0.00000E+00,0.00000E+00
6.90000E+00,2.10000E+02,2.00000E+00,2.58169E-05
6.90000E+00,2.30000E+02,-2.00000E+00,0.00000E+00
6.90000E+00,2.30000E+02,0.00000E+00,0.00000E+00
6.90000E+00,2.30000E+02,2.00000E+00,1.16672E-05
6.90000E+00,2.50000E+02,-2.00000E+00,0.00000E+00
6.90000E+00,2.50000E+02,0.00000E+00,0.00000E+00
6.90000E+00,2.50000E+02,2.00000E+00,3.75769E-06
6.90000E+00,2.70000E+02,-2.00000E+00,0.00000E+00
6.90000E+00,2.70000E+02,0.00000E+00,0.00000E+00
6.90000E+00,2.70000E+02,2.00000E+00,8.29759E-07
6.90000E+00,2.90000E+02,-2.00000E+00,0.00000E+00
6.90000E+00,2.90000E+02,0.00000E+00,0.00000E+00
6.90000E+00,2.90000E+02,2.00000E+00,7.17835E-08
6.90000E+00,3.10000E+02,-2.00000E+00,0.00000E+00
6.90000E+00,3.10000E+02,0.00000E+00,0.00000E+00
6.90000E+00,3.10000E+02,2.00000E+00,0.00000E+00
6.90000E+00,3.30000E+02,-2.00000E+00,0.00000E+00
6.90000E+00,3.30000E+02,0.00000E+00,0.00000E+00
6.90000E+00,3.30000E+02,2.00000E+00,0.00000E+00
6.90000E+00,3.50000E+02,-2.00000E+00,0.00000E+00
6.90000E+00,3.50000E+02,0.00000E+00,0.00000E+00
6.90000E+00,3.50000E+02,2.00000E+00,0.00000E+00
6.90000E+00,3.70000E+02,-2.00000E+00,0.00000E+00
6.90000E+00,3.70000E+02,0.00000E+00,0.00000E+00
6.90000E+00,3.70000E+02,2.00000E+00,0.00000E+00
6.90000E+00,3.90000E+02,-2.00000E+00,0.00000E+00
6.90000E+00,3.90000E+02,0.00000E+00,0.00000E+00
6.90000E+00,3.90000E+02,2.00000E+00,0.00000E+00
7.10000E+00,1.00000E+01,-2.00000E+00,1.76917E-05
7.10000E+00,1.00000E+01,0.00000E+00,7.67782E-05
7.10000E+00,1.00000E+01,2.00000E+00,1.76917E-05
7.10000E+00,3.00000E+01,-2.00000E+00,8.40155E-06
7.10000E+00,3.00000E+01,0.00000E+00,3.71693E-05
7.10000E+00,3.00000E+01,2.00000E+00,8.56468E-06
7.10000E+00,5.00000E+01,-2.00000E+00,6.22147E-06
7.10000E+00,5.00000E+01,0.00000E+00,3.41049E-05
7.10000E+00,5.00000E+01,2.00000E+00,7.85856E-06
7.10000E+00,7.00000E+01,-2.00000E+00,3.26286E-06
7.10000E+00,7.00000E+01,0.00000E+00,4.26046E-05
7.10000E+00,7.00000E+01,2.00000E+00,9.82036E-06
7.10000E+00,9.00000E+01,-2.00000E+00,4.57466E-08
7.10000E+00,9.00000E+01,0.00000E+00,4.01786E-05
7.10000E+00,9.00000E+01,2.00000E+00,1.01730E-05
7.10000E+00,1.10000E+02,-2.00000E+00,0.00000E+00
7.10000E+00,1.10000E+02,0.00000E+00,4.01562E-05
7.10000E+00,1.10000E+02,2.00000E+00,1.32502E-05
7.10000E+00,1.30000E+02,-2.00000E+00,0.00000E+00
7.10000E+00,1.30000E+02,0.00000E+00,7.19654E-05
7.10000E+00,1.30000E+02,2.00000E+00,3.75595E-05
7.10000E+00,1.50000E+02,-2.00000E+00,0.00000E+00
7.10000E+00,1.50000E+02,0.00000E+00,7.12800E-05
7.10000E+00,1.50000E+02,2.00000E+00,6.55125E-05
7.10000E+00,1.70000E+02,-2.00000E+00,0.00000E+00
7.10000E+00,1.70000E+02,0.00000E+00,3.03434E-05
7.10000E+00,1.70000E+02,2.00000E+00,8.84729E-05
7.10000E+00,1.90000E+02,-2.00000E+00,0.00000E+00
7.10000E+00,1.90000E+02,0.00000E+00,1.15485E-06
7.10000E+00,1.90000E+02,2.00000E+00,6.16514E-05
7.10000E+00,2.10000E+02,-2.00000E+00,0.00000E+00
7.10000E+00,2.10000E+02,0.00000E+00,0.00000E+00
7.10000E+00,2.10000E+02,2.00000E+00,2.94558E-05
7.10000E+00,2.30000E+02,-2.00000E+00,0.00000E+00
7.10000E+00,2.30000E+02,0.00000E+00,0.00000E+00
7.10000E+00,2.30000E+02,2.00000E+00,1.63492E-05
7.10000E+00,2.50000E+02,-2.00000E+00,0.00000E+00
7.10000E+00,2.50000E+02,0.00000E+00,0.00000E+00
7.10000E+00,2.50000E+02,2.00000E+00,5.83041E-06
7.10000E+00,2.70000E+02,-2.00000E+00,0.00000E+00
7.10000E+00,2.70000E+02,0.00000E+00,0.00000E+00
7.10000E+00,2.70000E+02,2.00000E+00,2.14624E-06
7.10000E+00,2.90000E+02,-2.00000E+00,0.00000E+00
7.10000E+00,2.90000E+02,0.00000E+00,0.00000E+00
7.10000E+00,2.90000E+02,2.00000E+00,9.95858E-07
7.10000E+00,3.10000E+02,-2.00000E+00,0.00000E+00
7.10000E+00,3.10000E+02,0.00000E+00,0.00000E+00
7.10000E+00,3.10000E+02,2.00000E+00,4.33493E-08
7.10000E+00,3.30000E+02,-2.00000E+00,0.00000E+00
7.10000E+00,3.30000E+02,0.00000E+00,0.00000E+00
7.10000E+00,3.30000E+02,2.00000E+00,0.00000E+00
7.10000E+00,3.50000E+02,-2.00000E+00,0.00000E+00
7.10000E+00,3.50000E+02,0.00000E+00,0.00000E+00
7.10000E+00,3.50000E+02,2.00000E+00,0.00000E+00
7.10000E+00,3.70000E+02,-2.00000E+00,0.00000E+00
7.10000E+00,3.70000E+02,0.00000E+00,0.00000E+00
7.10000E+00,3.70000E+02,2.00000E+00,0.00000E+00
7.10000E+00,3.90000E+02,-2.00000E+00,0.00000E+00
7.10000E+00,3.90000E+02,0.00000E+00,0.00000E+00
7.10000E+00,3.90000E+02,2.00000E+00,0.00000E+00
7.30000E+00,1.00000E+01,-2.00000E+00,1.13738E-05
7.30000E+00,1.00000E+01,0.00000E+00,4.93604E-05
7.30000E+00,1.00000E+01,2.00000E+00,1.13738E-05
7.30000E+00,3.00000E+01,-2.00000E+00,4.32682E-06
7.30000E+00,3.00000E+01,0.00000E+00,1.89283E-05
7.30000E+00,3.00000E+01,2.00000E+00,4.36149E-06
7.30000E+00,5.00000E+01,-2.00000E+00,4.09291E-06
7.30000E+00,5.00000E+01,0.00000E+00,1.99963E-05
7.30000E+00,5.00000E+01,2.00000E+00,4.60759E-06
7.30000E+00,7.00000E+01,-2.00000E+00,3.38666E-06
7.30000E+00,7.00000E+01,0.00000E+00,2.44200E-05
7.30000E+00,7.00000E+01,2.00000E+00,5.62691E-06
7.30000E+00,9.00000E+01,-2.00000E+00,8.21296E-07
7.30000E+00,9.00000E+01,0.00000E+00,2.79080E-05
7.30000E+00,9.00000E+01,2.00000E+00,6.52858E-06
7.30000E+00,1.10000E+02,-2.00000E+00,0.00000E+00
7.30000E+00,1.10000E+02,0.00000E+00,2.91752E-05
7.30000E+00,1.10000E+02,2.00000E+00,8.03719E-06
7.30000E+00,1.30000E+02,-2.00000E+00,0.00000E+00
7.30000E+00,1.30000E+02,0.00000E+00,6.94469E-05
7.30000E+00,1.30000E+02,2.00000E+00,2.56785E-05
7.30000E+00,1.50000E+02,-2.00000E+00,0.00000E+00
7.30000E+00,1.50000E+02,0.00000E+00,8.02517E-05
7.30000E+00,1.50000E+02,2.00000E+00,4.42617E-05
7.30000E+00,1.70000E+02,-2.00000E+00,0.00000E+00
7.30000E+00,1.70000E+02,0.00000E+00,5.44700E-05
7.30000E+00,1.70000E+02,2.00000E+00,5.66075E-05
7.30000E+00,1.90000E+02,-2.00000E+00,0.00000E+00
7.30000E+00,1.90000E+02,0.00000E+00,1.25751E-05
7.30000E+00,1.90000E+02,2.00000E+00,4.39111E-05
7.30000E+00,2.10000E+02,-2.00000E+00,0.00000E+00
7.30000E+00,2.10000E+02,0.00000E+00,1.58367E-07
7.30000E+00,2.10000E+02,2.00000E+00,3.20138E-05
7.30000E+00,2.30000E+02,-2.00000E+00,0.00000E+00
7.30000E+00,2.30000E+02,0.00000E+00,0.00000E+00
7.30000E+00,2.30000E+02,2.00000E+00,1.63662E-05
7.30000E+00,2.50000E+02,-2.00000E+00,0.00000E+00
7.30000E+00,2.50000E+02,0.00000E+00,0.00000E+00
7.30000E+00,2.50000E+02,2.00000E+00,7.09051E-06
7.30000E+00,2.70000E+02,-2.00000E+00,0.00000E+00
7.30000E+00,2.70000E+02,0.00000E+00,0.00000E+00
7.30000E+00,2.70000E+02,2.00000E+00,3.87966E-06
7.30000E+00,2.90000E+02,-2.00000E+00,0.00000E+00
7.30000E+00,2.90000E+02,0.00000E+00,0.00000E+00
7.30000E+00,2.90000E+02,2.00000E+00,2.15583E-06
7.30000E+00,3.10000E+02,-2.00000E+00,0.00000E+00
7.30000E+00,3.10000E+02,0.00000E+00,0.00000E+00
7.30000E+00,3.10000E+02,2.00000E+00,4.70452E-07
7.30000E+00,3.30000E+02,-2.00000E+00,0.00000E+00
7.30000E+00,3.30000E+02,0.00000E+00,0.00000E+00
7.30000E+00,3.30000E+02,2.00000E+00,2.74266E-08
7.30000E+00,3.50000E+02,-2.00000E+00,0.00000E+00
7.30000E+00,3.50000E+02,0.00000E+00,0.00000E+00
7.30000E+00,3.50000E+02,2.00000E+00,0.00000E+00
7.30000E+00,3.70000E+02,-2.00000E+00,0.00000E+00
7.30000E+00,3.70000E+02,0.00000E+00,0.00000E+00
7.30000E+00,3.70000E+02,2.00000E+00,0.00000E+00
7.30000E+00,3.90000E+02,-2.00000E+00,0.00000E+00
7.30000E+00,3.90000E+02,0.00000E+00,0.00000E+00
7.30000E+00,3.90000E+02,2.00000E+00,0.00000E+00
7.50000E+00,1.00000E+01,-2.00000E+00,4.92966E-06
7.50000E+00,1.00000E+01,0.00000E+00,2.13940E-05
7.50000E+00,1.00000E+01,2.00000E+00,4.92966E-06
7.50000E+00,3.00000E+01,-2.00000E+00,1.84920E-06
7.50000E+00,3.00000E+01,0.00000E+00,8.04648E-06
7.50000E+00,3.00000E+01,2.00000E+00,1.85408E-06
7.50000E+00,5.00000E+01,-2.00000E+00,1.84399E-06
7.50000E+00,5.00000E+01,0.00000E+00,8.54393E-06
7.50000E+00,5.00000E+01,2.00000E+00,1.96870E-06
7.50000E+00,7.00000E+01,-2.00000E+00,1.78525E-06
7.50000E+00,7.00000E+01,0.00000E+00,1.03624E-05
7.50000E+00,7.00000E+01,2.00000E+00,2.38772E-06
7.50000E+00,9.00000E+01,-2.00000E+00,9.87025E-07
7.50000E+00,9.00000E+01,0.00000E+00,1.15785E-05
7.50000E+00,9.00000E+01,2.00000E+00,2.66793E-06
7.50000E+00,1.10000E+02,-2.00000E+00,5.15661E-08
7.50000E+00,1.10000E+02,0.00000E+00,2.07172E-05
7.50000E+00,1.10000E+02,2.00000E+00,5.12209E-06
7.50000E+00,1.30000E+02,-2.00000E+00,0.00000E+00
7.50000E+00,1.30000E+02,0.00000E+00,5.28087E-05
7.50000E+00,1.30000E+02,2.00000E+00,1.58943E-05
7.50000E+00,1.50000E+02,-2.00000E+00,0.00000E+00
7.50000E+00,1.50000E+02,0.00000E+00,6.46466E-05
7.50000E+00,1.50000E+02,2.00000E+00,2.58388E-05
7.50000E+00,1.70000E+02,-2.00000E+00,0.00000E+00
7.50000E+00,1.70000E+02,0.00000E+00,4.68954E-05
7.50000E+00,1.70000E+02,2.00000E+00,2.91738E-05
7.50000E+00,1.90000E+02,-2.00000E+00,0.00000E+00
7.50000E+00,1.90000E+02,0.00000E+00,1.81095E-05
7.50000E+00,1.90000E+02,2.00000E+00,2.19810E-05
7.50000E+00,2.10000E+02,-2.00000E+00,0.00000E+00
7.50000E+00,2.10000E+02,0.00000E+00,3.83580E-06
7.50000E+00,2.10000E+02,2.00000E+00,2.00307E-05
7.50000E+00,2.30000E+02,-2.00000E+00,0.00000E+00
7.50000E+00,2.30000E+02,0.00000E+00,1.19667E-08
7.50000E+00,2.30000E+02,2.00000E+00,1.33390E-05
7.50000E+00,2.50000E+02,-2.00000E+00,0.00000E+00
7.50000E+00,2.50000E+02,0.00000E+00,0.00000E+00
7.50000E+00,2.50000E+02,2.00000E+00,6.17812E-06
7.50000E+00,2.70000E+02,-2.00000E+00,0.00000E+00
7.50000E+00,2.70000E+02,0.00000E+00,0.00000E+00
7.50000E+00,2.70000E+02,2.00000E+00,5.04191E-06
7.50000E+00,2.90000E+02,-2.00000E+00,0.00000E+00
7.50000E+00,2.90000E+02,0.00000E+00,0.00000E+00
7.50000E+00,2.90000E+02,2.00000E+00,2.24821E-06
7.50000E+00,3.10000E+02,-2.00000E+00,0.00000E+00
7.50000E+00,3.10000E+02,0.00000E+00,0.00000E+00
7.50000E+00,3.10000E+02,2.00000E+00,6.57548E-07
7.50000E+00,3.30000E+02,-2.00000E+00,0.00000E+00
7.50000E+00,3.30000E+02,0.00000E+00,0.00000E+00
7.50000E+00,3.30000E+02,2.00000E+00,1.59734E-07
7.50000E+00,3.50000E+02,-2.00000E+00,0.00000E+00
7.50000E+00,3.50000E+02,0.00000E+00,0.00000E+00
7.50000E+00,3.50000E+02,2.00000E+00,1.22786E-08
7.50000E+00,3.70000E+02,-2.00000E+00,0.00000E+00
7.50000E+00,3.70000E+02,0.00000E+00,0.00000E+00
7.50000E+00,3.70000E+02,2.00000E+00,0.00000E+00
7.50000E+00,3.90000E+02,-2.00000E+00,0.00000E+00
7.50000E+00,3.90000E+02,0.00000E+00,0.00000E+00
7.50000E+00,3.90000E+02,2.00000E+00,0.00000E+00
7.70000E+00,1.00000E+01,-2.00000E+00,8.49673E-07
7.70000E+00,1.00000E+01,0.00000E+00,3.68749E-06
7.70000E+00,1.00000E+01,2.00000E+00,8.49673E-07
7.70000E+00,3.00000E+01,-2.00000E+00,2.98452E-07
7.70000E+00,3.00000E+01,0.00000E+00,1.29588E-06
7.70000E+00,3.00000E+01,2.00000E+00,2.98598E-07
7.70000E+00,5.00000E+01,-2.00000E+00,3.04427E-07
7.70000E+00,5.00000E+01,0.00000E+00,1.36530E-06
7.70000E+00,5.00000E+01,2.00000E+00,3.14593E-07
7.70000E+00,7.00000E+01,-2.00000E+00,3.30700E-07
7.70000E+00,7.00000E+01,0.00000E+00,1.68067E-06
7.70000E+00,7.00000E+01,2.00000E+00,3.87259E-07
7.70000E+00,9.00000E+01,-2.00000E+00,2.71167E-07
7.70000E+00,9.00000E+01,0.00000E+00,1.98820E-06
7.70000E+00,9.00000E+01,2.00000E+00,4.58121E-07
7.70000E+00,1.10000E+02,-2.00000E+00,2.45409E-07
7.70000E+00,1.10000E+02,0.00000E+00,9.59428E-06
7.70000E+00,1.10000E+02,2.00000E+00,2.23760E-06
7.70000E+00,1.30000E+02,-2.00000E+00,1.17223E-10
7.70000E+00,1.30000E+02,0.00000E+00,1.97306E-05
7.70000E+00,1.30000E+02,2.00000E+00,5.21516E-06
7.70000E+00,1.50000E+02,-2.00000E+00,0.00000E+00
7.70000E+00,1.50000E+02,0.00000E+00,2.30245E-05
7.70000E+00,1.50000E+02,2.00000E+00,7.56491E-06
7.70000E+00,1.70000E+02,-2.00000E+00,0.00000E+00
7.70000E+00,1.70000E+02,0.00000E+00,1.51899E-05
7.70000E+00,1.70000E+02,2.00000E+00,6.88920E-06
7.70000E+00,1.90000E+02,-2.00000E+00,0.00000E+00
7.70000E+00,1.90000E+02,0.00000E+00,7.81335E-06
7.70000E+00,1.90000E+02,2.00000E+00,5.62027E-06
7.70000E+00,2.10000E+02,-2.00000E+00,0.00000E+00
7.70000E+00,2.10000E+02,0.00000E+00,3.02624E-06
7.70000E+00,2.10000E+02,2.00000E+00,4.65821E-06
7.70000E+00,2.30000E+02,-2.00000E+00,0.00000E+00
7.70000E+00,2.30000E+02,0.00000E+00,4.68804E-07
7.70000E+00,2.30000E+02,2.00000E+00,4.06368E-06
7.70000E+00,2.50000E+02,-2.00000E+00,0.00000E+00
7.70000E+00,2.50000E+02,0.00000E+00,0.00000E+00
7.70000E+00,2.50000E+02,2.00000E+00,2.73299E-06
7.70000E+00,2.70000E+02,-2.00000E+00,0.00000E+00
7.70000E+00,2.70000E+02,0.00000E+00,0.00000E+00
7.70000E+00,2.70000E+02,2.00000E+00,2.59890E-06
7.70000E+00,2.90000E+02,-2.00000E+00,0.00000E+00
7.70000E+00,2.90000E+02,0.00000E+00,0.00000E+00
7.70000E+00,2.90000E+02,2.00000E+00,9.84848E-07
7.70000E+00,3.10000E+02,-2.00000E+00,0.00000E+00
7.70000E+00,3.10000E+02,0.00000E+00,0.00000E+00
7.70000E+00,3.10000E+02,2.00000E+00,3.41671E-07
7.70000E+00,3.30000E+02,-2.00000E+00,0.00000E+00
7.70000E+00,3.30000E+02,0.00000E+00,0.00000E+00
7.70000E+00,3.30000E+02,2.00000E+00,1.16334E-07
7.70000E+00,3.50000E+02,-2.00000E+00,0.00000E+00
7.70000E+00,3.50000E+02,0.00000E+00,0.00000E+00
7.70000E+00,3.50000E+02,2.00000E+00,3.45907E-08
7.70000E+00,3.70000E+02,-2.00000E+00,0.00000E+00
7.70000E+00,3.70000E+02,0.00000E+00,0.00000E+00
7.70000E+00,3.70000E+02,2.00000E+00,2.20078E-09
7.70000E+00,3.90000E+02,-2.00000E+00,0.00000E+00
7.70000E+00,3.90000E+02,0.00000E+00,0.00000E+00
7.70000E+00,3.90000E+02,2.00000E+00,0.00000E+00
7.90000E+00,1.00000E+01,-2.00000E+00,0.00000E+00
7.90000E+00,1.00000E+01,0.00000E+00,0.00000E+00
7.90000E+00,1.00000E+01,2.00000E+00,0.00000E+00
7.90000E+00,3.00000E+01,-2.00000E+00,0.00000E+00
7.90000E+00,3.00000E+01,0.00000E+00,0.00000E+00
7.90000E+00,3.00000E+01,2.00000E+00,0.00000E+00
7.90000E+00,5.00000E+01,-2.00000E+00,0.00000E+00
7.90000E+00,5.00000E+01,0.00000E+00,0.00000E+00
7.90000E+00,5.00000E+01,2.00000E+00,0.00000E+00
7.90000E+00,7.00000E+01,-2.00000E+00,0.00000E+00
7.90000E+00,7.00000E+01,0.00000E+00,0.00000E+00
7.90000E+00,7.00000E+01,2.00000E+00,0.00000E+00
7.90000E+00,9.00000E+01,-2.00000E+00,2.73735E-08
7.90000E+00,9.00000E+01,0.00000E+00,1.78304E-07
7.90000E+00,9.00000E+01,2.00000E+00,4.10849E-08
7.90000E+00,1.10000E+02,-2.00000E+00,7.22058E-08
7.90000E+00,1.10000E+02,0.00000E+00,7.91172E-07
7.90000E+00,1.10000E+02,2.00000E+00,1.82302E-07
7.90000E+00,1.30000E+02,-2.00000E+00,7.66668E-09
7.90000E+00,1.30000E+02,0.00000E+00,1.46019E-06
7.90000E+00,1.30000E+02,2.00000E+00,3.50877E-07
7.90000E+00,1.50000E+02,-2.00000E+00,0.00000E+00
7.90000E+00,1.50000E+02,0.00000E+00,1.40078E-06
7.90000E+00,1.50000E+02,2.00000E+00,3.92943E-07
7.90000E+00,1.70000E+02,-2.00000E+00,0.00000E+00
7.90000E+00,1.70000E+02,0.00000E+00,1.05570E-06
7.90000E+00,1.70000E+02,2.00000E+00,3.79142E-07
7.90000E+00,1.90000E+02,-2.00000E+00,0.00000E+00
7.90000E+00,1.90000E+02,0.00000E+00,5.71549E-07
7.90000E+00,1.90000E+02,2.00000E+00,2.88993E-07
7.90000E+00,2.10000E+02,-2.00000E+00,0.00000E+00
7.90000E+00,2.10000E+02,0.00000E+00,2.41136E-07
7.90000E+00,2.10000E+02,2.00000E+00,2.09714E-07
7.90000E+00,2.30000E+02,-2.00000E+00,0.00000E+00
7.90000E+00,2.30000E+02,0.00000E+00,8.87724E-08
7.90000E+00,2.30000E+02,2.00000E+00,1.94237E-07
7.90000E+00,2.50000E+02,-2.00000E+00,0.00000E+00
7.90000E+00,2.50000E+02,0.00000E+00,6.08851E-09
7.90000E+00,2.50000E+02,2.00000E+00,2.88784E-07
7.90000E+00,2.70000E+02,-2.00000E+00,0.00000E+00
7.90000E+00,2.70000E+02,0.00000E+00,0.00000E+00
7.90000E+00,2.70000E+02,2.00000E+00,1.87748E-07
7.90000E+00,2.90000E+02,-2.00000E+00,0.00000E+00
7.90000E+00,2.90000E+02,0.00000E+00,0.00000E+00
7.90000E+00,2.90000E+02,2.00000E+00,8.29425E-08
7.90000E+00,3.10000E+02,-2.00000E+00,0.00000E+00
7.90000E+00,3.10000E+02,0.00000E+00,0.00000E+00
7.90000E+00,3.10000E+02,2.00000E+00,3.09782E-08
7.90000E+00,3.30000E+02,-2.00000E+00,0.00000E+00
7.90000E+00,3.30000E+02,0.00000E+00,0.00000E+00
7.90000E+00,3.30000E+02,2.00000E+00,1.31290E-08
7.90000E+00,3.50000E+02,-2.00000E+00,0.00000E+00
7.90000E+00,3.50000E+02,0.00000E+00,0.00000E+00
7.90000E+00,3.50000E+02,2.00000E+00,5.37354E-09
7.90000E+00,3.70000E+02,-2.00000E+00,0.00000E+00
7.90000E+00,3.70000E+02,0.00000E+00,0.00000E+00
7.90000E+00,3.70000E+02,2.00000E+00,1.30189E-09
7.90000E+00,3.90000E+02,-2.00000E+00,0.00000E+00
7.90000E+00,3.90000E+02,0.00000E+00,0.00000E+00
7.90000E+00,3.90000E+02,2.00000E+00,1.71925E-11
8.10000E+00,1.00000E+01,-2.00000E+00,0.00000E+00
8.10000E+00,1.00000E+01,0.00000E+00,0.00000E+00
8.10000E+00,1.00000E+01,2.00000E+00,0.00000E+00
8.10000E+00,3.00000E+01,-2.00000E+00,0.00000E+00
8.10000E+00,3.00000E+01,0.00000E+00,0.00000E+00
8.10000E+00,3.00000E+01,2.00000E+00,0.00000E+00
8.10000E+00,5.00000E+01,-2.00000E+00,0.00000E+00
8.10000E+00,5.00000E+01,0.00000E+00,0.00000E+00
8.10000E+00,5.00000E+01,2.00000E+00,0.00000E+00
8.10000E+00,7.00000E+01,-2.00000E+00,0.00000E+00
8.10000E+00,7.00000E+01,0.00000E+00,0.00000E+00
8.10000E+00,7.00000E+01,2.00000E+00,0.00000E+00
8.10000E+00,9.00000E+01,-2.00000E+00,0.00000E+00
8.10000E+00,9.00000E+01,0.00000E+00,0.00000E+00
8.10000E+00,9.00000E+01,2.00000E+00,0.00000E+00
8.10000E+00,1.10000E+02,-2.00000E+00,0.00000E+00
8.10000E+00,1.10000E+02,0.00000E+00,0.00000E+00
8.10000E+00,1.10000E+02,2.00000E+00,0.00000E+00
8.10000E+00,1.30000E+02,-2.00000E+00,0.00000E+00
8.10000E+00,1.30000E+02,0.00000E+00,0.00000E+00
8.10000E+00,1.30000E+02,2.00000E+00,0.00000E+00
8.10000E+00,1.50000E+02,-2.00000E+00,0.00000E+00
8.10000E+00,1.50000E+02,0.00000E+00,0.00000E+00
8.10000E+00,1.50000E+02,2.00000E+00,0.00000E+00
8.10000E+00,1.70000E+02,-2.00000E+00,0.00000E+00
8.10000E+00,1.70000E+02,0.00000E+00,0.00000E+00
8.10000E+00,1.70000E+02,2.00000E+00,0.00000E+00
8.10000E+00,1.90000E+02,-2.00000E+00,0.00000E+00
8.10000E+00,1.90000E+02,0.00000E+00,0.00000E+00
8.10000E+00,1.90000E+02,2.00000E+00,0.00000E+00
8.10000E+00,2.10000E+02,-2.00000E+00,0.00000E+00
8.10000E+00,2.10000E+02,0.00000E+00,0.00000E+00
8.10000E+00,2.10000E+02,2.00000E+00,0.00000E+00
8.10000E+00,2.30000E+02,-2.00000E+00,0.00000E+00
8.10000E+00,2.30000E+02,0.00000E+00,0.00000E+00
8.10000E+00,2.30000E+02,2.00000E+00,0.00000E+00
8.10000E+00,2.50000E+02,-2.00000E+00,0.00000E+00
8.10000E+00,2.50000E+02,0.00000E+00,0.00000E+00
8.10000E+00,2.50000E+02,2.00000E+00,0.00000E+00
8.10000E+00,2.70000E+02,-2.00000E+00,0.00000E+00
8.10000E+00,2.70000E+02,0.00000E+00,0.00000E+00
8.10000E+00,2.70000E+02,2.00000E+00,0.00000E+00
8.10000E+00,2.90000E+02,-2.00000E+00,0.00000E+00
8.10000E+00,2.90000E+02,0.00000E+00,0.00000E+00
8.10000E+00,2.90000E+02,2.00000E+00,0.00000E+00
8.10000E+00,3.10000E+02,-2.00000E+00,0.00000E+00
8.10000E+00,3.10000E+02,0.00000E+00,0.00000E+00
8.10000E+00,3.10000E+02,2.00000E+00,0.00000E+00
8.10000E+00,3.30000E+02,-2.00000E+00,0.00000E+00
8.10000E+00,3.30000E+02,0.00000E+00,0.00000E+00
8.10000E+00,3.30000E+02,2.00000E+00,0.00000E+00
8.10000E+00,3.50000E+02,-2.00000E+00,0.00000E+00
8.10000E+00,3.50000E+02,0.00000E+00,0.00000E+00
8.10000E+00,3.50000E+02,2.00000E+00,0.00000E+00
8.10000E+00,3.70000E+02,-2.00000E+00,0.00000E+00
8.10000E+00,3.70000E+02,0.00000E+00,0.00000E+00
8.10000E+00,3.70000E+02,2.00000E+00,0.00000E+00
8.10000E+00,3.90000E+02,-2.00000E+00,0.00000E+00
8.10000E+00,3.90000E+02,0.00000E+00,0.00000E+00
8.10000E+00,3.90000E+02,2.00000E+00,0.00000E+00
8.30000E+00,1.00000E+01,-2.00000E+00,0.00000E+00
8.30000E+00,1.00000E+01,0.00000E+00,0.00000E+00
8.30000E+00,1.00000E+01,2.00000E+00,0.00000E+00
8.30000E+00,3.00000E+01,-2.00000E+00,0.00000E+00
8.30000E+00,3.00000E+01,0.00000E+00,0.00000E+00
8.30000E+00,3.00000E+01,2.00000E+00,0.00000E+00
8.30000E+00,5.00000E+01,-2.00000E+00,0.00000E+00
8.30000E+00,5.00000E+01,0.00000E+00,0.00000E+00
8.30000E+00,5.00000E+01,2.00000E+00,0.00000E+00
8.30000E+00,7.00000E+01,-2.00000E+00,0.00000E+00
8.30000E+00,7.00000E+01,0.00000E+00,0.00000E+00
8.30000E+00,7.00000E+01,2.00000E+00,0.00000E+00
8.30000E+00,9.00000E+01,-2.00000E+00,0.00000E+00
8.30000E+00,9.00000E+01,0.00000E+00,0.00000E+00
8.30000E+00,9.00000E+01,2.00000E+00,0.00000E+00
8.30000E+00,1.10000E+02,-2.00000E+00,0.00000E+00
8.30000E+00,1.10000E+02,0.00000E+00,0.00000E+00
8.30000E+00,1.10000E+02,2.00000E+00,0.00000E+00
8.30000E+00,1.30000E+02,-2.00000E+00,0.00000E+00
8.30000E+00,1.30000E+02,0.00000E+00,0.00000E+00
8.30000E+00,1.30000E+02,2.00000E+00,0.00000E+00
8.30000E+00,1.50000E+02,-2.00000E+00,0.00000E+00
8.30000E+00,1.50000E+02,0.00000E+00,0.00000E+00
8.30000E+00,1.50000E+02,2.00000E+00,0.00000E+00
8.30000E+00,1.70000E+02,-2.00000E+00,0.00000E+00
8.30000E+00,1.70000E+02,0.00000E+00,0.00000E+00
8.30000E+00,1.70000E+02,2.00000E+00,0.00000E+00
8.30000E+00,1.90000E+02,-2.00000E+00,0.00000E+00
8.30000E+00,1.90000E+02,0.00000E+00,0.00000E+00
8.30000E+00,1.90000E+02,2.00000E+00,0.00000E+00
8.30000E+00,2.10000E+02,-2.00000E+00,0.00000E+00
8.30000E+00,2.10000E+02,0.00000E+00,0.00000E+00
8.30000E+00,2.10000E+02,2.00000E+00,0.00000E+00
8.30000E+00,2.30000E+02,-2.00000E+00,0.00000E+00
8.30000E+00,2.30000E+02,0.00000E+00,0.00000E+00
8.30000E+00,2.30000E+02,2.00000E+00,0.00000E+00
8.30000E+00,2.50000E+02,-2.00000E+00,0.00000E+00
8.30000E+00,2.50000E+02,0.00000E+00,0.00000E+00
8.30000E+00,2.50000E+02,2.00000E+00,0.00000E+00
8.30000E+00,2.70000E+02,-2.00000E+00,0.00000E+00
8.30000E+00,2.70000E+02,0.00000E+00,0.00000E+00
8.30000E+00,2.70000E+02,2.00000E+00,0.00000E+00
8.30000E+00,2.90000E+02,-2.00000E+00,0.00000E+00
8.30000E+00,2.90000E+02,0.00000E+00,0.00000E+00
8.30000E+00,2.90000E+02,2.00000E+00,0.00000E+00
8.30000E+00,3.10000E+02,-2.00000E+00,0.00000E+00
8.30000E+00,3.10000E+02,0.00000E+00,0.00000E+00
8.30000E+00,3.10000E+02,2.00000E+00,0.00000E+00
8.30000E+00,3.30000E+02,-2.00000E+00,0.00000E+00
8.30000E+00,3.30000E+02,0.00000E+00,0.00000E+00
8.30000E+00,3.30000E+02,2.00000E+00,0.00000E+00
8.30000E+00,3.50000E+02,-2.00000E+00,0.00000E+00
8.30000E+00,3.50000E+02,0.00000E+00,0.00000E+00
8.30000E+00,3.50000E+02,2.00000E+00,0.00000E+00
8.30000E+00,3.70000E+02,-2.00000E+00,0.00000E+00
8.30000E+00,3.70000E+02,0.00000E+00,0.00000E+00
8.30000E+00,3.70000E+02,2.00000E+00,0.00000E+00
8.30000E+00,3.90000E+02,-2.00000E+00,0.00000E+00
8.30000E+00,3.90000E+02,0.00000E+00,0.00000E+00
8.30000E+00,3.90000E+02,2.00000E+00,0.00000E+00
8.50000E+00,1.00000E+01,-2.00000E+00,0.00000E+00
8.50000E+00,1.00000E+01,0.00000E+00,0.00000E+00
8.50000E+00,1.00000E+01,2.00000E+00,0.00000E+00
8.50000E+00,3.00000E+01,-2.00000E+00,0.00000E+00
8.50000E+00,3.00000E+01,0.00000E+00,0.00000E+00
8.50000E+00,3.00000E+01,2.00000E+00,0.00000E+00
8.50000E+00,5.00000E+01,-2.00000E+00,0.00000E+00
8.50000E+00,5.00000E+01,0.00000E+00,0.00000E+00
8.50000E+00,5.00000E+01,2.00000E+00,0.00000E+00
8.50000E+00,7.00000E+01,-2.00000E+00,0.00000E+00
8.50000E+00,7.00000E+01,0.00000E+00,0.00000E+00
8.50000E+00,7.00000E+01,2.00000E+00,0.00000E+00
8.50000E+00,9.00000E+01,-2.00000E+00,0.00000E+00
8.50000E+00,9.00000E+01,0.00000E+00,0.00000E+00
8.50000E+00,9.00000E+01,2.00000E+00,0.00000E+00
8.50000E+00,1.10000E+02,-2.00000E+00,0.00000E+00
8.50000E+00,1.10000E+02,0.00000E+00,0.00000E+00
8.50000E+00,1.10000E+02,2.00000E+00,0.00000E+00
8.50000E+00,1.30000E+02,-2.00000E+00,0.00000E+00
8.50000E+00,1.30000E+02,0.00000E+00,0.00000E+00
8.50000E+00,1.30000E+02,2.00000E+00,0.00000E+00
8.50000E+00,1.50000E+02,-2.00000E+00,0.00000E+00
8.50000E+00,1.50000E+02,0.00000E+00,0.00000E+00
8.50000E+00,1.50000E+02,2.00000E+00,0.00000E+00
8.50000E+00,1.70000E+02,-2.00000E+00,0.00000E+00
8.50000E+00,1.70000E+02,0.00000E+00,0.00000E+00
8.50000E+00,1.70000E+02,2.00000E+00,0.00000E+00
8.50000E+00,1.90000E+02,-2.00000E+00,0.00000E+00
8.50000E+00,1.90000E+02,0.00000E+00,0.00000E+00
8.50000E+00,1.90000E+02,2.00000E+00,0.00000E+00
8.50000E+00,2.10000E+02,-2.00000E+00,0.00000E+00
8.50000E+00,2.10000E+02,0.00000E+00,0.00000E+00
8.50000E+00,2.10000E+02,2.00000E+00,0.00000E+00
8.50000E+00,2.30000E+02,-2.00000E+00,0.00000E+00
8.50000E+00,2.30000E+02,0.00000E+00,0.00000E+00
8.50000E+00,2.30000E+02,2.00000E+00,0.00000E+00
8.50000E+00,2.50000E+02,-2.00000E+00,0.00000E+00
8.50000E+00,2.50000E+02,0.00000E+00,0.00000E+00
8.50000E+00,2.50000E+02,2.00000E+00,0.00000E+00
8.50000E+00,2.70000E+02,-2.00000E+00,0.00000E+00
8.50000E+00,2.70000E+02,0.00000E+00,0.00000E+00
8.50000E+00,2.70000E+02,2.00000E+00,0.00000E+00
8.50000E+00,2.90000E+02,-2.00000E+00,0.00000E+00
8.50000E+00,2.90000E+02,0.00000E+00,0.00000E+00
8.50000E+00,2.90000E+02,2.00000E+00,0.00000E+00
8.50000E+00,3.10000E+02,-2.00000E+00,0.00000E+00
8.50000E+00,3.10000E+02,0.00000E+00,0.00000E+00
8.50000E+00,3.10000E+02,2.00000E+00,0.00000E+00
8.50000E+00,3.30000E+02,-2.00000E+00,0.00000E+00
8.50000E+00,3.30000E+02,0.00000E+00,0.00000E+00
8.50000E+00,3.30000E+02,2.00000E+00,0.00000E+00
8.50000E+00,3.50000E+02,-2.00000E+00,0.00000E+00
8.50000E+00,3.50000E+02,0.00000E+00,0.00000E+00
8.50000E+00,3.50000E+02,2.00000E+00,0.00000E+00
8.50000E+00,3.70000E+02,-2.00000E+00,0.00000E+00
8.50000E+00,3.70000E+02,0.00000E+00,0.00000E+00
8.50000E+00,3.70000E+02,2.00000E+00,0.00000E+00
8.50000E+00,3.90000E+02,-2.00000E+00,0.00000E+00
8.50000E+00,3.90000E+02,0.00000E+00,0.00000E+00
8.50000E+00,3.90000E+02,2.00000E+00,0.00000E+00
8.70000E+00,1.00000E+01,-2.00000E+00,0.00000E+00
8.70000E+00,1.00000E+01,0.00000E+00,0.00000E+00
8.70000E+00,1.00000E+01,2.00000E+00,0.00000E+00
8.70000E+00,3.00000E+01,-2.00000E+00,0.00000E+00
8.70000E+00,3.00000E+01,0.00000E+00,0.00000E+00
8.70000E+00,3.00000E+01,2.00000E+00,0.00000E+00
8.70000E+00,5.00000E+01,-2.00000E+00,0.00000E+00
8.70000E+00,5.00000E+01,0.00000E+00,0.00000E+00
8.70000E+00,5.00000E+01,2.00000E+00,0.00000E+00
8.70000E+00,7.00000E+01,-2.00000E+00,0.00000E+00
8.70000E+00,7.00000E+01,0.00000E+00,0.00000E+00
8.70000E+00,7.00000E+01,2.00000E+00,0.00000E+00
8.70000E+00,9.00000E+01,-2.00000E+00,0.00000E+00
8.70000E+00,9.00000E+01,0.00000E+00,0.00000E+00
8.70000E+00,9.00000E+01,2.00000E+00,0.00000E+00
8.70000E+00,1.10000E+02,-2.00000E+00,0.00000E+00
8.70000E+00,1.10000E+02,0.00000E+00,0.00000E+00
8.70000E+00,1.10000E+02,2.00000E+00,0.00000E+00
8.70000E+00,1.30000E+02,-2.00000E+00,0.00000E+00
8.70000E+00,1.30000E+02,0.00000E+00,0.00000E+00
8.70000E+00,1.30000E+02,2.00000E+00,0.00000E+00
8.70000E+00,1.50000E+02,-2.00000E+00,0.00000E+00
8.70000E+00,1.50000E+02,0.00000E+00,0.00000E+00
8.70000E+00,1.50000E+02,2.00000E+00,0.00000E+00
8.70000E+00,1.70000E+02,-2.00000E+00,0.00000E+00
8.70000E+00,1.70000E+02,0.00000E+00,0.00000E+00
8.70000E+00,1.70000E+02,2.00000E+00,0.00000E+00
8.70000E+00,1.90000E+02,-2.00000E+00,0.00000E+00
8.70000E+00,1.90000E+02,0.00000E+00,0.00000E+00
8.70000E+00,1.90000E+02,2.00000E+00,0.00000E+00
8.70000E+00,2.10000E+02,-2.00000E+00,0.00000E+00
8.70000E+00,2.10000E+02,0.00000E+00,0.00000E+00
8.70000E+00,2.10000E+02,2.00000E+00,0.00000E+00
8.70000E+00,2.30000E+02,-2.00000E+00,0.00000E+00
8.70000E+00,2.30000E+02,0.00000E+00,0.00000E+00
8.70000E+00,2.30000E+02,2.00000E+00,0.00000E+00
8.70000E+00,2.50000E+02,-2.00000E+00,0.00000E+00
8.70000E+00,2.50000E+02,0.00000E+00,0.00000E+00
8.70000E+00,2.50000E+02,2.00000E+00,0.00000E+00
8.70000E+00,2.70000E+02,-2.00000E+00,0.00000E+00
8.70000E+00,2.70000E+02,0.00000E+00,0.00000E+00
8.70000E+00,2.70000E+02,2.00000E+00,0.00000E+00
8.70000E+00,2.90000E+02,-2.00000E+00,0.00000E+00
8.70000E+00,2.90000E+02,0.00000E+00,0.00000E+00
8.70000E+00,2.90000E+02,2.00000E+00,0.00000E+00
8.70000E+00,3.10000E+02,-2.00000E+00,0.00000E+00
8.70000E+00,3.10000E+02,0.00000E+00,0.00000E+00
8.70000E+00,3.10000E+02,2.00000E+00,0.00000E+00
8.70000E+00,3.30000E+02,-2.00000E+00,0.00000E+00
8.70000E+00,3.30000E+02,0.00000E+00,0.00000E+00
8.70000E+00,3.30000E+02,2.00000E+00,0.00000E+00
8.70000E+00,3.50000E+02,-2.00000E+00,0.00000E+00
8.70000E+00,3.50000E+02,0.00000E+00,0.00000E+00
8.70000E+00,3.50000E+02,2.00000E+00,0.00000E+00
8.70000E+00,3.70000E+02,-2.00000E+00,0.00000E+00
8.70000E+00,3.70000E+02,0.00000E+00,0.00000E+00
8.70000E+00,3.70000E+02,2.00000E+00,0.00000E+00
8.70000E+00,3.90000E+02,-2.00000E+00,0.00000E+00
8.70000E+00,3.90000E+02,0.00000E+00,0.00000E+00
8.70000E+00,3.90000E+02,2.00000E+00,0.00000E+00
8.90000E+00,1.00000E+01,-2.00000E+00,0.00000E+00
8.90000E+00,1.00000E+01,0.00000E+00,0.00000E+00
8.90000E+00,1.00000E+01,2.00000E+00,0.00000E+00
8.90000E+00,3.00000E+01,-2.00000E+00,0.00000E+00
8.90000E+00,3.00000E+01,0.00000E+00,0.00000E+00
8.90000E+00,3.00000E+01,2.00000E+00,0.00000E+00
8.90000E+00,5.00000E+01,-2.00000E+00,0.00000E+00
8.90000E+00,5.00000E+01,0.00000E+00,0.00000E+00
8.90000E+00,5.00000E+01,2.00000E+00,0.00000E+00
8.90000E+00,7.00000E+01,-2.00000E+00,0.00000E+00
8.90000E+00,7.00000E+01,0.00000E+00,0.00000E+00
8.90000E+00,7.00000E+01,2.00000E+00,0.00000E+00
8.90000E+00,9.00000E+01,-2.00000E+00,0.00000E+00
8.90000E+00,9.00000E+01,0.00000E+00,0.00000E+00
8.90000E+00,9.00000E+01,2.00000E+00,0.00000E+00
8.90000E+00,1.10000E+02,-2.00000E+00,0.00000E+00
8.90000E+00,1.10000E+02,0.00000E+00,0.00000E+00
8.90000E+00,1.10000E+02,2.00000E+00,0.00000E+00
8.90000E+00,1.30000E+02,-2.00000E+00,0.00000E+00
8.90000E+00,1.30000E+02,0.00000E+00,0.00000E+00
8.90000E+00,1.30000E+02,2.00000E+00,0.00000E+00
8.90000E+00,1.50000E+02,-2.00000E+00,0.00000E+00
8.90000E+00,1.50000E+02,0.00000E+00,0.00000E+00
8.90000E+00,1.50000E+02,2.00000E+00,0.00000E+00
8.90000E+00,1.70000E+02,-2.00000E+00,0.00000E+00
8.90000E+00,1.70000E+02,0.00000E+00,0.00000E+00
8.90000E+00,1.70000E+02,2.00000E+00,0.00000E+00
8.90000E+00,1.90000E+02,-2.00000E+00,0.00000E+00
8.90000E+00,1.90000E+02,0.00000E+00,0.00000E+00
8.90000E+00,1.90000E+02,2.00000E+00,0.00000E+00
8.90000E+00,2.10000E+02,-2.00000E+00,0.00000E+00
8.90000E+00,2.10000E+02,0.00000E+00,0.00000E+00
8.90000E+00,2.10000E+02,2.00000E+00,0.00000E+00
8.90000E+00,2.30000E+02,-2.00000E+00,0.00000E+00
8.90000E+00,2.30000E+02,0.00000E+00,0.00000E+00
8.90000E+00,2.30000E+02,2.00000E+00,0.00000E+00
8.90000E+00,2.50000E+02,-2.00000E+00,0.00000E+00
8.90000E+00,2.50000E+02,0.00000E+00,0.00000E+00
8.90000E+00,2.50000E+02,2.00000E+00,0.00000E+00
8.90000E+00,2.70000E+02,-2.00000E+00,0.00000E+00
8.90000E+00,2.70000E+02,0.00000E+00,0.00000E+00
8.90000E+00,2.70000E+02,2.00000E+00,0.00000E+00
8.90000E+00,2.90000E+02,-2.00000E+00,0.00000E+00
8.90000E+00,2.90000E+02,0.00000E+00,0.00000E+00
8.90000E+00,2.90000E+02,2.00000E+00,0.00000E+00
8.90000E+00,3.10000E+02,-2.00000E+00,0.00000E+00
8.90000E+00,3.10000E+02,0.00000E+00,0.00000E+00
8.90000E+00,3.10000E+02,2.00000E+00,0.00000E+00
8.90000E+00,3.30000E+02,-2.00000E+00,0.00000E+00
8.90000E+00,3.30000E+02,0.00000E+00,0.00000E+00
8.90000E+00,3.30000E+02,2.00000E+00,0.00000E+00
8.90000E+00,3.50000E+02,-2.00000E+00,0.00000E+00
8.90000E+00,3.50000E+02,0.00000E+00,0.00000E+00
8.90000E+00,3.50000E+02,2.00000E+00,0.00000E+00
8.90000E+00,3.70000E+02,-2.00000E+00,0.00000E+00
8.90000E+00,3.70000E+02,0.00000E+00,0.00000E+00
8.90000E+00,3.70000E+02,2.00000E+00,0.00000E+00
8.90000E+00,3.90000E+02,-2.00000E+00,0.00000E+00
8.90000E+00,3.90000E+02,0.00000E+00,0.00000E+00
8.90000E+00,3.90000E+02,2.00000E+00,0.00000E+00
9.10000E+00,1.00000E+01,-2.00000E+00,0.00000E+00
9.10000E+00,1.00000E+01,0.00000E+00,0.00000E+00
9.10000E+00,1.00000E+01,2.00000E+00,0.00000E+00
9.10000E+00,3.00000E+01,-2.00000E+00,0.00000E+00
9.10000E+00,3.00000E+01,0.00000E+00,0.00000E+00
9.10000E+00,3.00000E+01,2.00000E+00,0.00000E+00
9.10000E+00,5.00000E+01,-2.00000E+00,0.00000E+00
9.10000E+00,5.00000E+01,0.00000E+00,0.00000E+00
9.10000E+00,5.00000E+01,2.00000E+00,0.00000E+00
9.10000E+00,7.00000E+01,-2.00000E+00,0.00000E+00
9.10000E+00,7.00000E+01,0.00000E+00,0.00000E+00
9.10000E+00,7.00000E+01,2.00000E+00,0.00000E+00
9.10000E+00,9.00000E+01,-2.00000E+00,0.00000E+00
9.10000E+00,9.00000E+01,0.00000E+00,0.00000E+00
9.10000E+00,9.00000E+01,2.00000E+00,0.00000E+00
9.10000E+00,1.10000E+02,-2.00000E+00,0.00000E+00
9.10000E+00,1.10000E+02,0.00000E+00,0.00000E+00
9.10000E+00,1.10000E+02,2.00000E+00,0.00000E+00
9.10000E+00,1.30000E+02,-2.00000E+00,0.00000E+00
9.10000E+00,1.30000E+02,0.00000E+00,0.00000E+00
9.10000E+00,1.30000E+02,2.00000E+00,0.00000E+00
9.10000E+00,1.50000E+02,-2.00000E+00,0.00000E+00
9.10000E+00,1.50000E+02,0.00000E+00,0.00000E+00
9.10000E+00,1.50000E+02,2.00000E+00,0.00000E+00
9.10000E+00,1.70000E+02,-2.00000E+00,0.00000E+00
9.10000E+00,1.70000E+02,0.00000E+00,0.00000E+00
9.10000E+00,1.70000E+02,2.00000E+00,0.00000E+00
9.10000E+00,1.90000E+02,-2.00000E+00,0.00000E+00
9.10000E+00,1.90000E+02,0.00000E+00,0.00000E+00
9.10000E+00,1.90000E+02,2.00000E+00,0.00000E+00
9.10000E+00,2.10000E+02,-2.00000E+00,0.00000E+00
9.10000E+00,2.10000E+02,0.00000E+00,0.00000E+00
9.10000E+00,2.10000E+02,2.00000E+00,0.00000E+00
9.10000E+00,2.30000E+02,-2.00000E+00,0.00000E+00
9.10000E+00,2.30000E+02,0.00000E+00,0.00000E+00
9.10000E+00,2.30000E+02,2.00000E+00,0.00000E+00
9.10000E+00,2.50000E+02,-2.00000E+00,0.00000E+00
9.10000E+00,2.50000E+02,0.00000E+00,0.00000E+00
9.10000E+00,2.50000E+02,2.00000E+00,0.00000E+00
9.10000E+00,2.70000E+02,-2.00000E+00,0.00000E+00
9.10000E+00,2.70000E+02,0.00000E+00,0.00000E+00
9.10000E+00,2.70000E+02,2.00000E+00,0.00000E+00
9.10000E+00,2.90000E+02,-2.00000E+00,0.00000E+00
9.10000E+00,2.90000E+02,0.00000E+00,0.00000E+00
9.10000E+00,2.90000E+02,2.00000E+00,0.00000E+00
9.10000E+00,3.10000E+02,-2.00000E+00,0.00000E+00
9.10000E+00,3.10000E+02,0.00000E+00,0.00000E+00
9.10000E+00,3.10000E+02,2.00000E+00,0.00000E+00
9.10000E+00,3.30000E+02,-2.00000E+00,0.00000E+00
9.10000E+00,3.30000E+02,0.00000E+00,0.00000E+00
9.10000E+00,3.30000E+02,2.00000E+00,0.00000E+00
9.10000E+00,3.50000E+02,-2.00000E+00,0.00000E+00
9.10000E+00,3.50000E+02,0.00000E+00,0.00000E+00
9.10000E+00,3.50000E+02,2.00000E+00,0.00000E+00
9.10000E+00,3.70000E+02,-2.00000E+00,0.00000E+00
9.10000E+00,3.70000E+02,0.00000E+00,0.00000E+00
9.10000E+00,3.70000E+02,2.00000E+00,0.00000E+00
9.10000E+00,3.90000E+02,-2.00000E+00,0.00000E+00
9.10000E+00,3.90000E+02,0.00000E+00,0.00000E+00
9.10000E+00,3.90000E+02,2.00000E+00,0.00000E+00
9.30000E+00,1.00000E+01,-2.00000E+00,0.00000E+00
9.30000E+00,1.00000E+01,0.00000E+00,0.00000E+00
9.30000E+00,1.00000E+01,2.00000E+00,0.00000E+00
9.30000E+00,3.00000E+01,-2.00000E+00,0.00000E+00
9.30000E+00,3.00000E+01,0.00000E+00,0.00000E+00
9.30000E+00,3.00000E+01,2.00000E+00,0.00000E+00
9.30000E+00,5.00000E+01,-2.00000E+00,0.00000E+00
9.30000E+00,5.00000E+01,0.00000E+00,0.00000E+00
9.30000E+00,5.00000E+01,2.00000E+00,0.00000E+00
9.30000E+00,7.00000E+01,-2.00000E+00,0.00000E+00
9.30000E+00,7.00000E+01,0.00000E+00,0.00000E+00
9.30000E+00,7.00000E+01,2.00000E+00,0.00000E+00
9.30000E+00,9.00000E+01,-2.00000E+00,0.00000E+00
9.30000E+00,9.00000E+01,0.00000E+00,0.00000E+00
9.30000E+00,9.00000E+01,2.00000E+00,0.00000E+00
9.30000E+00,1.10000E+02,-2.00000E+00,0.00000E+00
9.30000E+00,1.10000E+02,0.00000E+00,0.00000E+00
9.30000E+00,1.10000E+02,2.00000E+00,0.00000E+00
9.30000E+00,1.30000E+02,-2.00000E+00,0.00000E+00
9.30000E+00,1.30000E+02,0.00000E+00,0.00000E+00
9.30000E+00,1.30000E+02,2.00000E+00,0.00000E+00
9.30000E+00,1.50000E+02,-2.00000E+00,0.00000E+00
9.30000E+00,1.50000E+02,0.00000E+00,0.00000E+00
9.30000E+00,1.50000E+02,2.00000E+00,0.00000E+00
9.30000E+00,1.70000E+02,-2.00000E+00,0.00000E+00
9.30000E+00,1.70000E+02,0.00000E+00,0.00000E+00
9.30000E+00,1.70000E+02,2.00000E+00,0.00000E+00
9.30000E+00,1.90000E+02,-2.00000E+00,0.00000E+00
9.30000E+00,1.90000E+02,0.00000E+00,0.00000E+00
9.30000E+00,1.90000E+02,2.00000E+00,0.00000E+00
9.30000E+00,2.10000E+02,-2.00000E+00,0.00000E+00
9.30000E+00,2.10000E+02,0.00000E+00,0.00000E+00
9.30000E+00,2.10000E+02,2.00000E+00,0.00000E+00
9.30000E+00,2.30000E+02,-2.00000E+00,0.00000E+00
9.30000E+00,2.30000E+02,0.00000E+00,0.00000E+00
9.30000E+00,2.30000E+02,2.00000E+00,0.00000E+00
9.30000E+00,2.50000E+02,-2.00000E+00,0.00000E+00
9.30000E+00,2.50000E+02,0.00000E+00,0.00000E+00
9.30000E+00,2.50000E+02,2.00000E+00,0.00000E+00
9.30000E+00,2.70000E+02,-2.00000E+00,0.00000E+00
9.30000E+00,2.70000E+02,0.00000E+00,0.00000E+00
9.30000E+00,2.70000E+02,2.00000E+00,0.00000E+00
9.30000E+00,2.90000E+02,-2.00000E+00,0.00000E+00
9.30000E+00,2.90000E+02,0.00000E+00,0.00000E+00
9.30000E+00,2.90000E+02,2.00000E+00,0.00000E+00
9.30000E+00,3.10000E+02,-2.00000E+00,0.00000E+00
9.30000E+00,3.10000E+02,0.00000E+00,0.00000E+00
9.30000E+00,3.10000E+02,2.00000E+00,0.00000E+00
9.30000E+00,3.30000E+02,-2.00000E+00,0.00000E+00
9.30000E+00,3.30000E+02,0.00000E+00,0.00000E+00
9.30000E+00,3.30000E+02,2.00000E+00,0.00000E+00
9.30000E+00,3.50000E+02,-2.00000E+00,0.00000E+00
9.30000E+00,3.50000E+02,0.00000E+00,0.00000E+00
9.30000E+00,3.50000E+02,2.00000E+00,0.00000E+00
9.30000E+00,3.70000E+02,-2.00000E+00,0.00000E+00
9.30000E+00,3.70000E+02,0.00000E+00,0.00000E+00
9.30000E+00,3.70000E+02,2.00000E+00,0.00000E+00
9.30000E+00,3.90000E+02,-2.00000E+00,0.00000E+00
9.30000E+00,3.90000E+02,0.00000E+00,0.00000E+00
9.30000E+00,3.90000E+02,2.00000E+00,0.00000E+00
9.50000E+00,1.00000E+01,-2.00000E+00,0.00000E+00
9.50000E+00,1.00000E+01,0.00000E+00,0.00000E+00
9.50000E+00,1.00000E+01,2.00000E+00,0.00000E+00
9.50000E+00,3.00000E+01,-2.00000E+00,0.00000E+00
9.50000E+00,3.00000E+01,0.00000E+00,0.00000E+00
9.50000E+00,3.00000E+01,2.00000E+00,0.00000E+00
9.50000E+00,5.00000E+01,-2.00000E+00,0.00000E+00
9.50000E+00,5.00000E+01,0.00000E+00,0.00000E+00
9.50000E+00,5.00000E+01,2.00000E+00,0.00000E+00
9.50000E+00,7.00000E+01,-2.00000E+00,0.00000E+00
9.50000E+00,7.00000E+01,0.00000E+00,0.00000E+00
9.50000E+00,7.00000E+01,2.00000E+00,0.00000E+00
9.50000E+00,9.00000E+01,-2.00000E+00,0.00000E+00
9.50000E+00,9.00000E+01,0.00000E+00,0.00000E+00
9.50000E+00,9.00000E+01,2.00000E+00,0.00000E+00
9.50000E+00,1.10000E+02,-2.00000E+00,0.00000E+00
9.50000E+00,1.10000E+02,0.00000E+00,0.00000E+00
9.50000E+00,1.10000E+02,2.00000E+00,0.00000E+00
9.50000E+00,1.30000E+02,-2.00000E+00,0.00000E+00
9.50000E+00,1.30000E+02,0.00000E+00,0.00000E+00
9.50000E+00,1.30000E+02,2.00000E+00,0.00000E+00
9.50000E+00,1.50000E+02,-2.00000E+00,0.00000E+00
9.50000E+00,1.50000E+02,0.00000E+00,0.00000E+00
9.50000E+00,1.50000E+02,2.00000E+00,0.00000E+00
9.50000E+00,1.70000E+02,-2.00000E+00,0.00000E+00
9.50000E+00,1.70000E+02,0.00000E+00,0.00000E+00
9.50000E+00,1.70000E+02,2.00000E+00,0.00000E+00
9.50000E+00,1.90000E+02,-2.00000E+00,0.00000E+00
9.50000E+00,1.90000E+02,0.00000E+00,0.00000E+00
9.50000E+00,1.90000E+02,2.00000E+00,0.00000E+00
9.50000E+00,2.10000E+02,-2.00000E+00,0.00000E+00
9.50000E+00,2.10000E+02,0.00000E+00,0.00000E+00
9.50000E+00,2.10000E+02,2.00000E+00,0.00000E+00
9.50000E+00,2.30000E+02,-2.00000E+00,0.00000E+00
9.50000E+00,2.30000E+02,0.00000E+00,0.00000E+00
9.50000E+00,2.30000E+02,2.00000E+00,0.00000E+00
9.50000E+00,2.50000E+02,-2.00000E+00,0.00000E+00
9.50000E+00,2.50000E+02,0.00000E+00,0.00000E+00
9.50000E+00,2.50000E+02,2.00000E+00,0.00000E+00
9.50000E+00,2.70000E+02,-2.00000E+00,0.00000E+00
9.50000E+00,2.70000E+02,0.00000E+00,0.00000E+00
9.50000E+00,2.70000E+02,2.00000E+00,0.00000E+00
9.50000E+00,2.90000E+02,-2.00000E+00,0.00000E+00
9.50000E+00,2.90000E+02,0.00000E+00,0.00000E+00
9.50000E+00,2.90000E+02,2.00000E+00,0.00000E+00
9.50000E+00,3.10000E+02,-2.00000E+00,0.00000E+00
9.50000E+00,3.10000E+02,0.00000E+00,0.00000E+00
9.50000E+00,3.10000E+02,2.00000E+00,0.00000E+00
9.50000E+00,3.30000E+02,-2.00000E+00,0.00000E+00
9.50000E+00,3.30000E+02,0.00000E+00,0.00000E+00
9.50000E+00,3.30000E+02,2.00000E+00,0.00000E+00
9.50000E+00,3.50000E+02,-2.00000E+00,0.00000E+00
9.50000E+00,3.50000E+02,0.00000E+00,0.00000E+00
9.50000E+00,3.50000E+02,2.00000E+00,0.00000E+00
9.50000E+00,3.70000E+02,-2.00000E+00,0.00000E+00
9.50000E+00,3.70000E+02,0.00000E+00,0.00000E+00
9.50000E+00,3.70000E+02,2.00000E+00,0.00000E+00
9.50000E+00,3.90000E+02,-2.00000E+00,0.00000E+00
9.50000E+00,3.90000E+02,0.00000E+00,0.00000E+00
9.50000E+00,3.90000E+02,2.00000E+00,0.00000E+00
9.70000E+00,1.00000E+01,-2.00000E+00,0.00000E+00
9.70000E+00,1.00000E+01,0.00000E+00,0.00000E+00
9.70000E+00,1.00000E+01,2.00000E+00,0.00000E+00
9.70000E+00,3.00000E+01,-2.00000E+00,0.00000E+00
9.70000E+00,3.00000E+01,0.00000E+00,0.00000E+00
9.70000E+00,3.00000E+01,2.00000E+00,0.00000E+00
9.70000E+00,5.00000E+01,-2.00000E+00,0.00000E+00
9.70000E+00,5.00000E+01,0.00000E+00,0.00000E+00
9.70000E+00,5.00000E+01,2.00000E+00,0.00000E+00
9.70000E+00,7.00000E+01,-2.00000E+00,0.00000E+00
9.70000E+00,7.00000E+01,0.00000E+00,0.00000E+00
9.70000E+00,7.00000E+01,2.00000E+00,0.00000E+00
9.70000E+00,9.00000E+01,-2.00000E+00,0.00000E+00
9.70000E+00,9.00000E+01,0.00000E+00,0.00000E+00
9.70000E+00,9.00000E+01,2.00000E+00,0.00000E+00
9.70000E+00,1.10000E+02,-2.00000E+00,0.00000E+00
9.70000E+00,1.10000E+02,0.00000E+00,0.00000E+00
9.70000E+00,1.10000E+02,2.00000E+00,0.00000E+00
9.70000E+00,1.30000E+02,-2.00000E+00,0.00000E+00
9.70000E+00,1.30000E+02,0.00000E+00,0.00000E+00
9.70000E+00,1.30000E+02,2.00000E+00,0.00000E+00
9.70000E+00,1.50000E+02,-2.00000E+00,0.00000E+00
9.70000E+00,1.50000E+02,0.00000E+00,0.00000E+00
9.70000E+00,1.50000E+02,2.00000E+00,0.00000E+00
9.70000E+00,1.70000E+02,-2.00000E+00,0.00000E+00
9.70000E+00,1.70000E+02,0.00000E+00,0.00000E+00
9.70000E+00,1.70000E+02,2.00000E+00,0.00000E+00
9.70000E+00,1.90000E+02,-2.00000E+00,0.00000E+00
9.70000E+00,1.90000E+02,0.00000E+00,0.00000E+00
9.70000E+00,1.90000E+02,2.00000E+00,0.00000E+00
9.70000E+00,2.10000E+02,-2.00000E+00,0.00000E+00
9.70000E+00,2.10000E+02,0.00000E+00,0.00000E+00
9.70000E+00,2.10000E+02,2.00000E+00,0.00000E+00
9.70000E+00,2.30000E+02,-2.00000E+00,0.00000E+00
9.70000E+00,2.30000E+02,0.00000E+00,0.00000E+00
9.70000E+00,2.30000E+02,2.00000E+00,0.00000E+00
9.70000E+00,2.50000E+02,-2.00000E+00,0.00000E+00
9.70000E+00,2.50000E+02,0.00000E+00,0.00000E+00
9.70000E+00,2.50000E+02,2.00000E+00,0.00000E+00
9.70000E+00,2.70000E+02,-2.00000E+00,0.00000E+00
9.70000E+00,2.70000E+02,0.00000E+00,0.00000E+00
9.70000E+00,2.70000E+02,2.00000E+00,0.00000E+00
9.70000E+00,2.90000E+02,-2.00000E+00,0.00000E+00
9.70000E+00,2.90000E+02,0.00000E+00,0.00000E+00
9.70000E+00,2.90000E+02,2.00000E+00,0.00000E+00
9.70000E+00,3.10000E+02,-2.00000E+00,0.00000E+00
9.70000E+00,3.10000E+02,0.00000E+00,0.00000E+00
9.70000E+00,3.10000E+02,2.00000E+00,0.00000E+00
9.70000E+00,3.30000E+02,-2.00000E+00,0.00000E+00
9.70000E+00,3.30000E+02,0.00000E+00,0.00000E+00
9.70000E+00,3.30000E+02,2.00000E+00,0.00000E+00
9.70000E+00,3.50000E+02,-2.00000E+00,0.00000E+00
9.70000E+00,3.50000E+02,0.00000E+00,0.00000E+00
9.70000E+00,3.50000E+02,2.00000E+00,0.00000E+00
9.70000E+00,3.70000E+02,-2.00000E+00,0.00000E+00
9.70000E+00,3.70000E+02,0.00000E+00,0.00000E+00
9.70000E+00,3.70000E+02,2.00000E+00,0.00000E+00
9.70000E+00,3.90000E+02,-2.00000E+00,0.00000E+00
9.70000E+00,3.90000E+02,0.00000E+00,0.00000E+00
9.70000E+00,3.90000E+02,2.00000E+00,0.00000E+00
