# smlt_path='b5', gsimlt_path='AtkinsonBoore2006Modified2011_BooreEtAl2014_@', imt='SA', investigation_time=50.0, lon=138.60000000000002, lat=-34.93, poe='0.0200000', iml='5.2538446e-02'
mag,dist,eps,poe
4.50000E+00,1.00000E+01,-2.00000E+00,0.00000E+00
4.50000E+00,1.00000E+01,0.00000E+00,0.00000E+00
4.50000E+00,1.00000E+01,2.00000E+00,8.27980E-07
4.50000E+00,3.00000E+01,-2.00000E+00,0.00000E+00
4.50000E+00,3.00000E+01,0.00000E+00,0.00000E+00
4.50000E+00,3.00000E+01,2.00000E+00,0.00000E+00
4.50000E+00,5.00000E+01,-2.00000E+00,0.00000E+00
4.50000E+00,5.00000E+01,0.00000E+00,0.00000E+00
4.50000E+00,5.00000E+01,2.00000E+00,0.00000E+00
4.50000E+00,7.00000E+01,-2.00000E+00,0.00000E+00
4.50000E+00,7.00000E+01,0.00000E+00,0.00000E+00
4.50000E+00,7.00000E+01,2.00000E+00,0.00000E+00
4.50000E+00,9.00000E+01,-2.00000E+00,0.00000E+00
4.50000E+00,9.00000E+01,0.00000E+00,0.00000E+00
4.50000E+00,9.00000E+01,2.00000E+00,0.00000E+00
4.50000E+00,1.10000E+02,-2.00000E+00,0.00000E+00
4.50000E+00,1.10000E+02,0.00000E+00,0.00000E+00
4.50000E+00,1.10000E+02,2.00000E+00,0.00000E+00
4.50000E+00,1.30000E+02,-2.00000E+00,0.00000E+00
4.50000E+00,1.30000E+02,0.00000E+00,0.00000E+00
4.50000E+00,1.30000E+02,2.00000E+00,0.00000E+00
4.50000E+00,1.50000E+02,-2.00000E+00,0.00000E+00
4.50000E+00,1.50000E+02,0.00000E+00,0.00000E+00
4.50000E+00,1.50000E+02,2.00000E+00,0.00000E+00
4.50000E+00,1.70000E+02,-2.00000E+00,0.00000E+00
4.50000E+00,1.70000E+02,0.00000E+00,0.00000E+00
4.50000E+00,1.70000E+02,2.00000E+00,0.00000E+00
4.50000E+00,1.90000E+02,-2.00000E+00,0.00000E+00
4.50000E+00,1.90000E+02,0.00000E+00,0.00000E+00
4.50000E+00,1.90000E+02,2.00000E+00,0.00000E+00
4.50000E+00,2.10000E+02,-2.00000E+00,0.00000E+00
4.50000E+00,2.10000E+02,0.00000E+00,0.00000E+00
4.50000E+00,2.10000E+02,2.00000E+00,0.00000E+00
4.50000E+00,2.30000E+02,-2.00000E+00,0.00000E+00
4.50000E+00,2.30000E+02,0.00000E+00,0.00000E+00
4.50000E+00,2.30000E+02,2.00000E+00,0.00000E+00
4.50000E+00,2.50000E+02,-2.00000E+00,0.00000E+00
4.50000E+00,2.50000E+02,0.00000E+00,0.00000E+00
4.50000E+00,2.50000E+02,2.00000E+00,0.00000E+00
4.50000E+00,2.70000E+02,-2.00000E+00,0.00000E+00
4.50000E+00,2.70000E+02,0.00000E+00,0.00000E+00
4.50000E+00,2.70000E+02,2.00000E+00,0.00000E+00
4.50000E+00,2.90000E+02,-2.00000E+00,0.00000E+00
4.50000E+00,2.90000E+02,0.00000E+00,0.00000E+00
4.50000E+00,2.90000E+02,2.00000E+00,0.00000E+00
4.50000E+00,3.10000E+02,-2.00000E+00,0.00000E+00
4.50000E+00,3.10000E+02,0.00000E+00,0.00000E+00
4.50000E+00,3.10000E+02,2.00000E+00,0.00000E+00
4.50000E+00,3.30000E+02,-2.00000E+00,0.00000E+00
4.50000E+00,3.30000E+02,0.00000E+00,0.00000E+00
4.50000E+00,3.30000E+02,2.00000E+00,0.00000E+00
4.50000E+00,3.50000E+02,-2.00000E+00,0.00000E+00
4.50000E+00,3.50000E+02,0.00000E+00,0.00000E+00
4.50000E+00,3.50000E+02,2.00000E+00,0.00000E+00
4.50000E+00,3.70000E+02,-2.00000E+00,0.00000E+00
4.50000E+00,3.70000E+02,0.00000E+00,0.00000E+00
4.50000E+00,3.70000E+02,2.00000E+00,0.00000E+00
4.50000E+00,3.90000E+02,-2.00000E+00,0.00000E+00
4.50000E+00,3.90000E+02,0.00000E+00,0.00000E+00
4.50000E+00,3.90000E+02,2.00000E+00,0.00000E+00
4.70000E+00,1.00000E+01,-2.00000E+00,0.00000E+00
4.70000E+00,1.00000E+01,0.00000E+00,0.00000E+00
4.70000E+00,1.00000E+01,2.00000E+00,5.95129E-06
4.70000E+00,3.00000E+01,-2.00000E+00,0.00000E+00
4.70000E+00,3.00000E+01,0.00000E+00,0.00000E+00
4.70000E+00,3.00000E+01,2.00000E+00,0.00000E+00
4.70000E+00,5.00000E+01,-2.00000E+00,0.00000E+00
4.70000E+00,5.00000E+01,0.00000E+00,0.00000E+00
4.70000E+00,5.00000E+01,2.00000E+00,0.00000E+00
4.70000E+00,7.00000E+01,-2.00000E+00,0.00000E+00
4.70000E+00,7.00000E+01,0.00000E+00,0.00000E+00
4.70000E+00,7.00000E+01,2.00000E+00,0.00000E+00
4.70000E+00,9.00000E+01,-2.00000E+00,0.00000E+00
4.70000E+00,9.00000E+01,0.00000E+00,0.00000E+00
4.70000E+00,9.00000E+01,2.00000E+00,0.00000E+00
4.70000E+00,1.10000E+02,-2.00000E+00,0.00000E+00
4.70000E+00,1.10000E+02,0.00000E+00,0.00000E+00
4.70000E+00,1.10000E+02,2.00000E+00,0.00000E+00
4.70000E+00,1.30000E+02,-2.00000E+00,0.00000E+00
4.70000E+00,1.30000E+02,0.00000E+00,0.00000E+00
4.70000E+00,1.30000E+02,2.00000E+00,0.00000E+00
4.70000E+00,1.50000E+02,-2.00000E+00,0.00000E+00
4.70000E+00,1.50000E+02,0.00000E+00,0.00000E+00
4.70000E+00,1.50000E+02,2.00000E+00,0.00000E+00
4.70000E+00,1.70000E+02,-2.00000E+00,0.00000E+00
4.70000E+00,1.70000E+02,0.00000E+00,0.00000E+00
4.70000E+00,1.70000E+02,2.00000E+00,0.00000E+00
4.70000E+00,1.90000E+02,-2.00000E+00,0.00000E+00
4.70000E+00,1.90000E+02,0.00000E+00,0.00000E+00
4.70000E+00,1.90000E+02,2.00000E+00,0.00000E+00
4.70000E+00,2.10000E+02,-2.00000E+00,0.00000E+00
4.70000E+00,2.10000E+02,0.00000E+00,0.00000E+00
4.70000E+00,2.10000E+02,2.00000E+00,0.00000E+00
4.70000E+00,2.30000E+02,-2.00000E+00,0.00000E+00
4.70000E+00,2.30000E+02,0.00000E+00,0.00000E+00
4.70000E+00,2.30000E+02,2.00000E+00,0.00000E+00
4.70000E+00,2.50000E+02,-2.00000E+00,0.00000E+00
4.70000E+00,2.50000E+02,0.00000E+00,0.00000E+00
4.70000E+00,2.50000E+02,2.00000E+00,0.00000E+00
4.70000E+00,2.70000E+02,-2.00000E+00,0.00000E+00
4.70000E+00,2.70000E+02,0.00000E+00,0.00000E+00
4.70000E+00,2.70000E+02,2.00000E+00,0.00000E+00
4.70000E+00,2.90000E+02,-2.00000E+00,0.00000E+00
4.70000E+00,2.90000E+02,0.00000E+00,0.00000E+00
4.70000E+00,2.90000E+02,2.00000E+00,0.00000E+00
4.70000E+00,3.10000E+02,-2.00000E+00,0.00000E+00
4.70000E+00,3.10000E+02,0.00000E+00,0.00000E+00
4.70000E+00,3.10000E+02,2.00000E+00,0.00000E+00
4.70000E+00,3.30000E+02,-2.00000E+00,0.00000E+00
4.70000E+00,3.30000E+02,0.00000E+00,0.00000E+00
4.70000E+00,3.30000E+02,2.00000E+00,0.00000E+00
4.70000E+00,3.50000E+02,-2.00000E+00,0.00000E+00
4.70000E+00,3.50000E+02,0.00000E+00,0.00000E+00
4.70000E+00,3.50000E+02,2.00000E+00,0.00000E+00
4.70000E+00,3.70000E+02,-2.00000E+00,0.00000E+00
4.70000E+00,3.70000E+02,0.00000E+00,0.00000E+00
4.70000E+00,3.70000E+02,2.00000E+00,0.00000E+00
4.70000E+00,3.90000E+02,-2.00000E+00,0.00000E+00
4.70000E+00,3.90000E+02,0.00000E+00,0.00000E+00
4.70000E+00,3.90000E+02,2.00000E+00,0.00000E+00
4.90000E+00,1.00000E+01,-2.00000E+00,0.00000E+00
4.90000E+00,1.00000E+01,0.00000E+00,0.00000E+00
4.90000E+00,1.00000E+01,2.00000E+00,1.77770E-05
4.90000E+00,3.00000E+01,-2.00000E+00,0.00000E+00
4.90000E+00,3.00000E+01,0.00000E+00,0.00000E+00
4.90000E+00,3.00000E+01,2.00000E+00,4.50362E-08
4.90000E+00,5.00000E+01,-2.00000E+00,0.00000E+00
4.90000E+00,5.00000E+01,0.00000E+00,0.00000E+00
4.90000E+00,5.00000E+01,2.00000E+00,0.00000E+00
4.90000E+00,7.00000E+01,-2.00000E+00,0.00000E+00
4.90000E+00,7.00000E+01,0.00000E+00,0.00000E+00
4.90000E+00,7.00000E+01,2.00000E+00,0.00000E+00
4.90000E+00,9.00000E+01,-2.00000E+00,0.00000E+00
4.90000E+00,9.00000E+01,0.00000E+00,0.00000E+00
4.90000E+00,9.00000E+01,2.00000E+00,0.00000E+00
4.90000E+00,1.10000E+02,-2.00000E+00,0.00000E+00
4.90000E+00,1.10000E+02,0.00000E+00,0.00000E+00
4.90000E+00,1.10000E+02,2.00000E+00,0.00000E+00
4.90000E+00,1.30000E+02,-2.00000E+00,0.00000E+00
4.90000E+00,1.30000E+02,0.00000E+00,0.00000E+00
4.90000E+00,1.30000E+02,2.00000E+00,0.00000E+00
4.90000E+00,1.50000E+02,-2.00000E+00,0.00000E+00
4.90000E+00,1.50000E+02,0.00000E+00,0.00000E+00
4.90000E+00,1.50000E+02,2.00000E+00,0.00000E+00
4.90000E+00,1.70000E+02,-2.00000E+00,0.00000E+00
4.90000E+00,1.70000E+02,0.00000E+00,0.00000E+00
4.90000E+00,1.70000E+02,2.00000E+00,0.00000E+00
4.90000E+00,1.90000E+02,-2.00000E+00,0.00000E+00
4.90000E+00,1.90000E+02,0.00000E+00,0.00000E+00
4.90000E+00,1.90000E+02,2.00000E+00,0.00000E+00
4.90000E+00,2.10000E+02,-2.00000E+00,0.00000E+00
4.90000E+00,2.10000E+02,0.00000E+00,0.00000E+00
4.90000E+00,2.10000E+02,2.00000E+00,0.00000E+00
4.90000E+00,2.30000E+02,-2.00000E+00,0.00000E+00
4.90000E+00,2.30000E+02,0.00000E+00,0.00000E+00
4.90000E+00,2.30000E+02,2.00000E+00,0.00000E+00
4.90000E+00,2.50000E+02,-2.00000E+00,0.00000E+00
4.90000E+00,2.50000E+02,0.00000E+00,0.00000E+00
4.90000E+00,2.50000E+02,2.00000E+00,0.00000E+00
4.90000E+00,2.70000E+02,-2.00000E+00,0.00000E+00
4.90000E+00,2.70000E+02,0.00000E+00,0.00000E+00
4.90000E+00,2.70000E+02,2.00000E+00,0.00000E+00
4.90000E+00,2.90000E+02,-2.00000E+00,0.00000E+00
4.90000E+00,2.90000E+02,0.00000E+00,0.00000E+00
4.90000E+00,2.90000E+02,2.00000E+00,0.00000E+00
4.90000E+00,3.10000E+02,-2.00000E+00,0.00000E+00
4.90000E+00,3.10000E+02,0.00000E+00,0.00000E+00
4.90000E+00,3.10000E+02,2.00000E+00,0.00000E+00
4.90000E+00,3.30000E+02,-2.00000E+00,0.00000E+00
4.90000E+00,3.30000E+02,0.00000E+00,0.00000E+00
4.90000E+00,3.30000E+02,2.00000E+00,0.00000E+00
4.90000E+00,3.50000E+02,-2.00000E+00,0.00000E+00
4.90000E+00,3.50000E+02,0.00000E+00,0.00000E+00
4.90000E+00,3.50000E+02,2.00000E+00,0.00000E+00
4.90000E+00,3.70000E+02,-2.00000E+00,0.00000E+00
4.90000E+00,3.70000E+02,0.00000E+00,0.00000E+00
4.90000E+00,3.70000E+02,2.00000E+00,0.00000E+00
4.90000E+00,3.90000E+02,-2.00000E+00,0.00000E+00
4.90000E+00,3.90000E+02,0.00000E+00,0.00000E+00
4.90000E+00,3.90000E+02,2.00000E+00,0.00000E+00
5.10000E+00,1.00000E+01,-2.00000E+00,0.00000E+00
5.10000E+00,1.00000E+01,0.00000E+00,1.88770E-06
5.10000E+00,1.00000E+01,2.00000E+00,3.55454E-05
5.10000E+00,3.00000E+01,-2.00000E+00,0.00000E+00
5.10000E+00,3.00000E+01,0.00000E+00,0.00000E+00
5.10000E+00,3.00000E+01,2.00000E+00,1.18974E-06
5.10000E+00,5.00000E+01,-2.00000E+00,0.00000E+00
5.10000E+00,5.00000E+01,0.00000E+00,0.00000E+00
5.10000E+00,5.00000E+01,2.00000E+00,0.00000E+00
5.10000E+00,7.00000E+01,-2.00000E+00,0.00000E+00
5.10000E+00,7.00000E+01,0.00000E+00,0.00000E+00
5.10000E+00,7.00000E+01,2.00000E+00,0.00000E+00
5.10000E+00,9.00000E+01,-2.00000E+00,0.00000E+00
5.10000E+00,9.00000E+01,0.00000E+00,0.00000E+00
5.10000E+00,9.00000E+01,2.00000E+00,0.00000E+00
5.10000E+00,1.10000E+02,-2.00000E+00,0.00000E+00
5.10000E+00,1.10000E+02,0.00000E+00,0.00000E+00
5.10000E+00,1.10000E+02,2.00000E+00,0.00000E+00
5.10000E+00,1.30000E+02,-2.00000E+00,0.00000E+00
5.10000E+00,1.30000E+02,0.00000E+00,0.00000E+00
5.10000E+00,1.30000E+02,2.00000E+00,0.00000E+00
5.10000E+00,1.50000E+02,-2.00000E+00,0.00000E+00
5.10000E+00,1.50000E+02,0.00000E+00,0.00000E+00
5.10000E+00,1.50000E+02,2.00000E+00,0.00000E+00
5.10000E+00,1.70000E+02,-2.00000E+00,0.00000E+00
5.10000E+00,1.70000E+02,0.00000E+00,0.00000E+00
5.10000E+00,1.70000E+02,2.00000E+00,0.00000E+00
5.10000E+00,1.90000E+02,-2.00000E+00,0.00000E+00
5.10000E+00,1.90000E+02,0.00000E+00,0.00000E+00
5.10000E+00,1.90000E+02,2.00000E+00,0.00000E+00
5.10000E+00,2.10000E+02,-2.00000E+00,0.00000E+00
5.10000E+00,2.10000E+02,0.00000E+00,0.00000E+00
5.10000E+00,2.10000E+02,2.00000E+00,0.00000E+00
5.10000E+00,2.30000E+02,-2.00000E+00,0.00000E+00
5.10000E+00,2.30000E+02,0.00000E+00,0.00000E+00
5.10000E+00,2.30000E+02,2.00000E+00,0.00000E+00
5.10000E+00,2.50000E+02,-2.00000E+00,0.00000E+00
5.10000E+00,2.50000E+02,0.00000E+00,0.00000E+00
5.10000E+00,2.50000E+02,2.00000E+00,0.00000E+00
5.10000E+00,2.70000E+02,-2.00000E+00,0.00000E+00
5.10000E+00,2.70000E+02,0.00000E+00,0.00000E+00
5.10000E+00,2.70000E+02,2.00000E+00,0.00000E+00
5.10000E+00,2.90000E+02,-2.00000E+00,0.00000E+00
5.10000E+00,2.90000E+02,0.00000E+00,0.00000E+00
5.10000E+00,2.90000E+02,2.00000E+00,0.00000E+00
5.10000E+00,3.10000E+02,-2.00000E+00,0.00000E+00
5.10000E+00,3.10000E+02,0.00000E+00,0.00000E+00
5.10000E+00,3.10000E+02,2.00000E+00,0.00000E+00
5.10000E+00,3.30000E+02,-2.00000E+00,0.00000E+00
5.10000E+00,3.30000E+02,0.00000E+00,0.00000E+00
5.10000E+00,3.30000E+02,2.00000E+00,0.00000E+00
5.10000E+00,3.50000E+02,-2.00000E+00,0.00000E+00
5.10000E+00,3.50000E+02,0.00000E+00,0.00000E+00
5.10000E+00,3.50000E+02,2.00000E+00,0.00000E+00
5.10000E+00,3.70000E+02,-2.00000E+00,0.00000E+00
5.10000E+00,3.70000E+02,0.00000E+00,0.00000E+00
5.10000E+00,3.70000E+02,2.00000E+00,0.00000E+00
5.10000E+00,3.90000E+02,-2.00000E+00,0.00000E+00
5.10000E+00,3.90000E+02,0.00000E+00,0.00000E+00
5.10000E+00,3.90000E+02,2.00000E+00,0.00000E+00
5.30000E+00,1.00000E+01,-2.00000E+00,0.00000E+00
5.30000E+00,1.00000E+01,0.00000E+00,1.68729E-05
5.30000E+00,1.00000E+01,2.00000E+00,4.28486E-05
5.30000E+00,3.00000E+01,-2.00000E+00,0.00000E+00
5.30000E+00,3.00000E+01,0.00000E+00,0.00000E+00
5.30000E+00,3.00000E+01,2.00000E+00,6.68041E-06
5.30000E+00,5.00000E+01,-2.00000E+00,0.00000E+00
5.30000E+00,5.00000E+01,0.00000E+00,0.00000E+00
5.30000E+00,5.00000E+01,2.00000E+00,0.00000E+00
5.30000E+00,7.00000E+01,-2.00000E+00,0.00000E+00
5.30000E+00,7.00000E+01,0.00000E+00,0.00000E+00
5.30000E+00,7.00000E+01,2.00000E+00,0.00000E+00
5.30000E+00,9.00000E+01,-2.00000E+00,0.00000E+00
5.30000E+00,9.00000E+01,0.00000E+00,0.00000E+00
5.30000E+00,9.00000E+01,2.00000E+00,0.00000E+00
5.30000E+00,1.10000E+02,-2.00000E+00,0.00000E+00
5.30000E+00,1.10000E+02,0.00000E+00,0.00000E+00
5.30000E+00,1.10000E+02,2.00000E+00,0.00000E+00
5.30000E+00,1.30000E+02,-2.00000E+00,0.00000E+00
5.30000E+00,1.30000E+02,0.00000E+00,0.00000E+00
5.30000E+00,1.30000E+02,2.00000E+00,0.00000E+00
5.30000E+00,1.50000E+02,-2.00000E+00,0.00000E+00
5.30000E+00,1.50000E+02,0.00000E+00,0.00000E+00
5.30000E+00,1.50000E+02,2.00000E+00,0.00000E+00
5.30000E+00,1.70000E+02,-2.00000E+00,0.00000E+00
5.30000E+00,1.70000E+02,0.00000E+00,0.00000E+00
5.30000E+00,1.70000E+02,2.00000E+00,0.00000E+00
5.30000E+00,1.90000E+02,-2.00000E+00,0.00000E+00
5.30000E+00,1.90000E+02,0.00000E+00,0.00000E+00
5.30000E+00,1.90000E+02,2.00000E+00,0.00000E+00
5.30000E+00,2.10000E+02,-2.00000E+00,0.00000E+00
5.30000E+00,2.10000E+02,0.00000E+00,0.00000E+00
5.30000E+00,2.10000E+02,2.00000E+00,0.00000E+00
5.30000E+00,2.30000E+02,-2.00000E+00,0.00000E+00
5.30000E+00,2.30000E+02,0.00000E+00,0.00000E+00
5.30000E+00,2.30000E+02,2.00000E+00,0.00000E+00
5.30000E+00,2.50000E+02,-2.00000E+00,0.00000E+00
5.30000E+00,2.50000E+02,0.00000E+00,0.00000E+00
5.30000E+00,2.50000E+02,2.00000E+00,0.00000E+00
5.30000E+00,2.70000E+02,-2.00000E+00,0.00000E+00
5.30000E+00,2.70000E+02,0.00000E+00,0.00000E+00
5.30000E+00,2.70000E+02,2.00000E+00,0.00000E+00
5.30000E+00,2.90000E+02,-2.00000E+00,0.00000E+00
5.30000E+00,2.90000E+02,0.00000E+00,0.00000E+00
5.30000E+00,2.90000E+02,2.00000E+00,0.00000E+00
5.30000E+00,3.10000E+02,-2.00000E+00,0.00000E+00
5.30000E+00,3.10000E+02,0.00000E+00,0.00000E+00
5.30000E+00,3.10000E+02,2.00000E+00,0.00000E+00
5.30000E+00,3.30000E+02,-2.00000E+00,0.00000E+00
5.30000E+00,3.30000E+02,0.00000E+00,0.00000E+00
5.30000E+00,3.30000E+02,2.00000E+00,0.00000E+00
5.30000E+00,3.50000E+02,-2.00000E+00,0.00000E+00
5.30000E+00,3.50000E+02,0.00000E+00,0.00000E+00
5.30000E+00,3.50000E+02,2.00000E+00,0.00000E+00
5.30000E+00,3.70000E+02,-2.00000E+00,0.00000E+00
5.30000E+00,3.70000E+02,0.00000E+00,0.00000E+00
5.30000E+00,3.70000E+02,2.00000E+00,0.00000E+00
5.30000E+00,3.90000E+02,-2.00000E+00,0.00000E+00
5.30000E+00,3.90000E+02,0.00000E+00,0.00000E+00
5.30000E+00,3.90000E+02,2.00000E+00,0.00000E+00
5.50000E+00,1.00000E+01,-2.00000E+00,0.00000E+00
5.50000E+00,1.00000E+01,0.00000E+00,3.83714E-04
5.50000E+00,1.00000E+01,2.00000E+00,3.92159E-04
5.50000E+00,3.00000E+01,-2.00000E+00,0.00000E+00
5.50000E+00,3.00000E+01,0.00000E+00,6.12922E-08
5.50000E+00,3.00000E+01,2.00000E+00,1.60305E-04
5.50000E+00,5.00000E+01,-2.00000E+00,0.00000E+00
5.50000E+00,5.00000E+01,0.00000E+00,0.00000E+00
5.50000E+00,5.00000E+01,2.00000E+00,1.13011E-05
5.50000E+00,7.00000E+01,-2.00000E+00,0.00000E+00
5.50000E+00,7.00000E+01,0.00000E+00,0.00000E+00
5.50000E+00,7.00000E+01,2.00000E+00,0.00000E+00
5.50000E+00,9.00000E+01,-2.00000E+00,0.00000E+00
5.50000E+00,9.00000E+01,0.00000E+00,0.00000E+00
5.50000E+00,9.00000E+01,2.00000E+00,0.00000E+00
5.50000E+00,1.10000E+02,-2.00000E+00,0.00000E+00
5.50000E+00,1.10000E+02,0.00000E+00,0.00000E+00
5.50000E+00,1.10000E+02,2.00000E+00,0.00000E+00
5.50000E+00,1.30000E+02,-2.00000E+00,0.00000E+00
5.50000E+00,1.30000E+02,0.00000E+00,0.00000E+00
5.50000E+00,1.30000E+02,2.00000E+00,0.00000E+00
5.50000E+00,1.50000E+02,-2.00000E+00,0.00000E+00
5.50000E+00,1.50000E+02,0.00000E+00,0.00000E+00
5.50000E+00,1.50000E+02,2.00000E+00,0.00000E+00
5.50000E+00,1.70000E+02,-2.00000E+00,0.00000E+00
5.50000E+00,1.70000E+02,0.00000E+00,0.00000E+00
5.50000E+00,1.70000E+02,2.00000E+00,0.00000E+00
5.50000E+00,1.90000E+02,-2.00000E+00,0.00000E+00
5.50000E+00,1.90000E+02,0.00000E+00,0.00000E+00
5.50000E+00,1.90000E+02,2.00000E+00,0.00000E+00
5.50000E+00,2.10000E+02,-2.00000E+00,0.00000E+00
5.50000E+00,2.10000E+02,0.00000E+00,0.00000E+00
5.50000E+00,2.10000E+02,2.00000E+00,0.00000E+00
5.50000E+00,2.30000E+02,-2.00000E+00,0.00000E+00
5.50000E+00,2.30000E+02,0.00000E+00,0.00000E+00
5.50000E+00,2.30000E+02,2.00000E+00,0.00000E+00
5.50000E+00,2.50000E+02,-2.00000E+00,0.00000E+00
5.50000E+00,2.50000E+02,0.00000E+00,0.00000E+00
5.50000E+00,2.50000E+02,2.00000E+00,0.00000E+00
5.50000E+00,2.70000E+02,-2.00000E+00,0.00000E+00
5.50000E+00,2.70000E+02,0.00000E+00,0.00000E+00
5.50000E+00,2.70000E+02,2.00000E+00,0.00000E+00
5.50000E+00,2.90000E+02,-2.00000E+00,0.00000E+00
5.50000E+00,2.90000E+02,0.00000E+00,0.00000E+00
5.50000E+00,2.90000E+02,2.00000E+00,0.00000E+00
5.50000E+00,3.10000E+02,-2.00000E+00,0.00000E+00
5.50000E+00,3.10000E+02,0.00000E+00,0.00000E+00
5.50000E+00,3.10000E+02,2.00000E+00,0.00000E+00
5.50000E+00,3.30000E+02,-2.00000E+00,0.00000E+00
5.50000E+00,3.30000E+02,0.00000E+00,0.00000E+00
5.50000E+00,3.30000E+02,2.00000E+00,0.00000E+00
5.50000E+00,3.50000E+02,-2.00000E+00,0.00000E+00
5.50000E+00,3.50000E+02,0.00000E+00,0.00000E+00
5.50000E+00,3.50000E+02,2.00000E+00,0.00000E+00
5.50000E+00,3.70000E+02,-2.00000E+00,0.00000E+00
5.50000E+00,3.70000E+02,0.00000E+00,0.00000E+00
5.50000E+00,3.70000E+02,2.00000E+00,0.00000E+00
5.50000E+00,3.90000E+02,-2.00000E+00,0.00000E+00
5.50000E+00,3.90000E+02,0.00000E+00,0.00000E+00
5.50000E+00,3.90000E+02,2.00000E+00,0.00000E+00
5.70000E+00,1.00000E+01,-2.00000E+00,1.64562E-06
5.70000E+00,1.00000E+01,0.00000E+00,9.07560E-04
5.70000E+00,1.00000E+01,2.00000E+00,5.38651E-04
5.70000E+00,3.00000E+01,-2.00000E+00,0.00000E+00
5.70000E+00,3.00000E+01,0.00000E+00,1.41312E-05
5.70000E+00,3.00000E+01,2.00000E+00,4.96995E-04
5.70000E+00,5.00000E+01,-2.00000E+00,0.00000E+00
5.70000E+00,5.00000E+01,0.00000E+00,0.00000E+00
5.70000E+00,5.00000E+01,2.00000E+00,9.60835E-05
5.70000E+00,7.00000E+01,-2.00000E+00,0.00000E+00
5.70000E+00,7.00000E+01,0.00000E+00,0.00000E+00
5.70000E+00,7.00000E+01,2.00000E+00,4.81230E-06
5.70000E+00,9.00000E+01,-2.00000E+00,0.00000E+00
5.70000E+00,9.00000E+01,0.00000E+00,0.00000E+00
5.70000E+00,9.00000E+01,2.00000E+00,0.00000E+00
5.70000E+00,1.10000E+02,-2.00000E+00,0.00000E+00
5.70000E+00,1.10000E+02,0.00000E+00,0.00000E+00
5.70000E+00,1.10000E+02,2.00000E+00,0.00000E+00
5.70000E+00,1.30000E+02,-2.00000E+00,0.00000E+00
5.70000E+00,1.30000E+02,0.00000E+00,0.00000E+00
5.70000E+00,1.30000E+02,2.00000E+00,0.00000E+00
5.70000E+00,1.50000E+02,-2.00000E+00,0.00000E+00
5.70000E+00,1.50000E+02,0.00000E+00,0.00000E+00
5.70000E+00,1.50000E+02,2.00000E+00,5.54577E-09
5.70000E+00,1.70000E+02,-2.00000E+00,0.00000E+00
5.70000E+00,1.70000E+02,0.00000E+00,0.00000E+00
5.70000E+00,1.70000E+02,2.00000E+00,0.00000E+00
5.70000E+00,1.90000E+02,-2.00000E+00,0.00000E+00
5.70000E+00,1.90000E+02,0.00000E+00,0.00000E+00
5.70000E+00,1.90000E+02,2.00000E+00,0.00000E+00
5.70000E+00,2.10000E+02,-2.00000E+00,0.00000E+00
5.70000E+00,2.10000E+02,0.00000E+00,0.00000E+00
5.70000E+00,2.10000E+02,2.00000E+00,0.00000E+00
5.70000E+00,2.30000E+02,-2.00000E+00,0.00000E+00
5.70000E+00,2.30000E+02,0.00000E+00,0.00000E+00
5.70000E+00,2.30000E+02,2.00000E+00,0.00000E+00
5.70000E+00,2.50000E+02,-2.00000E+00,0.00000E+00
5.70000E+00,2.50000E+02,0.00000E+00,0.00000E+00
5.70000E+00,2.50000E+02,2.00000E+00,0.00000E+00
5.70000E+00,2.70000E+02,-2.00000E+00,0.00000E+00
5.70000E+00,2.70000E+02,0.00000E+00,0.00000E+00
5.70000E+00,2.70000E+02,2.00000E+00,0.00000E+00
5.70000E+00,2.90000E+02,-2.00000E+00,0.00000E+00
5.70000E+00,2.90000E+02,0.00000E+00,0.00000E+00
5.70000E+00,2.90000E+02,2.00000E+00,0.00000E+00
5.70000E+00,3.10000E+02,-2.00000E+00,0.00000E+00
5.70000E+00,3.10000E+02,0.00000E+00,0.00000E+00
5.70000E+00,3.10000E+02,2.00000E+00,0.00000E+00
5.70000E+00,3.30000E+02,-2.00000E+00,0.00000E+00
5.70000E+00,3.30000E+02,0.00000E+00,0.00000E+00
5.70000E+00,3.30000E+02,2.00000E+00,0.00000E+00
5.70000E+00,3.50000E+02,-2.00000E+00,0.00000E+00
5.70000E+00,3.50000E+02,0.00000E+00,0.00000E+00
5.70000E+00,3.50000E+02,2.00000E+00,0.00000E+00
5.70000E+00,3.70000E+02,-2.00000E+00,0.00000E+00
5.70000E+00,3.70000E+02,0.00000E+00,0.00000E+00
5.70000E+00,3.70000E+02,2.00000E+00,0.00000E+00
5.70000E+00,3.90000E+02,-2.00000E+00,0.00000E+00
5.70000E+00,3.90000E+02,0.00000E+00,0.00000E+00
5.70000E+00,3.90000E+02,2.00000E+00,0.00000E+00
5.90000E+00,1.00000E+01,-2.00000E+00,2.78217E-05
5.90000E+00,1.00000E+01,0.00000E+00,1.07190E-03
5.90000E+00,1.00000E+01,2.00000E+00,3.63739E-04
5.90000E+00,3.00000E+01,-2.00000E+00,0.00000E+00
5.90000E+00,3.00000E+01,0.00000E+00,1.49382E-04
5.90000E+00,3.00000E+01,2.00000E+00,6.00125E-04
5.90000E+00,5.00000E+01,-2.00000E+00,0.00000E+00
5.90000E+00,5.00000E+01,0.00000E+00,0.00000E+00
5.90000E+00,5.00000E+01,2.00000E+00,2.51621E-04
5.90000E+00,7.00000E+01,-2.00000E+00,0.00000E+00
5.90000E+00,7.00000E+01,0.00000E+00,0.00000E+00
5.90000E+00,7.00000E+01,2.00000E+00,3.50391E-05
5.90000E+00,9.00000E+01,-2.00000E+00,0.00000E+00
5.90000E+00,9.00000E+01,0.00000E+00,0.00000E+00
5.90000E+00,9.00000E+01,2.00000E+00,4.16107E-06
5.90000E+00,1.10000E+02,-2.00000E+00,0.00000E+00
5.90000E+00,1.10000E+02,0.00000E+00,0.00000E+00
5.90000E+00,1.10000E+02,2.00000E+00,9.73736E-07
5.90000E+00,1.30000E+02,-2.00000E+00,0.00000E+00
5.90000E+00,1.30000E+02,0.00000E+00,0.00000E+00
5.90000E+00,1.30000E+02,2.00000E+00,1.55498E-06
5.90000E+00,1.50000E+02,-2.00000E+00,0.00000E+00
5.90000E+00,1.50000E+02,0.00000E+00,0.00000E+00
5.90000E+00,1.50000E+02,2.00000E+00,1.25694E-06
5.90000E+00,1.70000E+02,-2.00000E+00,0.00000E+00
5.90000E+00,1.70000E+02,0.00000E+00,0.00000E+00
5.90000E+00,1.70000E+02,2.00000E+00,2.92403E-07
5.90000E+00,1.90000E+02,-2.00000E+00,0.00000E+00
5.90000E+00,1.90000E+02,0.00000E+00,0.00000E+00
5.90000E+00,1.90000E+02,2.00000E+00,1.09694E-09
5.90000E+00,2.10000E+02,-2.00000E+00,0.00000E+00
5.90000E+00,2.10000E+02,0.00000E+00,0.00000E+00
5.90000E+00,2.10000E+02,2.00000E+00,0.00000E+00
5.90000E+00,2.30000E+02,-2.00000E+00,0.00000E+00
5.90000E+00,2.30000E+02,0.00000E+00,0.00000E+00
5.90000E+00,2.30000E+02,2.00000E+00,0.00000E+00
5.90000E+00,2.50000E+02,-2.00000E+00,0.00000E+00
5.90000E+00,2.50000E+02,0.00000E+00,0.00000E+00
5.90000E+00,2.50000E+02,2.00000E+00,0.00000E+00
5.90000E+00,2.70000E+02,-2.00000E+00,0.00000E+00
5.90000E+00,2.70000E+02,0.00000E+00,0.00000E+00
5.90000E+00,2.70000E+02,2.00000E+00,0.00000E+00
5.90000E+00,2.90000E+02,-2.00000E+00,0.00000E+00
5.90000E+00,2.90000E+02,0.00000E+00,0.00000E+00
5.90000E+00,2.90000E+02,2.00000E+00,0.00000E+00
5.90000E+00,3.10000E+02,-2.00000E+00,0.00000E+00
5.90000E+00,3.10000E+02,0.00000E+00,0.00000E+00
5.90000E+00,3.10000E+02,2.00000E+00,0.00000E+00
5.90000E+00,3.30000E+02,-2.00000E+00,0.00000E+00
5.90000E+00,3.30000E+02,0.00000E+00,0.00000E+00
5.90000E+00,3.30000E+02,2.00000E+00,0.00000E+00
5.90000E+00,3.50000E+02,-2.00000E+00,0.00000E+00
5.90000E+00,3.50000E+02,0.00000E+00,0.00000E+00
5.90000E+00,3.50000E+02,2.00000E+00,0.00000E+00
5.90000E+00,3.70000E+02,-2.00000E+00,0.00000E+00
5.90000E+00,3.70000E+02,0.00000E+00,0.00000E+00
5.90000E+00,3.70000E+02,2.00000E+00,0.00000E+00
5.90000E+00,3.90000E+02,-2.00000E+00,0.00000E+00
5.90000E+00,3.90000E+02,0.00000E+00,0.00000E+00
5.90000E+00,3.90000E+02,2.00000E+00,0.00000E+00
6.10000E+00,1.00000E+01,-2.00000E+00,5.91427E-05
6.10000E+00,1.00000E+01,0.00000E+00,8.87292E-04
6.10000E+00,1.00000E+01,2.00000E+00,2.31635E-04
6.10000E+00,3.00000E+01,-2.00000E+00,0.00000E+00
6.10000E+00,3.00000E+01,0.00000E+00,4.18503E-04
6.10000E+00,3.00000E+01,2.00000E+00,4.00723E-04
6.10000E+00,5.00000E+01,-2.00000E+00,0.00000E+00
6.10000E+00,5.00000E+01,0.00000E+00,1.81869E-05
6.10000E+00,5.00000E+01,2.00000E+00,4.35714E-04
6.10000E+00,7.00000E+01,-2.00000E+00,0.00000E+00
6.10000E+00,7.00000E+01,0.00000E+00,0.00000E+00
6.10000E+00,7.00000E+01,2.00000E+00,1.22344E-04
6.10000E+00,9.00000E+01,-2.00000E+00,0.00000E+00
6.10000E+00,9.00000E+01,0.00000E+00,0.00000E+00
6.10000E+00,9.00000E+01,2.00000E+00,2.28781E-05
6.10000E+00,1.10000E+02,-2.00000E+00,0.00000E+00
6.10000E+00,1.10000E+02,0.00000E+00,0.00000E+00
6.10000E+00,1.10000E+02,2.00000E+00,8.09450E-06
6.10000E+00,1.30000E+02,-2.00000E+00,0.00000E+00
6.10000E+00,1.30000E+02,0.00000E+00,0.00000E+00
6.10000E+00,1.30000E+02,2.00000E+00,7.58818E-06
6.10000E+00,1.50000E+02,-2.00000E+00,0.00000E+00
6.10000E+00,1.50000E+02,0.00000E+00,0.00000E+00
6.10000E+00,1.50000E+02,2.00000E+00,4.33118E-06
6.10000E+00,1.70000E+02,-2.00000E+00,0.00000E+00
6.10000E+00,1.70000E+02,0.00000E+00,0.00000E+00
6.10000E+00,1.70000E+02,2.00000E+00,2.17801E-06
6.10000E+00,1.90000E+02,-2.00000E+00,0.00000E+00
6.10000E+00,1.90000E+02,0.00000E+00,0.00000E+00
6.10000E+00,1.90000E+02,2.00000E+00,7.71274E-07
6.10000E+00,2.10000E+02,-2.00000E+00,0.00000E+00
6.10000E+00,2.10000E+02,0.00000E+00,0.00000E+00
6.10000E+00,2.10000E+02,2.00000E+00,2.03825E-07
6.10000E+00,2.30000E+02,-2.00000E+00,0.00000E+00
6.10000E+00,2.30000E+02,0.00000E+00,0.00000E+00
6.10000E+00,2.30000E+02,2.00000E+00,0.00000E+00
6.10000E+00,2.50000E+02,-2.00000E+00,0.00000E+00
6.10000E+00,2.50000E+02,0.00000E+00,0.00000E+00
6.10000E+00,2.50000E+02,2.00000E+00,0.00000E+00
6.10000E+00,2.70000E+02,-2.00000E+00,0.00000E+00
6.10000E+00,2.70000E+02,0.00000E+00,0.00000E+00
6.10000E+00,2.70000E+02,2.00000E+00,0.00000E+00
6.10000E+00,2.90000E+02,-2.00000E+00,0.00000E+00
6.10000E+00,2.90000E+02,0.00000E+00,0.00000E+00
6.10000E+00,2.90000E+02,2.00000E+00,0.00000E+00
6.10000E+00,3.10000E+02,-2.00000E+00,0.00000E+00
6.10000E+00,3.10000E+02,0.00000E+00,0.00000E+00
6.10000E+00,3.10000E+02,2.00000E+00,0.00000E+00
6.10000E+00,3.30000E+02,-2.00000E+00,0.00000E+00
6.10000E+00,3.30000E+02,0.00000E+00,0.00000E+00
6.10000E+00,3.30000E+02,2.00000E+00,0.00000E+00
6.10000E+00,3.50000E+02,-2.00000E+00,0.00000E+00
6.10000E+00,3.50000E+02,0.00000E+00,0.00000E+00
6.10000E+00,3.50000E+02,2.00000E+00,0.00000E+00
6.10000E+00,3.70000E+02,-2.00000E+00,0.00000E+00
6.10000E+00,3.70000E+02,0.00000E+00,0.00000E+00
6.10000E+00,3.70000E+02,2.00000E+00,0.00000E+00
6.10000E+00,3.90000E+02,-2.00000E+00,0.00000E+00
6.10000E+00,3.90000E+02,0.00000E+00,0.00000E+00
6.10000E+00,3.90000E+02,2.00000E+00,0.00000E+00
6.30000E+00,1.00000E+01,-2.00000E+00,6.49607E-05
6.30000E+00,1.00000E+01,0.00000E+00,8.01936E-04
6.30000E+00,1.00000E+01,2.00000E+00,1.93531E-04
6.30000E+00,3.00000E+01,-2.00000E+00,7.43734E-09
6.30000E+00,3.00000E+01,0.00000E+00,4.46819E-04
6.30000E+00,3.00000E+01,2.00000E+00,2.34447E-04
6.30000E+00,5.00000E+01,-2.00000E+00,0.00000E+00
6.30000E+00,5.00000E+01,0.00000E+00,1.50129E-04
6.30000E+00,5.00000E+01,2.00000E+00,4.49665E-04
6.30000E+00,7.00000E+01,-2.00000E+00,0.00000E+00
6.30000E+00,7.00000E+01,0.00000E+00,0.00000E+00
6.30000E+00,7.00000E+01,2.00000E+00,2.09553E-04
6.30000E+00,9.00000E+01,-2.00000E+00,0.00000E+00
6.30000E+00,9.00000E+01,0.00000E+00,0.00000E+00
6.30000E+00,9.00000E+01,2.00000E+00,2.38986E-05
6.30000E+00,1.10000E+02,-2.00000E+00,0.00000E+00
6.30000E+00,1.10000E+02,0.00000E+00,0.00000E+00
6.30000E+00,1.10000E+02,2.00000E+00,1.45747E-05
6.30000E+00,1.30000E+02,-2.00000E+00,0.00000E+00
6.30000E+00,1.30000E+02,0.00000E+00,0.00000E+00
6.30000E+00,1.30000E+02,2.00000E+00,1.67975E-05
6.30000E+00,1.50000E+02,-2.00000E+00,0.00000E+00
6.30000E+00,1.50000E+02,0.00000E+00,0.00000E+00
6.30000E+00,1.50000E+02,2.00000E+00,8.86751E-06
6.30000E+00,1.70000E+02,-2.00000E+00,0.00000E+00
6.30000E+00,1.70000E+02,0.00000E+00,0.00000E+00
6.30000E+00,1.70000E+02,2.00000E+00,5.74463E-06
6.30000E+00,1.90000E+02,-2.00000E+00,0.00000E+00
6.30000E+00,1.90000E+02,0.00000E+00,0.00000E+00
6.30000E+00,1.90000E+02,2.00000E+00,2.92015E-06
6.30000E+00,2.10000E+02,-2.00000E+00,0.00000E+00
6.30000E+00,2.10000E+02,0.00000E+00,0.00000E+00
6.30000E+00,2.10000E+02,2.00000E+00,2.36053E-06
6.30000E+00,2.30000E+02,-2.00000E+00,0.00000E+00
6.30000E+00,2.30000E+02,0.00000E+00,0.00000E+00
6.30000E+00,2.30000E+02,2.00000E+00,8.06119E-07
6.30000E+00,2.50000E+02,-2.00000E+00,0.00000E+00
6.30000E+00,2.50000E+02,0.00000E+00,0.00000E+00
6.30000E+00,2.50000E+02,2.00000E+00,1.99721E-07
6.30000E+00,2.70000E+02,-2.00000E+00,0.00000E+00
6.30000E+00,2.70000E+02,0.00000E+00,0.00000E+00
6.30000E+00,2.70000E+02,2.00000E+00,2.14626E-09
6.30000E+00,2.90000E+02,-2.00000E+00,0.00000E+00
6.30000E+00,2.90000E+02,0.00000E+00,0.00000E+00
6.30000E+00,2.90000E+02,2.00000E+00,0.00000E+00
6.30000E+00,3.10000E+02,-2.00000E+00,0.00000E+00
6.30000E+00,3.10000E+02,0.00000E+00,0.00000E+00
6.30000E+00,3.10000E+02,2.00000E+00,0.00000E+00
6.30000E+00,3.30000E+02,-2.00000E+00,0.00000E+00
6.30000E+00,3.30000E+02,0.00000E+00,0.00000E+00
6.30000E+00,3.30000E+02,2.00000E+00,0.00000E+00
6.30000E+00,3.50000E+02,-2.00000E+00,0.00000E+00
6.30000E+00,3.50000E+02,0.00000E+00,0.00000E+00
6.30000E+00,3.50000E+02,2.00000E+00,0.00000E+00
6.30000E+00,3.70000E+02,-2.00000E+00,0.00000E+00
6.30000E+00,3.70000E+02,0.00000E+00,0.00000E+00
6.30000E+00,3.70000E+02,2.00000E+00,0.00000E+00
6.30000E+00,3.90000E+02,-2.00000E+00,0.00000E+00
6.30000E+00,3.90000E+02,0.00000E+00,0.00000E+00
6.30000E+00,3.90000E+02,2.00000E+00,0.00000E+00
6.50000E+00,1.00000E+01,-2.00000E+00,9.31456E-05
6.50000E+00,1.00000E+01,0.00000E+00,1.05171E-03
6.50000E+00,1.00000E+01,2.00000E+00,2.49183E-04
6.50000E+00,3.00000E+01,-2.00000E+00,1.27515E-08
6.50000E+00,3.00000E+01,0.00000E+00,3.28407E-04
6.50000E+00,3.00000E+01,2.00000E+00,1.45034E-04
6.50000E+00,5.00000E+01,-2.00000E+00,0.00000E+00
6.50000E+00,5.00000E+01,0.00000E+00,2.79604E-04
6.50000E+00,5.00000E+01,2.00000E+00,4.18659E-04
6.50000E+00,7.00000E+01,-2.00000E+00,0.00000E+00
6.50000E+00,7.00000E+01,0.00000E+00,3.07895E-07
6.50000E+00,7.00000E+01,2.00000E+00,1.72194E-04
6.50000E+00,9.00000E+01,-2.00000E+00,0.00000E+00
6.50000E+00,9.00000E+01,0.00000E+00,0.00000E+00
6.50000E+00,9.00000E+01,2.00000E+00,2.10000E-05
6.50000E+00,1.10000E+02,-2.00000E+00,0.00000E+00
6.50000E+00,1.10000E+02,0.00000E+00,0.00000E+00
6.50000E+00,1.10000E+02,2.00000E+00,1.33903E-05
6.50000E+00,1.30000E+02,-2.00000E+00,0.00000E+00
6.50000E+00,1.30000E+02,0.00000E+00,0.00000E+00
6.50000E+00,1.30000E+02,2.00000E+00,2.16672E-05
6.50000E+00,1.50000E+02,-2.00000E+00,0.00000E+00
6.50000E+00,1.50000E+02,0.00000E+00,0.00000E+00
6.50000E+00,1.50000E+02,2.00000E+00,1.08588E-05
6.50000E+00,1.70000E+02,-2.00000E+00,0.00000E+00
6.50000E+00,1.70000E+02,0.00000E+00,0.00000E+00
6.50000E+00,1.70000E+02,2.00000E+00,8.27820E-06
6.50000E+00,1.90000E+02,-2.00000E+00,0.00000E+00
6.50000E+00,1.90000E+02,0.00000E+00,0.00000E+00
6.50000E+00,1.90000E+02,2.00000E+00,5.30177E-06
6.50000E+00,2.10000E+02,-2.00000E+00,0.00000E+00
6.50000E+00,2.10000E+02,0.00000E+00,0.00000E+00
6.50000E+00,2.10000E+02,2.00000E+00,5.60451E-06
6.50000E+00,2.30000E+02,-2.00000E+00,0.00000E+00
6.50000E+00,2.30000E+02,0.00000E+00,0.00000E+00
6.50000E+00,2.30000E+02,2.00000E+00,2.80259E-06
6.50000E+00,2.50000E+02,-2.00000E+00,0.00000E+00
6.50000E+00,2.50000E+02,0.00000E+00,0.00000E+00
6.50000E+00,2.50000E+02,2.00000E+00,1.21634E-06
6.50000E+00,2.70000E+02,-2.00000E+00,0.00000E+00
6.50000E+00,2.70000E+02,0.00000E+00,0.00000E+00
6.50000E+00,2.70000E+02,2.00000E+00,3.69218E-07
6.50000E+00,2.90000E+02,-2.00000E+00,0.00000E+00
6.50000E+00,2.90000E+02,0.00000E+00,0.00000E+00
6.50000E+00,2.90000E+02,2.00000E+00,8.61933E-08
6.50000E+00,3.10000E+02,-2.00000E+00,0.00000E+00
6.50000E+00,3.10000E+02,0.00000E+00,0.00000E+00
6.50000E+00,3.10000E+02,2.00000E+00,7.79602E-09
6.50000E+00,3.30000E+02,-2.00000E+00,0.00000E+00
6.50000E+00,3.30000E+02,0.00000E+00,0.00000E+00
6.50000E+00,3.30000E+02,2.00000E+00,1.45091E-11
6.50000E+00,3.50000E+02,-2.00000E+00,0.00000E+00
6.50000E+00,3.50000E+02,0.00000E+00,0.00000E+00
6.50000E+00,3.50000E+02,2.00000E+00,0.00000E+00
6.50000E+00,3.70000E+02,-2.00000E+00,0.00000E+00
6.50000E+00,3.70000E+02,0.00000E+00,0.00000E+00
6.50000E+00,3.70000E+02,2.00000E+00,0.00000E+00
6.50000E+00,3.90000E+02,-2.00000E+00,0.00000E+00
6.50000E+00,3.90000E+02,0.00000E+00,0.00000E+00
6.50000E+00,3.90000E+02,2.00000E+00,0.00000E+00
6.70000E+00,1.00000E+01,-2.00000E+00,1.68099E-04
6.70000E+00,1.00000E+01,0.00000E+00,1.24025E-03
6.70000E+00,1.00000E+01,2.00000E+00,2.87369E-04
6.70000E+00,3.00000E+01,-2.00000E+00,1.84739E-08
6.70000E+00,3.00000E+01,0.00000E+00,2.33441E-04
6.70000E+00,3.00000E+01,2.00000E+00,9.39105E-05
6.70000E+00,5.00000E+01,-2.00000E+00,0.00000E+00
6.70000E+00,5.00000E+01,0.00000E+00,3.76736E-04
6.70000E+00,5.00000E+01,2.00000E+00,3.72534E-04
6.70000E+00,7.00000E+01,-2.00000E+00,0.00000E+00
6.70000E+00,7.00000E+01,0.00000E+00,1.07167E-05
6.70000E+00,7.00000E+01,2.00000E+00,9.35746E-05
6.70000E+00,9.00000E+01,-2.00000E+00,0.00000E+00
6.70000E+00,9.00000E+01,0.00000E+00,1.25305E-07
6.70000E+00,9.00000E+01,2.00000E+00,1.69361E-05
6.70000E+00,1.10000E+02,-2.00000E+00,0.00000E+00
6.70000E+00,1.10000E+02,0.00000E+00,3.06663E-07
6.70000E+00,1.10000E+02,2.00000E+00,1.51270E-05
6.70000E+00,1.30000E+02,-2.00000E+00,0.00000E+00
6.70000E+00,1.30000E+02,0.00000E+00,5.60412E-07
6.70000E+00,1.30000E+02,2.00000E+00,1.99777E-05
6.70000E+00,1.50000E+02,-2.00000E+00,0.00000E+00
6.70000E+00,1.50000E+02,0.00000E+00,5.50642E-07
6.70000E+00,1.50000E+02,2.00000E+00,1.12533E-05
6.70000E+00,1.70000E+02,-2.00000E+00,0.00000E+00
6.70000E+00,1.70000E+02,0.00000E+00,3.16696E-08
6.70000E+00,1.70000E+02,2.00000E+00,9.13810E-06
6.70000E+00,1.90000E+02,-2.00000E+00,0.00000E+00
6.70000E+00,1.90000E+02,0.00000E+00,0.00000E+00
6.70000E+00,1.90000E+02,2.00000E+00,7.64494E-06
6.70000E+00,2.10000E+02,-2.00000E+00,0.00000E+00
6.70000E+00,2.10000E+02,0.00000E+00,0.00000E+00
6.70000E+00,2.10000E+02,2.00000E+00,8.15343E-06
6.70000E+00,2.30000E+02,-2.00000E+00,0.00000E+00
6.70000E+00,2.30000E+02,0.00000E+00,0.00000E+00
6.70000E+00,2.30000E+02,2.00000E+00,4.33238E-06
6.70000E+00,2.50000E+02,-2.00000E+00,0.00000E+00
6.70000E+00,2.50000E+02,0.00000E+00,0.00000E+00
6.70000E+00,2.50000E+02,2.00000E+00,2.81502E-06
6.70000E+00,2.70000E+02,-2.00000E+00,0.00000E+00
6.70000E+00,2.70000E+02,0.00000E+00,0.00000E+00
6.70000E+00,2.70000E+02,2.00000E+00,1.15137E-06
6.70000E+00,2.90000E+02,-2.00000E+00,0.00000E+00
6.70000E+00,2.90000E+02,0.00000E+00,0.00000E+00
6.70000E+00,2.90000E+02,2.00000E+00,4.28003E-07
6.70000E+00,3.10000E+02,-2.00000E+00,0.00000E+00
6.70000E+00,3.10000E+02,0.00000E+00,0.00000E+00
6.70000E+00,3.10000E+02,2.00000E+00,1.41430E-07
6.70000E+00,3.30000E+02,-2.00000E+00,0.00000E+00
6.70000E+00,3.30000E+02,0.00000E+00,0.00000E+00
6.70000E+00,3.30000E+02,2.00000E+00,4.28452E-08
6.70000E+00,3.50000E+02,-2.00000E+00,0.00000E+00
6.70000E+00,3.50000E+02,0.00000E+00,0.00000E+00
6.70000E+00,3.50000E+02,2.00000E+00,9.41768E-09
6.70000E+00,3.70000E+02,-2.00000E+00,0.00000E+00
6.70000E+00,3.70000E+02,0.00000E+00,0.00000E+00
6.70000E+00,3.70000E+02,2.00000E+00,1.85403E-09
6.70000E+00,3.90000E+02,-2.00000E+00,0.00000E+00
6.70000E+00,3.90000E+02,0.00000E+00,0.00000E+00
6.70000E+00,3.90000E+02,2.00000E+00,2.42628E-12
6.90000E+00,1.00000E+01,-2.00000E+00,1.53090E-04
6.90000E+00,1.00000E+01,0.00000E+00,8.00643E-04
6.90000E+00,1.00000E+01,2.00000E+00,1.85313E-04
6.90000E+00,3.00000E+01,-2.00000E+00,3.47352E-08
6.90000E+00,3.00000E+01,0.00000E+00,5.08374E-04
6.90000E+00,3.00000E+01,2.00000E+00,1.80301E-04
6.90000E+00,5.00000E+01,-2.00000E+00,0.00000E+00
6.90000E+00,5.00000E+01,0.00000E+00,2.59231E-04
6.90000E+00,5.00000E+01,2.00000E+00,1.93206E-04
6.90000E+00,7.00000E+01,-2.00000E+00,0.00000E+00
6.90000E+00,7.00000E+01,0.00000E+00,5.98151E-06
6.90000E+00,7.00000E+01,2.00000E+00,2.26473E-05
6.90000E+00,9.00000E+01,-2.00000E+00,0.00000E+00
6.90000E+00,9.00000E+01,0.00000E+00,6.65222E-07
6.90000E+00,9.00000E+01,2.00000E+00,1.37335E-05
6.90000E+00,1.10000E+02,-2.00000E+00,0.00000E+00
6.90000E+00,1.10000E+02,0.00000E+00,1.25591E-06
6.90000E+00,1.10000E+02,2.00000E+00,1.55031E-05
6.90000E+00,1.30000E+02,-2.00000E+00,0.00000E+00
6.90000E+00,1.30000E+02,0.00000E+00,3.34228E-06
6.90000E+00,1.30000E+02,2.00000E+00,1.99887E-05
6.90000E+00,1.50000E+02,-2.00000E+00,0.00000E+00
6.90000E+00,1.50000E+02,0.00000E+00,2.04897E-06
6.90000E+00,1.50000E+02,2.00000E+00,8.61156E-06
6.90000E+00,1.70000E+02,-2.00000E+00,0.00000E+00
6.90000E+00,1.70000E+02,0.00000E+00,6.47922E-07
6.90000E+00,1.70000E+02,2.00000E+00,8.19774E-06
6.90000E+00,1.90000E+02,-2.00000E+00,0.00000E+00
6.90000E+00,1.90000E+02,0.00000E+00,6.56980E-08
6.90000E+00,1.90000E+02,2.00000E+00,8.99437E-06
6.90000E+00,2.10000E+02,-2.00000E+00,0.00000E+00
6.90000E+00,2.10000E+02,0.00000E+00,0.00000E+00
6.90000E+00,2.10000E+02,2.00000E+00,9.96891E-06
6.90000E+00,2.30000E+02,-2.00000E+00,0.00000E+00
6.90000E+00,2.30000E+02,0.00000E+00,0.00000E+00
6.90000E+00,2.30000E+02,2.00000E+00,5.09894E-06
6.90000E+00,2.50000E+02,-2.00000E+00,0.00000E+00
6.90000E+00,2.50000E+02,0.00000E+00,0.00000E+00
6.90000E+00,2.50000E+02,2.00000E+00,3.25398E-06
6.90000E+00,2.70000E+02,-2.00000E+00,0.00000E+00
6.90000E+00,2.70000E+02,0.00000E+00,0.00000E+00
6.90000E+00,2.70000E+02,2.00000E+00,1.97323E-06
6.90000E+00,2.90000E+02,-2.00000E+00,0.00000E+00
6.90000E+00,2.90000E+02,0.00000E+00,0.00000E+00
6.90000E+00,2.90000E+02,2.00000E+00,1.24891E-06
6.90000E+00,3.10000E+02,-2.00000E+00,0.00000E+00
6.90000E+00,3.10000E+02,0.00000E+00,0.00000E+00
6.90000E+00,3.10000E+02,2.00000E+00,3.57161E-07
6.90000E+00,3.30000E+02,-2.00000E+00,0.00000E+00
6.90000E+00,3.30000E+02,0.00000E+00,0.00000E+00
6.90000E+00,3.30000E+02,2.00000E+00,1.35769E-07
6.90000E+00,3.50000E+02,-2.00000E+00,0.00000E+00
6.90000E+00,3.50000E+02,0.00000E+00,0.00000E+00
6.90000E+00,3.50000E+02,2.00000E+00,6.40752E-08
6.90000E+00,3.70000E+02,-2.00000E+00,0.00000E+00
6.90000E+00,3.70000E+02,0.00000E+00,0.00000E+00
6.90000E+00,3.70000E+02,2.00000E+00,3.07721E-08
6.90000E+00,3.90000E+02,-2.00000E+00,0.00000E+00
6.90000E+00,3.90000E+02,0.00000E+00,0.00000E+00
6.90000E+00,3.90000E+02,2.00000E+00,1.29493E-08
7.10000E+00,1.00000E+01,-2.00000E+00,3.32377E-05
7.10000E+00,1.00000E+01,0.00000E+00,3.07679E-04
7.10000E+00,1.00000E+01,2.00000E+00,7.10180E-05
7.10000E+00,3.00000E+01,-2.00000E+00,4.94824E-08
7.10000E+00,3.00000E+01,0.00000E+00,6.08168E-04
7.10000E+00,3.00000E+01,2.00000E+00,1.68402E-04
7.10000E+00,5.00000E+01,-2.00000E+00,0.00000E+00
7.10000E+00,5.00000E+01,0.00000E+00,1.68408E-04
7.10000E+00,5.00000E+01,2.00000E+00,8.85843E-05
7.10000E+00,7.00000E+01,-2.00000E+00,0.00000E+00
7.10000E+00,7.00000E+01,0.00000E+00,8.18354E-06
7.10000E+00,7.00000E+01,2.00000E+00,1.57635E-05
7.10000E+00,9.00000E+01,-2.00000E+00,0.00000E+00
7.10000E+00,9.00000E+01,0.00000E+00,1.50514E-06
7.10000E+00,9.00000E+01,2.00000E+00,1.49795E-05
7.10000E+00,1.10000E+02,-2.00000E+00,0.00000E+00
7.10000E+00,1.10000E+02,0.00000E+00,1.85581E-06
7.10000E+00,1.10000E+02,2.00000E+00,1.51573E-05
7.10000E+00,1.30000E+02,-2.00000E+00,0.00000E+00
7.10000E+00,1.30000E+02,0.00000E+00,4.44754E-06
7.10000E+00,1.30000E+02,2.00000E+00,1.09308E-05
7.10000E+00,1.50000E+02,-2.00000E+00,0.00000E+00
7.10000E+00,1.50000E+02,0.00000E+00,2.92646E-06
7.10000E+00,1.50000E+02,2.00000E+00,6.01049E-06
7.10000E+00,1.70000E+02,-2.00000E+00,0.00000E+00
7.10000E+00,1.70000E+02,0.00000E+00,1.48407E-06
7.10000E+00,1.70000E+02,2.00000E+00,6.21375E-06
7.10000E+00,1.90000E+02,-2.00000E+00,0.00000E+00
7.10000E+00,1.90000E+02,0.00000E+00,5.58594E-07
7.10000E+00,1.90000E+02,2.00000E+00,8.05723E-06
7.10000E+00,2.10000E+02,-2.00000E+00,0.00000E+00
7.10000E+00,2.10000E+02,0.00000E+00,1.01991E-07
7.10000E+00,2.10000E+02,2.00000E+00,8.48303E-06
7.10000E+00,2.30000E+02,-2.00000E+00,0.00000E+00
7.10000E+00,2.30000E+02,0.00000E+00,0.00000E+00
7.10000E+00,2.30000E+02,2.00000E+00,5.55536E-06
7.10000E+00,2.50000E+02,-2.00000E+00,0.00000E+00
7.10000E+00,2.50000E+02,0.00000E+00,0.00000E+00
7.10000E+00,2.50000E+02,2.00000E+00,3.70889E-06
7.10000E+00,2.70000E+02,-2.00000E+00,0.00000E+00
7.10000E+00,2.70000E+02,0.00000E+00,0.00000E+00
7.10000E+00,2.70000E+02,2.00000E+00,2.40572E-06
7.10000E+00,2.90000E+02,-2.00000E+00,0.00000E+00
7.10000E+00,2.90000E+02,0.00000E+00,0.00000E+00
7.10000E+00,2.90000E+02,2.00000E+00,1.57988E-06
7.10000E+00,3.10000E+02,-2.00000E+00,0.00000E+00
7.10000E+00,3.10000E+02,0.00000E+00,0.00000E+00
7.10000E+00,3.10000E+02,2.00000E+00,7.15924E-07
7.10000E+00,3.30000E+02,-2.00000E+00,0.00000E+00
7.10000E+00,3.30000E+02,0.00000E+00,0.00000E+00
7.10000E+00,3.30000E+02,2.00000E+00,3.68647E-07
7.10000E+00,3.50000E+02,-2.00000E+00,0.00000E+00
7.10000E+00,3.50000E+02,0.00000E+00,0.00000E+00
7.10000E+00,3.50000E+02,2.00000E+00,1.46469E-07
7.10000E+00,3.70000E+02,-2.00000E+00,0.00000E+00
7.10000E+00,3.70000E+02,0.00000E+00,0.00000E+00
7.10000E+00,3.70000E+02,2.00000E+00,6.84015E-08
7.10000E+00,3.90000E+02,-2.00000E+00,0.00000E+00
7.10000E+00,3.90000E+02,0.00000E+00,0.00000E+00
7.10000E+00,3.90000E+02,2.00000E+00,3.05644E-08
7.30000E+00,1.00000E+01,-2.00000E+00,3.28066E-05
7.30000E+00,1.00000E+01,0.00000E+00,3.80677E-04
7.30000E+00,1.00000E+01,2.00000E+00,8.77286E-05
7.30000E+00,3.00000E+01,-2.00000E+00,6.99770E-08
7.30000E+00,3.00000E+01,0.00000E+00,3.13832E-04
7.30000E+00,3.00000E+01,2.00000E+00,8.19205E-05
7.30000E+00,5.00000E+01,-2.00000E+00,0.00000E+00
7.30000E+00,5.00000E+01,0.00000E+00,6.04084E-05
7.30000E+00,5.00000E+01,2.00000E+00,2.59436E-05
7.30000E+00,7.00000E+01,-2.00000E+00,0.00000E+00
7.30000E+00,7.00000E+01,0.00000E+00,1.76075E-05
7.30000E+00,7.00000E+01,2.00000E+00,2.06982E-05
7.30000E+00,9.00000E+01,-2.00000E+00,0.00000E+00
7.30000E+00,9.00000E+01,0.00000E+00,4.49076E-06
7.30000E+00,9.00000E+01,2.00000E+00,1.97949E-05
7.30000E+00,1.10000E+02,-2.00000E+00,0.00000E+00
7.30000E+00,1.10000E+02,0.00000E+00,9.77046E-07
7.30000E+00,1.10000E+02,2.00000E+00,6.35752E-06
7.30000E+00,1.30000E+02,-2.00000E+00,0.00000E+00
7.30000E+00,1.30000E+02,0.00000E+00,1.28377E-06
7.30000E+00,1.30000E+02,2.00000E+00,3.48879E-06
7.30000E+00,1.50000E+02,-2.00000E+00,0.00000E+00
7.30000E+00,1.50000E+02,0.00000E+00,1.51019E-06
7.30000E+00,1.50000E+02,2.00000E+00,3.32852E-06
7.30000E+00,1.70000E+02,-2.00000E+00,0.00000E+00
7.30000E+00,1.70000E+02,0.00000E+00,9.73102E-07
7.30000E+00,1.70000E+02,2.00000E+00,3.16786E-06
7.30000E+00,1.90000E+02,-2.00000E+00,0.00000E+00
7.30000E+00,1.90000E+02,0.00000E+00,4.96610E-07
7.30000E+00,1.90000E+02,2.00000E+00,3.84139E-06
7.30000E+00,2.10000E+02,-2.00000E+00,0.00000E+00
7.30000E+00,2.10000E+02,0.00000E+00,2.21616E-07
7.30000E+00,2.10000E+02,2.00000E+00,5.01211E-06
7.30000E+00,2.30000E+02,-2.00000E+00,0.00000E+00
7.30000E+00,2.30000E+02,0.00000E+00,5.00441E-08
7.30000E+00,2.30000E+02,2.00000E+00,4.45184E-06
7.30000E+00,2.50000E+02,-2.00000E+00,0.00000E+00
7.30000E+00,2.50000E+02,0.00000E+00,8.13701E-10
7.30000E+00,2.50000E+02,2.00000E+00,3.03668E-06
7.30000E+00,2.70000E+02,-2.00000E+00,0.00000E+00
7.30000E+00,2.70000E+02,0.00000E+00,0.00000E+00
7.30000E+00,2.70000E+02,2.00000E+00,1.64778E-06
7.30000E+00,2.90000E+02,-2.00000E+00,0.00000E+00
7.30000E+00,2.90000E+02,0.00000E+00,0.00000E+00
7.30000E+00,2.90000E+02,2.00000E+00,1.48869E-06
7.30000E+00,3.10000E+02,-2.00000E+00,0.00000E+00
7.30000E+00,3.10000E+02,0.00000E+00,0.00000E+00
7.30000E+00,3.10000E+02,2.00000E+00,8.40569E-07
7.30000E+00,3.30000E+02,-2.00000E+00,0.00000E+00
7.30000E+00,3.30000E+02,0.00000E+00,0.00000E+00
7.30000E+00,3.30000E+02,2.00000E+00,4.15077E-07
7.30000E+00,3.50000E+02,-2.00000E+00,0.00000E+00
7.30000E+00,3.50000E+02,0.00000E+00,0.00000E+00
7.30000E+00,3.50000E+02,2.00000E+00,2.88659E-07
7.30000E+00,3.70000E+02,-2.00000E+00,0.00000E+00
7.30000E+00,3.70000E+02,0.00000E+00,0.00000E+00
7.30000E+00,3.70000E+02,2.00000E+00,1.52074E-07
7.30000E+00,3.90000E+02,-2.00000E+00,0.00000E+00
7.30000E+00,3.90000E+02,0.00000E+00,0.00000E+00
7.30000E+00,3.90000E+02,2.00000E+00,5.80501E-08
7.50000E+00,1.00000E+01,-2.00000E+00,4.23730E-07
7.50000E+00,1.00000E+01,0.00000E+00,2.22381E-06
7.50000E+00,1.00000E+01,2.00000E+00,5.12410E-07
7.50000E+00,3.00000E+01,-2.00000E+00,6.86226E-08
7.50000E+00,3.00000E+01,0.00000E+00,1.83547E-04
7.50000E+00,3.00000E+01,2.00000E+00,4.35410E-05
7.50000E+00,5.00000E+01,-2.00000E+00,0.00000E+00
7.50000E+00,5.00000E+01,0.00000E+00,6.66166E-05
7.50000E+00,5.00000E+01,2.00000E+00,2.70905E-05
7.50000E+00,7.00000E+01,-2.00000E+00,0.00000E+00
7.50000E+00,7.00000E+01,0.00000E+00,2.85367E-05
7.50000E+00,7.00000E+01,2.00000E+00,2.27105E-05
7.50000E+00,9.00000E+01,-2.00000E+00,0.00000E+00
7.50000E+00,9.00000E+01,0.00000E+00,3.10296E-06
7.50000E+00,9.00000E+01,2.00000E+00,5.15872E-06
7.50000E+00,1.10000E+02,-2.00000E+00,0.00000E+00
7.50000E+00,1.10000E+02,0.00000E+00,1.72390E-07
7.50000E+00,1.10000E+02,2.00000E+00,1.94806E-06
7.50000E+00,1.30000E+02,-2.00000E+00,0.00000E+00
7.50000E+00,1.30000E+02,0.00000E+00,1.14199E-07
7.50000E+00,1.30000E+02,2.00000E+00,1.70606E-06
7.50000E+00,1.50000E+02,-2.00000E+00,0.00000E+00
7.50000E+00,1.50000E+02,0.00000E+00,1.37048E-07
7.50000E+00,1.50000E+02,2.00000E+00,1.71968E-06
7.50000E+00,1.70000E+02,-2.00000E+00,0.00000E+00
7.50000E+00,1.70000E+02,0.00000E+00,1.05325E-07
7.50000E+00,1.70000E+02,2.00000E+00,1.38361E-06
7.50000E+00,1.90000E+02,-2.00000E+00,0.00000E+00
7.50000E+00,1.90000E+02,0.00000E+00,6.71669E-08
7.50000E+00,1.90000E+02,2.00000E+00,2.08522E-06
7.50000E+00,2.10000E+02,-2.00000E+00,0.00000E+00
7.50000E+00,2.10000E+02,0.00000E+00,3.13778E-08
7.50000E+00,2.10000E+02,2.00000E+00,3.31032E-06
7.50000E+00,2.30000E+02,-2.00000E+00,0.00000E+00
7.50000E+00,2.30000E+02,0.00000E+00,1.58271E-08
7.50000E+00,2.30000E+02,2.00000E+00,3.84237E-06
7.50000E+00,2.50000E+02,-2.00000E+00,0.00000E+00
7.50000E+00,2.50000E+02,0.00000E+00,3.73683E-09
7.50000E+00,2.50000E+02,2.00000E+00,1.43356E-06
7.50000E+00,2.70000E+02,-2.00000E+00,0.00000E+00
7.50000E+00,2.70000E+02,0.00000E+00,0.00000E+00
7.50000E+00,2.70000E+02,2.00000E+00,7.15321E-07
7.50000E+00,2.90000E+02,-2.00000E+00,0.00000E+00
7.50000E+00,2.90000E+02,0.00000E+00,0.00000E+00
7.50000E+00,2.90000E+02,2.00000E+00,1.49765E-06
7.50000E+00,3.10000E+02,-2.00000E+00,0.00000E+00
7.50000E+00,3.10000E+02,0.00000E+00,0.00000E+00
7.50000E+00,3.10000E+02,2.00000E+00,3.99069E-07
7.50000E+00,3.30000E+02,-2.00000E+00,0.00000E+00
7.50000E+00,3.30000E+02,0.00000E+00,0.00000E+00
7.50000E+00,3.30000E+02,2.00000E+00,2.50514E-07
7.50000E+00,3.50000E+02,-2.00000E+00,0.00000E+00
7.50000E+00,3.50000E+02,0.00000E+00,0.00000E+00
7.50000E+00,3.50000E+02,2.00000E+00,3.56717E-07
7.50000E+00,3.70000E+02,-2.00000E+00,0.00000E+00
7.50000E+00,3.70000E+02,0.00000E+00,0.00000E+00
7.50000E+00,3.70000E+02,2.00000E+00,2.32601E-07
7.50000E+00,3.90000E+02,-2.00000E+00,0.00000E+00
7.50000E+00,3.90000E+02,0.00000E+00,0.00000E+00
7.50000E+00,3.90000E+02,2.00000E+00,1.78380E-07
7.70000E+00,1.00000E+01,-2.00000E+00,1.02166E-07
7.70000E+00,1.00000E+01,0.00000E+00,5.11878E-07
7.70000E+00,1.00000E+01,2.00000E+00,1.17947E-07
7.70000E+00,3.00000E+01,-2.00000E+00,2.46048E-08
7.70000E+00,3.00000E+01,0.00000E+00,7.11676E-07
7.70000E+00,3.00000E+01,2.00000E+00,1.74241E-07
7.70000E+00,5.00000E+01,-2.00000E+00,0.00000E+00
7.70000E+00,5.00000E+01,0.00000E+00,6.29885E-07
7.70000E+00,5.00000E+01,2.00000E+00,2.23960E-07
7.70000E+00,7.00000E+01,-2.00000E+00,0.00000E+00
7.70000E+00,7.00000E+01,0.00000E+00,1.00467E-05
7.70000E+00,7.00000E+01,2.00000E+00,5.93856E-06
7.70000E+00,9.00000E+01,-2.00000E+00,0.00000E+00
7.70000E+00,9.00000E+01,0.00000E+00,2.76181E-07
7.70000E+00,9.00000E+01,2.00000E+00,3.27381E-07
7.70000E+00,1.10000E+02,-2.00000E+00,0.00000E+00
7.70000E+00,1.10000E+02,0.00000E+00,1.01120E-07
7.70000E+00,1.10000E+02,2.00000E+00,3.88873E-07
7.70000E+00,1.30000E+02,-2.00000E+00,0.00000E+00
7.70000E+00,1.30000E+02,0.00000E+00,3.85220E-09
7.70000E+00,1.30000E+02,2.00000E+00,5.85474E-07
7.70000E+00,1.50000E+02,-2.00000E+00,0.00000E+00
7.70000E+00,1.50000E+02,0.00000E+00,0.00000E+00
7.70000E+00,1.50000E+02,2.00000E+00,9.35046E-07
7.70000E+00,1.70000E+02,-2.00000E+00,0.00000E+00
7.70000E+00,1.70000E+02,0.00000E+00,0.00000E+00
7.70000E+00,1.70000E+02,2.00000E+00,7.63291E-07
7.70000E+00,1.90000E+02,-2.00000E+00,0.00000E+00
7.70000E+00,1.90000E+02,0.00000E+00,0.00000E+00
7.70000E+00,1.90000E+02,2.00000E+00,9.61053E-07
7.70000E+00,2.10000E+02,-2.00000E+00,0.00000E+00
7.70000E+00,2.10000E+02,0.00000E+00,0.00000E+00
7.70000E+00,2.10000E+02,2.00000E+00,7.20447E-07
7.70000E+00,2.30000E+02,-2.00000E+00,0.00000E+00
7.70000E+00,2.30000E+02,0.00000E+00,0.00000E+00
7.70000E+00,2.30000E+02,2.00000E+00,4.09007E-07
7.70000E+00,2.50000E+02,-2.00000E+00,0.00000E+00
7.70000E+00,2.50000E+02,0.00000E+00,0.00000E+00
7.70000E+00,2.50000E+02,2.00000E+00,2.29291E-07
7.70000E+00,2.70000E+02,-2.00000E+00,0.00000E+00
7.70000E+00,2.70000E+02,0.00000E+00,0.00000E+00
7.70000E+00,2.70000E+02,2.00000E+00,1.65645E-07
7.70000E+00,2.90000E+02,-2.00000E+00,0.00000E+00
7.70000E+00,2.90000E+02,0.00000E+00,0.00000E+00
7.70000E+00,2.90000E+02,2.00000E+00,1.29068E-07
7.70000E+00,3.10000E+02,-2.00000E+00,0.00000E+00
7.70000E+00,3.10000E+02,0.00000E+00,0.00000E+00
7.70000E+00,3.10000E+02,2.00000E+00,9.45394E-08
7.70000E+00,3.30000E+02,-2.00000E+00,0.00000E+00
7.70000E+00,3.30000E+02,0.00000E+00,0.00000E+00
7.70000E+00,3.30000E+02,2.00000E+00,1.32112E-07
7.70000E+00,3.50000E+02,-2.00000E+00,0.00000E+00
7.70000E+00,3.50000E+02,0.00000E+00,0.00000E+00
7.70000E+00,3.50000E+02,2.00000E+00,5.78732E-07
7.70000E+00,3.70000E+02,-2.00000E+00,0.00000E+00
7.70000E+00,3.70000E+02,0.00000E+00,0.00000E+00
7.70000E+00,3.70000E+02,2.00000E+00,4.38101E-07
7.70000E+00,3.90000E+02,-2.00000E+00,0.00000E+00
7.70000E+00,3.90000E+02,0.00000E+00,0.00000E+00
7.70000E+00,3.90000E+02,2.00000E+00,4.55815E-07
7.90000E+00,1.00000E+01,-2.00000E+00,0.00000E+00
7.90000E+00,1.00000E+01,0.00000E+00,0.00000E+00
7.90000E+00,1.00000E+01,2.00000E+00,0.00000E+00
7.90000E+00,3.00000E+01,-2.00000E+00,0.00000E+00
7.90000E+00,3.00000E+01,0.00000E+00,0.00000E+00
7.90000E+00,3.00000E+01,2.00000E+00,0.00000E+00
7.90000E+00,5.00000E+01,-2.00000E+00,0.00000E+00
7.90000E+00,5.00000E+01,0.00000E+00,0.00000E+00
7.90000E+00,5.00000E+01,2.00000E+00,0.00000E+00
7.90000E+00,7.00000E+01,-2.00000E+00,0.00000E+00
7.90000E+00,7.00000E+01,0.00000E+00,0.00000E+00
7.90000E+00,7.00000E+01,2.00000E+00,0.00000E+00
7.90000E+00,9.00000E+01,-2.00000E+00,0.00000E+00
7.90000E+00,9.00000E+01,0.00000E+00,0.00000E+00
7.90000E+00,9.00000E+01,2.00000E+00,0.00000E+00
7.90000E+00,1.10000E+02,-2.00000E+00,0.00000E+00
7.90000E+00,1.10000E+02,0.00000E+00,0.00000E+00
7.90000E+00,1.10000E+02,2.00000E+00,0.00000E+00
7.90000E+00,1.30000E+02,-2.00000E+00,0.00000E+00
7.90000E+00,1.30000E+02,0.00000E+00,1.21077E-07
7.90000E+00,1.30000E+02,2.00000E+00,6.97149E-07
7.90000E+00,1.50000E+02,-2.00000E+00,0.00000E+00
7.90000E+00,1.50000E+02,0.00000E+00,9.20328E-08
7.90000E+00,1.50000E+02,2.00000E+00,1.96480E-06
7.90000E+00,1.70000E+02,-2.00000E+00,0.00000E+00
7.90000E+00,1.70000E+02,0.00000E+00,0.00000E+00
7.90000E+00,1.70000E+02,2.00000E+00,4.68824E-07
7.90000E+00,1.90000E+02,-2.00000E+00,0.00000E+00
7.90000E+00,1.90000E+02,0.00000E+00,0.00000E+00
7.90000E+00,1.90000E+02,2.00000E+00,1.75798E-07
7.90000E+00,2.10000E+02,-2.00000E+00,0.00000E+00
7.90000E+00,2.10000E+02,0.00000E+00,0.00000E+00
7.90000E+00,2.10000E+02,2.00000E+00,0.00000E+00
7.90000E+00,2.30000E+02,-2.00000E+00,0.00000E+00
7.90000E+00,2.30000E+02,0.00000E+00,0.00000E+00
7.90000E+00,2.30000E+02,2.00000E+00,0.00000E+00
7.90000E+00,2.50000E+02,-2.00000E+00,0.00000E+00
7.90000E+00,2.50000E+02,0.00000E+00,0.00000E+00
7.90000E+00,2.50000E+02,2.00000E+00,0.00000E+00
7.90000E+00,2.70000E+02,-2.00000E+00,0.00000E+00
7.90000E+00,2.70000E+02,0.00000E+00,0.00000E+00
7.90000E+00,2.70000E+02,2.00000E+00,0.00000E+00
7.90000E+00,2.90000E+02,-2.00000E+00,0.00000E+00
7.90000E+00,2.90000E+02,0.00000E+00,0.00000E+00
7.90000E+00,2.90000E+02,2.00000E+00,0.00000E+00
7.90000E+00,3.10000E+02,-2.00000E+00,0.00000E+00
7.90000E+00,3.10000E+02,0.00000E+00,0.00000E+00
7.90000E+00,3.10000E+02,2.00000E+00,0.00000E+00
7.90000E+00,3.30000E+02,-2.00000E+00,0.00000E+00
7.90000E+00,3.30000E+02,0.00000E+00,0.00000E+00
7.90000E+00,3.30000E+02,2.00000E+00,7.07194E-07
7.90000E+00,3.50000E+02,-2.00000E+00,0.00000E+00
7.90000E+00,3.50000E+02,0.00000E+00,0.00000E+00
7.90000E+00,3.50000E+02,2.00000E+00,2.89940E-07
7.90000E+00,3.70000E+02,-2.00000E+00,0.00000E+00
7.90000E+00,3.70000E+02,0.00000E+00,0.00000E+00
7.90000E+00,3.70000E+02,2.00000E+00,4.53185E-08
7.90000E+00,3.90000E+02,-2.00000E+00,0.00000E+00
7.90000E+00,3.90000E+02,0.00000E+00,0.00000E+00
7.90000E+00,3.90000E+02,2.00000E+00,0.00000E+00
8.10000E+00,1.00000E+01,-2.00000E+00,0.00000E+00
8.10000E+00,1.00000E+01,0.00000E+00,0.00000E+00
8.10000E+00,1.00000E+01,2.00000E+00,0.00000E+00
8.10000E+00,3.00000E+01,-2.00000E+00,0.00000E+00
8.10000E+00,3.00000E+01,0.00000E+00,0.00000E+00
8.10000E+00,3.00000E+01,2.00000E+00,0.00000E+00
8.10000E+00,5.00000E+01,-2.00000E+00,0.00000E+00
8.10000E+00,5.00000E+01,0.00000E+00,0.00000E+00
8.10000E+00,5.00000E+01,2.00000E+00,0.00000E+00
8.10000E+00,7.00000E+01,-2.00000E+00,0.00000E+00
8.10000E+00,7.00000E+01,0.00000E+00,0.00000E+00
8.10000E+00,7.00000E+01,2.00000E+00,0.00000E+00
8.10000E+00,9.00000E+01,-2.00000E+00,0.00000E+00
8.10000E+00,9.00000E+01,0.00000E+00,0.00000E+00
8.10000E+00,9.00000E+01,2.00000E+00,0.00000E+00
8.10000E+00,1.10000E+02,-2.00000E+00,0.00000E+00
8.10000E+00,1.10000E+02,0.00000E+00,0.00000E+00
8.10000E+00,1.10000E+02,2.00000E+00,0.00000E+00
8.10000E+00,1.30000E+02,-2.00000E+00,0.00000E+00
8.10000E+00,1.30000E+02,0.00000E+00,0.00000E+00
8.10000E+00,1.30000E+02,2.00000E+00,0.00000E+00
8.10000E+00,1.50000E+02,-2.00000E+00,0.00000E+00
8.10000E+00,1.50000E+02,0.00000E+00,0.00000E+00
8.10000E+00,1.50000E+02,2.00000E+00,0.00000E+00
8.10000E+00,1.70000E+02,-2.00000E+00,0.00000E+00
8.10000E+00,1.70000E+02,0.00000E+00,0.00000E+00
8.10000E+00,1.70000E+02,2.00000E+00,0.00000E+00
8.10000E+00,1.90000E+02,-2.00000E+00,0.00000E+00
8.10000E+00,1.90000E+02,0.00000E+00,0.00000E+00
8.10000E+00,1.90000E+02,2.00000E+00,0.00000E+00
8.10000E+00,2.10000E+02,-2.00000E+00,0.00000E+00
8.10000E+00,2.10000E+02,0.00000E+00,0.00000E+00
8.10000E+00,2.10000E+02,2.00000E+00,0.00000E+00
8.10000E+00,2.30000E+02,-2.00000E+00,0.00000E+00
8.10000E+00,2.30000E+02,0.00000E+00,0.00000E+00
8.10000E+00,2.30000E+02,2.00000E+00,0.00000E+00
8.10000E+00,2.50000E+02,-2.00000E+00,0.00000E+00
8.10000E+00,2.50000E+02,0.00000E+00,0.00000E+00
8.10000E+00,2.50000E+02,2.00000E+00,0.00000E+00
8.10000E+00,2.70000E+02,-2.00000E+00,0.00000E+00
8.10000E+00,2.70000E+02,0.00000E+00,0.00000E+00
8.10000E+00,2.70000E+02,2.00000E+00,0.00000E+00
8.10000E+00,2.90000E+02,-2.00000E+00,0.00000E+00
8.10000E+00,2.90000E+02,0.00000E+00,0.00000E+00
8.10000E+00,2.90000E+02,2.00000E+00,0.00000E+00
8.10000E+00,3.10000E+02,-2.00000E+00,0.00000E+00
8.10000E+00,3.10000E+02,0.00000E+00,0.00000E+00
8.10000E+00,3.10000E+02,2.00000E+00,0.00000E+00
8.10000E+00,3.30000E+02,-2.00000E+00,0.00000E+00
8.10000E+00,3.30000E+02,0.00000E+00,0.00000E+00
8.10000E+00,3.30000E+02,2.00000E+00,0.00000E+00
8.10000E+00,3.50000E+02,-2.00000E+00,0.00000E+00
8.10000E+00,3.50000E+02,0.00000E+00,0.00000E+00
8.10000E+00,3.50000E+02,2.00000E+00,0.00000E+00
8.10000E+00,3.70000E+02,-2.00000E+00,0.00000E+00
8.10000E+00,3.70000E+02,0.00000E+00,0.00000E+00
8.10000E+00,3.70000E+02,2.00000E+00,0.00000E+00
8.10000E+00,3.90000E+02,-2.00000E+00,0.00000E+00
8.10000E+00,3.90000E+02,0.00000E+00,0.00000E+00
8.10000E+00,3.90000E+02,2.00000E+00,0.00000E+00
8.30000E+00,1.00000E+01,-2.00000E+00,0.00000E+00
8.30000E+00,1.00000E+01,0.00000E+00,0.00000E+00
8.30000E+00,1.00000E+01,2.00000E+00,0.00000E+00
8.30000E+00,3.00000E+01,-2.00000E+00,0.00000E+00
8.30000E+00,3.00000E+01,0.00000E+00,0.00000E+00
8.30000E+00,3.00000E+01,2.00000E+00,0.00000E+00
8.30000E+00,5.00000E+01,-2.00000E+00,0.00000E+00
8.30000E+00,5.00000E+01,0.00000E+00,0.00000E+00
8.30000E+00,5.00000E+01,2.00000E+00,0.00000E+00
8.30000E+00,7.00000E+01,-2.00000E+00,0.00000E+00
8.30000E+00,7.00000E+01,0.00000E+00,0.00000E+00
8.30000E+00,7.00000E+01,2.00000E+00,0.00000E+00
8.30000E+00,9.00000E+01,-2.00000E+00,0.00000E+00
8.30000E+00,9.00000E+01,0.00000E+00,0.00000E+00
8.30000E+00,9.00000E+01,2.00000E+00,0.00000E+00
8.30000E+00,1.10000E+02,-2.00000E+00,0.00000E+00
8.30000E+00,1.10000E+02,0.00000E+00,0.00000E+00
8.30000E+00,1.10000E+02,2.00000E+00,0.00000E+00
8.30000E+00,1.30000E+02,-2.00000E+00,0.00000E+00
8.30000E+00,1.30000E+02,0.00000E+00,0.00000E+00
8.30000E+00,1.30000E+02,2.00000E+00,0.00000E+00
8.30000E+00,1.50000E+02,-2.00000E+00,0.00000E+00
8.30000E+00,1.50000E+02,0.00000E+00,0.00000E+00
8.30000E+00,1.50000E+02,2.00000E+00,0.00000E+00
8.30000E+00,1.70000E+02,-2.00000E+00,0.00000E+00
8.30000E+00,1.70000E+02,0.00000E+00,0.00000E+00
8.30000E+00,1.70000E+02,2.00000E+00,0.00000E+00
8.30000E+00,1.90000E+02,-2.00000E+00,0.00000E+00
8.30000E+00,1.90000E+02,0.00000E+00,0.00000E+00
8.30000E+00,1.90000E+02,2.00000E+00,0.00000E+00
8.30000E+00,2.10000E+02,-2.00000E+00,0.00000E+00
8.30000E+00,2.10000E+02,0.00000E+00,0.00000E+00
8.30000E+00,2.10000E+02,2.00000E+00,0.00000E+00
8.30000E+00,2.30000E+02,-2.00000E+00,0.00000E+00
8.30000E+00,2.30000E+02,0.00000E+00,0.00000E+00
8.30000E+00,2.30000E+02,2.00000E+00,0.00000E+00
8.30000E+00,2.50000E+02,-2.00000E+00,0.00000E+00
8.30000E+00,2.50000E+02,0.00000E+00,0.00000E+00
8.30000E+00,2.50000E+02,2.00000E+00,0.00000E+00
8.30000E+00,2.70000E+02,-2.00000E+00,0.00000E+00
8.30000E+00,2.70000E+02,0.00000E+00,0.00000E+00
8.30000E+00,2.70000E+02,2.00000E+00,0.00000E+00
8.30000E+00,2.90000E+02,-2.00000E+00,0.00000E+00
8.30000E+00,2.90000E+02,0.00000E+00,0.00000E+00
8.30000E+00,2.90000E+02,2.00000E+00,0.00000E+00
8.30000E+00,3.10000E+02,-2.00000E+00,0.00000E+00
8.30000E+00,3.10000E+02,0.00000E+00,0.00000E+00
8.30000E+00,3.10000E+02,2.00000E+00,0.00000E+00
8.30000E+00,3.30000E+02,-2.00000E+00,0.00000E+00
8.30000E+00,3.30000E+02,0.00000E+00,0.00000E+00
8.30000E+00,3.30000E+02,2.00000E+00,0.00000E+00
8.30000E+00,3.50000E+02,-2.00000E+00,0.00000E+00
8.30000E+00,3.50000E+02,0.00000E+00,0.00000E+00
8.30000E+00,3.50000E+02,2.00000E+00,0.00000E+00
8.30000E+00,3.70000E+02,-2.00000E+00,0.00000E+00
8.30000E+00,3.70000E+02,0.00000E+00,0.00000E+00
8.30000E+00,3.70000E+02,2.00000E+00,0.00000E+00
8.30000E+00,3.90000E+02,-2.00000E+00,0.00000E+00
8.30000E+00,3.90000E+02,0.00000E+00,0.00000E+00
8.30000E+00,3.90000E+02,2.00000E+00,0.00000E+00
8.50000E+00,1.00000E+01,-2.00000E+00,0.00000E+00
8.50000E+00,1.00000E+01,0.00000E+00,0.00000E+00
8.50000E+00,1.00000E+01,2.00000E+00,0.00000E+00
8.50000E+00,3.00000E+01,-2.00000E+00,0.00000E+00
8.50000E+00,3.00000E+01,0.00000E+00,0.00000E+00
8.50000E+00,3.00000E+01,2.00000E+00,0.00000E+00
8.50000E+00,5.00000E+01,-2.00000E+00,0.00000E+00
8.50000E+00,5.00000E+01,0.00000E+00,0.00000E+00
8.50000E+00,5.00000E+01,2.00000E+00,0.00000E+00
8.50000E+00,7.00000E+01,-2.00000E+00,0.00000E+00
8.50000E+00,7.00000E+01,0.00000E+00,0.00000E+00
8.50000E+00,7.00000E+01,2.00000E+00,0.00000E+00
8.50000E+00,9.00000E+01,-2.00000E+00,0.00000E+00
8.50000E+00,9.00000E+01,0.00000E+00,0.00000E+00
8.50000E+00,9.00000E+01,2.00000E+00,0.00000E+00
8.50000E+00,1.10000E+02,-2.00000E+00,0.00000E+00
8.50000E+00,1.10000E+02,0.00000E+00,0.00000E+00
8.50000E+00,1.10000E+02,2.00000E+00,0.00000E+00
8.50000E+00,1.30000E+02,-2.00000E+00,0.00000E+00
8.50000E+00,1.30000E+02,0.00000E+00,0.00000E+00
8.50000E+00,1.30000E+02,2.00000E+00,0.00000E+00
8.50000E+00,1.50000E+02,-2.00000E+00,0.00000E+00
8.50000E+00,1.50000E+02,0.00000E+00,0.00000E+00
8.50000E+00,1.50000E+02,2.00000E+00,0.00000E+00
8.50000E+00,1.70000E+02,-2.00000E+00,0.00000E+00
8.50000E+00,1.70000E+02,0.00000E+00,0.00000E+00
8.50000E+00,1.70000E+02,2.00000E+00,0.00000E+00
8.50000E+00,1.90000E+02,-2.00000E+00,0.00000E+00
8.50000E+00,1.90000E+02,0.00000E+00,0.00000E+00
8.50000E+00,1.90000E+02,2.00000E+00,0.00000E+00
8.50000E+00,2.10000E+02,-2.00000E+00,0.00000E+00
8.50000E+00,2.10000E+02,0.00000E+00,0.00000E+00
8.50000E+00,2.10000E+02,2.00000E+00,0.00000E+00
8.50000E+00,2.30000E+02,-2.00000E+00,0.00000E+00
8.50000E+00,2.30000E+02,0.00000E+00,0.00000E+00
8.50000E+00,2.30000E+02,2.00000E+00,0.00000E+00
8.50000E+00,2.50000E+02,-2.00000E+00,0.00000E+00
8.50000E+00,2.50000E+02,0.00000E+00,0.00000E+00
8.50000E+00,2.50000E+02,2.00000E+00,0.00000E+00
8.50000E+00,2.70000E+02,-2.00000E+00,0.00000E+00
8.50000E+00,2.70000E+02,0.00000E+00,0.00000E+00
8.50000E+00,2.70000E+02,2.00000E+00,0.00000E+00
8.50000E+00,2.90000E+02,-2.00000E+00,0.00000E+00
8.50000E+00,2.90000E+02,0.00000E+00,0.00000E+00
8.50000E+00,2.90000E+02,2.00000E+00,0.00000E+00
8.50000E+00,3.10000E+02,-2.00000E+00,0.00000E+00
8.50000E+00,3.10000E+02,0.00000E+00,0.00000E+00
8.50000E+00,3.10000E+02,2.00000E+00,0.00000E+00
8.50000E+00,3.30000E+02,-2.00000E+00,0.00000E+00
8.50000E+00,3.30000E+02,0.00000E+00,0.00000E+00
8.50000E+00,3.30000E+02,2.00000E+00,0.00000E+00
8.50000E+00,3.50000E+02,-2.00000E+00,0.00000E+00
8.50000E+00,3.50000E+02,0.00000E+00,0.00000E+00
8.50000E+00,3.50000E+02,2.00000E+00,0.00000E+00
8.50000E+00,3.70000E+02,-2.00000E+00,0.00000E+00
8.50000E+00,3.70000E+02,0.00000E+00,0.00000E+00
8.50000E+00,3.70000E+02,2.00000E+00,0.00000E+00
8.50000E+00,3.90000E+02,-2.00000E+00,0.00000E+00
8.50000E+00,3.90000E+02,0.00000E+00,0.00000E+00
8.50000E+00,3.90000E+02,2.00000E+00,0.00000E+00
8.70000E+00,1.00000E+01,-2.00000E+00,0.00000E+00
8.70000E+00,1.00000E+01,0.00000E+00,0.00000E+00
8.70000E+00,1.00000E+01,2.00000E+00,0.00000E+00
8.70000E+00,3.00000E+01,-2.00000E+00,0.00000E+00
8.70000E+00,3.00000E+01,0.00000E+00,0.00000E+00
8.70000E+00,3.00000E+01,2.00000E+00,0.00000E+00
8.70000E+00,5.00000E+01,-2.00000E+00,0.00000E+00
8.70000E+00,5.00000E+01,0.00000E+00,0.00000E+00
8.70000E+00,5.00000E+01,2.00000E+00,0.00000E+00
8.70000E+00,7.00000E+01,-2.00000E+00,0.00000E+00
8.70000E+00,7.00000E+01,0.00000E+00,0.00000E+00
8.70000E+00,7.00000E+01,2.00000E+00,0.00000E+00
8.70000E+00,9.00000E+01,-2.00000E+00,0.00000E+00
8.70000E+00,9.00000E+01,0.00000E+00,0.00000E+00
8.70000E+00,9.00000E+01,2.00000E+00,0.00000E+00
8.70000E+00,1.10000E+02,-2.00000E+00,0.00000E+00
8.70000E+00,1.10000E+02,0.00000E+00,0.00000E+00
8.70000E+00,1.10000E+02,2.00000E+00,0.00000E+00
8.70000E+00,1.30000E+02,-2.00000E+00,0.00000E+00
8.70000E+00,1.30000E+02,0.00000E+00,0.00000E+00
8.70000E+00,1.30000E+02,2.00000E+00,0.00000E+00
8.70000E+00,1.50000E+02,-2.00000E+00,0.00000E+00
8.70000E+00,1.50000E+02,0.00000E+00,0.00000E+00
8.70000E+00,1.50000E+02,2.00000E+00,0.00000E+00
8.70000E+00,1.70000E+02,-2.00000E+00,0.00000E+00
8.70000E+00,1.70000E+02,0.00000E+00,0.00000E+00
8.70000E+00,1.70000E+02,2.00000E+00,0.00000E+00
8.70000E+00,1.90000E+02,-2.00000E+00,0.00000E+00
8.70000E+00,1.90000E+02,0.00000E+00,0.00000E+00
8.70000E+00,1.90000E+02,2.00000E+00,0.00000E+00
8.70000E+00,2.10000E+02,-2.00000E+00,0.00000E+00
8.70000E+00,2.10000E+02,0.00000E+00,0.00000E+00
8.70000E+00,2.10000E+02,2.00000E+00,0.00000E+00
8.70000E+00,2.30000E+02,-2.00000E+00,0.00000E+00
8.70000E+00,2.30000E+02,0.00000E+00,0.00000E+00
8.70000E+00,2.30000E+02,2.00000E+00,0.00000E+00
8.70000E+00,2.50000E+02,-2.00000E+00,0.00000E+00
8.70000E+00,2.50000E+02,0.00000E+00,0.00000E+00
8.70000E+00,2.50000E+02,2.00000E+00,0.00000E+00
8.70000E+00,2.70000E+02,-2.00000E+00,0.00000E+00
8.70000E+00,2.70000E+02,0.00000E+00,0.00000E+00
8.70000E+00,2.70000E+02,2.00000E+00,0.00000E+00
8.70000E+00,2.90000E+02,-2.00000E+00,0.00000E+00
8.70000E+00,2.90000E+02,0.00000E+00,0.00000E+00
8.70000E+00,2.90000E+02,2.00000E+00,0.00000E+00
8.70000E+00,3.10000E+02,-2.00000E+00,0.00000E+00
8.70000E+00,3.10000E+02,0.00000E+00,0.00000E+00
8.70000E+00,3.10000E+02,2.00000E+00,0.00000E+00
8.70000E+00,3.30000E+02,-2.00000E+00,0.00000E+00
8.70000E+00,3.30000E+02,0.00000E+00,0.00000E+00
8.70000E+00,3.30000E+02,2.00000E+00,0.00000E+00
8.70000E+00,3.50000E+02,-2.00000E+00,0.00000E+00
8.70000E+00,3.50000E+02,0.00000E+00,0.00000E+00
8.70000E+00,3.50000E+02,2.00000E+00,0.00000E+00
8.70000E+00,3.70000E+02,-2.00000E+00,0.00000E+00
8.70000E+00,3.70000E+02,0.00000E+00,0.00000E+00
8.70000E+00,3.70000E+02,2.00000E+00,0.00000E+00
8.70000E+00,3.90000E+02,-2.00000E+00,0.00000E+00
8.70000E+00,3.90000E+02,0.00000E+00,0.00000E+00
8.70000E+00,3.90000E+02,2.00000E+00,0.00000E+00
8.90000E+00,1.00000E+01,-2.00000E+00,0.00000E+00
8.90000E+00,1.00000E+01,0.00000E+00,0.00000E+00
8.90000E+00,1.00000E+01,2.00000E+00,0.00000E+00
8.90000E+00,3.00000E+01,-2.00000E+00,0.00000E+00
8.90000E+00,3.00000E+01,0.00000E+00,0.00000E+00
8.90000E+00,3.00000E+01,2.00000E+00,0.00000E+00
8.90000E+00,5.00000E+01,-2.00000E+00,0.00000E+00
8.90000E+00,5.00000E+01,0.00000E+00,0.00000E+00
8.90000E+00,5.00000E+01,2.00000E+00,0.00000E+00
8.90000E+00,7.00000E+01,-2.00000E+00,0.00000E+00
8.90000E+00,7.00000E+01,0.00000E+00,0.00000E+00
8.90000E+00,7.00000E+01,2.00000E+00,0.00000E+00
8.90000E+00,9.00000E+01,-2.00000E+00,0.00000E+00
8.90000E+00,9.00000E+01,0.00000E+00,0.00000E+00
8.90000E+00,9.00000E+01,2.00000E+00,0.00000E+00
8.90000E+00,1.10000E+02,-2.00000E+00,0.00000E+00
8.90000E+00,1.10000E+02,0.00000E+00,0.00000E+00
8.90000E+00,1.10000E+02,2.00000E+00,0.00000E+00
8.90000E+00,1.30000E+02,-2.00000E+00,0.00000E+00
8.90000E+00,1.30000E+02,0.00000E+00,0.00000E+00
8.90000E+00,1.30000E+02,2.00000E+00,0.00000E+00
8.90000E+00,1.50000E+02,-2.00000E+00,0.00000E+00
8.90000E+00,1.50000E+02,0.00000E+00,0.00000E+00
8.90000E+00,1.50000E+02,2.00000E+00,0.00000E+00
8.90000E+00,1.70000E+02,-2.00000E+00,0.00000E+00
8.90000E+00,1.70000E+02,0.00000E+00,0.00000E+00
8.90000E+00,1.70000E+02,2.00000E+00,0.00000E+00
8.90000E+00,1.90000E+02,-2.00000E+00,0.00000E+00
8.90000E+00,1.90000E+02,0.00000E+00,0.00000E+00
8.90000E+00,1.90000E+02,2.00000E+00,0.00000E+00
8.90000E+00,2.10000E+02,-2.00000E+00,0.00000E+00
8.90000E+00,2.10000E+02,0.00000E+00,0.00000E+00
8.90000E+00,2.10000E+02,2.00000E+00,0.00000E+00
8.90000E+00,2.30000E+02,-2.00000E+00,0.00000E+00
8.90000E+00,2.30000E+02,0.00000E+00,0.00000E+00
8.90000E+00,2.30000E+02,2.00000E+00,0.00000E+00
8.90000E+00,2.50000E+02,-2.00000E+00,0.00000E+00
8.90000E+00,2.50000E+02,0.00000E+00,0.00000E+00
8.90000E+00,2.50000E+02,2.00000E+00,0.00000E+00
8.90000E+00,2.70000E+02,-2.00000E+00,0.00000E+00
8.90000E+00,2.70000E+02,0.00000E+00,0.00000E+00
8.90000E+00,2.70000E+02,2.00000E+00,0.00000E+00
8.90000E+00,2.90000E+02,-2.00000E+00,0.00000E+00
8.90000E+00,2.90000E+02,0.00000E+00,0.00000E+00
8.90000E+00,2.90000E+02,2.00000E+00,0.00000E+00
8.90000E+00,3.10000E+02,-2.00000E+00,0.00000E+00
8.90000E+00,3.10000E+02,0.00000E+00,0.00000E+00
8.90000E+00,3.10000E+02,2.00000E+00,0.00000E+00
8.90000E+00,3.30000E+02,-2.00000E+00,0.00000E+00
8.90000E+00,3.30000E+02,0.00000E+00,0.00000E+00
8.90000E+00,3.30000E+02,2.00000E+00,0.00000E+00
8.90000E+00,3.50000E+02,-2.00000E+00,0.00000E+00
8.90000E+00,3.50000E+02,0.00000E+00,0.00000E+00
8.90000E+00,3.50000E+02,2.00000E+00,0.00000E+00
8.90000E+00,3.70000E+02,-2.00000E+00,0.00000E+00
8.90000E+00,3.70000E+02,0.00000E+00,0.00000E+00
8.90000E+00,3.70000E+02,2.00000E+00,0.00000E+00
8.90000E+00,3.90000E+02,-2.00000E+00,0.00000E+00
8.90000E+00,3.90000E+02,0.00000E+00,0.00000E+00
8.90000E+00,3.90000E+02,2.00000E+00,0.00000E+00
9.10000E+00,1.00000E+01,-2.00000E+00,0.00000E+00
9.10000E+00,1.00000E+01,0.00000E+00,0.00000E+00
9.10000E+00,1.00000E+01,2.00000E+00,0.00000E+00
9.10000E+00,3.00000E+01,-2.00000E+00,0.00000E+00
9.10000E+00,3.00000E+01,0.00000E+00,0.00000E+00
9.10000E+00,3.00000E+01,2.00000E+00,0.00000E+00
9.10000E+00,5.00000E+01,-2.00000E+00,0.00000E+00
9.10000E+00,5.00000E+01,0.00000E+00,0.00000E+00
9.10000E+00,5.00000E+01,2.00000E+00,0.00000E+00
9.10000E+00,7.00000E+01,-2.00000E+00,0.00000E+00
9.10000E+00,7.00000E+01,0.00000E+00,0.00000E+00
9.10000E+00,7.00000E+01,2.00000E+00,0.00000E+00
9.10000E+00,9.00000E+01,-2.00000E+00,0.00000E+00
9.10000E+00,9.00000E+01,0.00000E+00,0.00000E+00
9.10000E+00,9.00000E+01,2.00000E+00,0.00000E+00
9.10000E+00,1.10000E+02,-2.00000E+00,0.00000E+00
9.10000E+00,1.10000E+02,0.00000E+00,0.00000E+00
9.10000E+00,1.10000E+02,2.00000E+00,0.00000E+00
9.10000E+00,1.30000E+02,-2.00000E+00,0.00000E+00
9.10000E+00,1.30000E+02,0.00000E+00,0.00000E+00
9.10000E+00,1.30000E+02,2.00000E+00,0.00000E+00
9.10000E+00,1.50000E+02,-2.00000E+00,0.00000E+00
9.10000E+00,1.50000E+02,0.00000E+00,0.00000E+00
9.10000E+00,1.50000E+02,2.00000E+00,0.00000E+00
9.10000E+00,1.70000E+02,-2.00000E+00,0.00000E+00
9.10000E+00,1.70000E+02,0.00000E+00,0.00000E+00
9.10000E+00,1.70000E+02,2.00000E+00,0.00000E+00
9.10000E+00,1.90000E+02,-2.00000E+00,0.00000E+00
9.10000E+00,1.90000E+02,0.00000E+00,0.00000E+00
9.10000E+00,1.90000E+02,2.00000E+00,0.00000E+00
9.10000E+00,2.10000E+02,-2.00000E+00,0.00000E+00
9.10000E+00,2.10000E+02,0.00000E+00,0.00000E+00
9.10000E+00,2.10000E+02,2.00000E+00,0.00000E+00
9.10000E+00,2.30000E+02,-2.00000E+00,0.00000E+00
9.10000E+00,2.30000E+02,0.00000E+00,0.00000E+00
9.10000E+00,2.30000E+02,2.00000E+00,0.00000E+00
9.10000E+00,2.50000E+02,-2.00000E+00,0.00000E+00
9.10000E+00,2.50000E+02,0.00000E+00,0.00000E+00
9.10000E+00,2.50000E+02,2.00000E+00,0.00000E+00
9.10000E+00,2.70000E+02,-2.00000E+00,0.00000E+00
9.10000E+00,2.70000E+02,0.00000E+00,0.00000E+00
9.10000E+00,2.70000E+02,2.00000E+00,0.00000E+00
9.10000E+00,2.90000E+02,-2.00000E+00,0.00000E+00
9.10000E+00,2.90000E+02,0.00000E+00,0.00000E+00
9.10000E+00,2.90000E+02,2.00000E+00,0.00000E+00
9.10000E+00,3.10000E+02,-2.00000E+00,0.00000E+00
9.10000E+00,3.10000E+02,0.00000E+00,0.00000E+00
9.10000E+00,3.10000E+02,2.00000E+00,0.00000E+00
9.10000E+00,3.30000E+02,-2.00000E+00,0.00000E+00
9.10000E+00,3.30000E+02,0.00000E+00,0.00000E+00
9.10000E+00,3.30000E+02,2.00000E+00,0.00000E+00
9.10000E+00,3.50000E+02,-2.00000E+00,0.00000E+00
9.10000E+00,3.50000E+02,0.00000E+00,0.00000E+00
9.10000E+00,3.50000E+02,2.00000E+00,0.00000E+00
9.10000E+00,3.70000E+02,-2.00000E+00,0.00000E+00
9.10000E+00,3.70000E+02,0.00000E+00,0.00000E+00
9.10000E+00,3.70000E+02,2.00000E+00,0.00000E+00
9.10000E+00,3.90000E+02,-2.00000E+00,0.00000E+00
9.10000E+00,3.90000E+02,0.00000E+00,0.00000E+00
9.10000E+00,3.90000E+02,2.00000E+00,0.00000E+00
9.30000E+00,1.00000E+01,-2.00000E+00,0.00000E+00
9.30000E+00,1.00000E+01,0.00000E+00,0.00000E+00
9.30000E+00,1.00000E+01,2.00000E+00,0.00000E+00
9.30000E+00,3.00000E+01,-2.00000E+00,0.00000E+00
9.30000E+00,3.00000E+01,0.00000E+00,0.00000E+00
9.30000E+00,3.00000E+01,2.00000E+00,0.00000E+00
9.30000E+00,5.00000E+01,-2.00000E+00,0.00000E+00
9.30000E+00,5.00000E+01,0.00000E+00,0.00000E+00
9.30000E+00,5.00000E+01,2.00000E+00,0.00000E+00
9.30000E+00,7.00000E+01,-2.00000E+00,0.00000E+00
9.30000E+00,7.00000E+01,0.00000E+00,0.00000E+00
9.30000E+00,7.00000E+01,2.00000E+00,0.00000E+00
9.30000E+00,9.00000E+01,-2.00000E+00,0.00000E+00
9.30000E+00,9.00000E+01,0.00000E+00,0.00000E+00
9.30000E+00,9.00000E+01,2.00000E+00,0.00000E+00
9.30000E+00,1.10000E+02,-2.00000E+00,0.00000E+00
9.30000E+00,1.10000E+02,0.00000E+00,0.00000E+00
9.30000E+00,1.10000E+02,2.00000E+00,0.00000E+00
9.30000E+00,1.30000E+02,-2.00000E+00,0.00000E+00
9.30000E+00,1.30000E+02,0.00000E+00,0.00000E+00
9.30000E+00,1.30000E+02,2.00000E+00,0.00000E+00
9.30000E+00,1.50000E+02,-2.00000E+00,0.00000E+00
9.30000E+00,1.50000E+02,0.00000E+00,0.00000E+00
9.30000E+00,1.50000E+02,2.00000E+00,0.00000E+00
9.30000E+00,1.70000E+02,-2.00000E+00,0.00000E+00
9.30000E+00,1.70000E+02,0.00000E+00,0.00000E+00
9.30000E+00,1.70000E+02,2.00000E+00,0.00000E+00
9.30000E+00,1.90000E+02,-2.00000E+00,0.00000E+00
9.30000E+00,1.90000E+02,0.00000E+00,0.00000E+00
9.30000E+00,1.90000E+02,2.00000E+00,0.00000E+00
9.30000E+00,2.10000E+02,-2.00000E+00,0.00000E+00
9.30000E+00,2.10000E+02,0.00000E+00,0.00000E+00
9.30000E+00,2.10000E+02,2.00000E+00,0.00000E+00
9.30000E+00,2.30000E+02,-2.00000E+00,0.00000E+00
9.30000E+00,2.30000E+02,0.00000E+00,0.00000E+00
9.30000E+00,2.30000E+02,2.00000E+00,0.00000E+00
9.30000E+00,2.50000E+02,-2.00000E+00,0.00000E+00
9.30000E+00,2.50000E+02,0.00000E+00,0.00000E+00
9.30000E+00,2.50000E+02,2.00000E+00,0.00000E+00
9.30000E+00,2.70000E+02,-2.00000E+00,0.00000E+00
9.30000E+00,2.70000E+02,0.00000E+00,0.00000E+00
9.30000E+00,2.70000E+02,2.00000E+00,0.00000E+00
9.30000E+00,2.90000E+02,-2.00000E+00,0.00000E+00
9.30000E+00,2.90000E+02,0.00000E+00,0.00000E+00
9.30000E+00,2.90000E+02,2.00000E+00,0.00000E+00
9.30000E+00,3.10000E+02,-2.00000E+00,0.00000E+00
9.30000E+00,3.10000E+02,0.00000E+00,0.00000E+00
9.30000E+00,3.10000E+02,2.00000E+00,0.00000E+00
9.30000E+00,3.30000E+02,-2.00000E+00,0.00000E+00
9.30000E+00,3.30000E+02,0.00000E+00,0.00000E+00
9.30000E+00,3.30000E+02,2.00000E+00,0.00000E+00
9.30000E+00,3.50000E+02,-2.00000E+00,0.00000E+00
9.30000E+00,3.50000E+02,0.00000E+00,0.00000E+00
9.30000E+00,3.50000E+02,2.00000E+00,0.00000E+00
9.30000E+00,3.70000E+02,-2.00000E+00,0.00000E+00
9.30000E+00,3.70000E+02,0.00000E+00,0.00000E+00
9.30000E+00,3.70000E+02,2.00000E+00,0.00000E+00
9.30000E+00,3.90000E+02,-2.00000E+00,0.00000E+00
9.30000E+00,3.90000E+02,0.00000E+00,0.00000E+00
9.30000E+00,3.90000E+02,2.00000E+00,0.00000E+00
9.50000E+00,1.00000E+01,-2.00000E+00,0.00000E+00
9.50000E+00,1.00000E+01,0.00000E+00,0.00000E+00
9.50000E+00,1.00000E+01,2.00000E+00,0.00000E+00
9.50000E+00,3.00000E+01,-2.00000E+00,0.00000E+00
9.50000E+00,3.00000E+01,0.00000E+00,0.00000E+00
9.50000E+00,3.00000E+01,2.00000E+00,0.00000E+00
9.50000E+00,5.00000E+01,-2.00000E+00,0.00000E+00
9.50000E+00,5.00000E+01,0.00000E+00,0.00000E+00
9.50000E+00,5.00000E+01,2.00000E+00,0.00000E+00
9.50000E+00,7.00000E+01,-2.00000E+00,0.00000E+00
9.50000E+00,7.00000E+01,0.00000E+00,0.00000E+00
9.50000E+00,7.00000E+01,2.00000E+00,0.00000E+00
9.50000E+00,9.00000E+01,-2.00000E+00,0.00000E+00
9.50000E+00,9.00000E+01,0.00000E+00,0.00000E+00
9.50000E+00,9.00000E+01,2.00000E+00,0.00000E+00
9.50000E+00,1.10000E+02,-2.00000E+00,0.00000E+00
9.50000E+00,1.10000E+02,0.00000E+00,0.00000E+00
9.50000E+00,1.10000E+02,2.00000E+00,0.00000E+00
9.50000E+00,1.30000E+02,-2.00000E+00,0.00000E+00
9.50000E+00,1.30000E+02,0.00000E+00,0.00000E+00
9.50000E+00,1.30000E+02,2.00000E+00,0.00000E+00
9.50000E+00,1.50000E+02,-2.00000E+00,0.00000E+00
9.50000E+00,1.50000E+02,0.00000E+00,0.00000E+00
9.50000E+00,1.50000E+02,2.00000E+00,0.00000E+00
9.50000E+00,1.70000E+02,-2.00000E+00,0.00000E+00
9.50000E+00,1.70000E+02,0.00000E+00,0.00000E+00
9.50000E+00,1.70000E+02,2.00000E+00,0.00000E+00
9.50000E+00,1.90000E+02,-2.00000E+00,0.00000E+00
9.50000E+00,1.90000E+02,0.00000E+00,0.00000E+00
9.50000E+00,1.90000E+02,2.00000E+00,0.00000E+00
9.50000E+00,2.10000E+02,-2.00000E+00,0.00000E+00
9.50000E+00,2.10000E+02,0.00000E+00,0.00000E+00
9.50000E+00,2.10000E+02,2.00000E+00,0.00000E+00
9.50000E+00,2.30000E+02,-2.00000E+00,0.00000E+00
9.50000E+00,2.30000E+02,0.00000E+00,0.00000E+00
9.50000E+00,2.30000E+02,2.00000E+00,0.00000E+00
9.50000E+00,2.50000E+02,-2.00000E+00,0.00000E+00
9.50000E+00,2.50000E+02,0.00000E+00,0.00000E+00
9.50000E+00,2.50000E+02,2.00000E+00,0.00000E+00
9.50000E+00,2.70000E+02,-2.00000E+00,0.00000E+00
9.50000E+00,2.70000E+02,0.00000E+00,0.00000E+00
9.50000E+00,2.70000E+02,2.00000E+00,0.00000E+00
9.50000E+00,2.90000E+02,-2.00000E+00,0.00000E+00
9.50000E+00,2.90000E+02,0.00000E+00,0.00000E+00
9.50000E+00,2.90000E+02,2.00000E+00,0.00000E+00
9.50000E+00,3.10000E+02,-2.00000E+00,0.00000E+00
9.50000E+00,3.10000E+02,0.00000E+00,0.00000E+00
9.50000E+00,3.10000E+02,2.00000E+00,0.00000E+00
9.50000E+00,3.30000E+02,-2.00000E+00,0.00000E+00
9.50000E+00,3.30000E+02,0.00000E+00,0.00000E+00
9.50000E+00,3.30000E+02,2.00000E+00,0.00000E+00
9.50000E+00,3.50000E+02,-2.00000E+00,0.00000E+00
9.50000E+00,3.50000E+02,0.00000E+00,0.00000E+00
9.50000E+00,3.50000E+02,2.00000E+00,0.00000E+00
9.50000E+00,3.70000E+02,-2.00000E+00,0.00000E+00
9.50000E+00,3.70000E+02,0.00000E+00,0.00000E+00
9.50000E+00,3.70000E+02,2.00000E+00,0.00000E+00
9.50000E+00,3.90000E+02,-2.00000E+00,0.00000E+00
9.50000E+00,3.90000E+02,0.00000E+00,0.00000E+00
9.50000E+00,3.90000E+02,2.00000E+00,0.00000E+00
9.70000E+00,1.00000E+01,-2.00000E+00,0.00000E+00
9.70000E+00,1.00000E+01,0.00000E+00,0.00000E+00
9.70000E+00,1.00000E+01,2.00000E+00,0.00000E+00
9.70000E+00,3.00000E+01,-2.00000E+00,0.00000E+00
9.70000E+00,3.00000E+01,0.00000E+00,0.00000E+00
9.70000E+00,3.00000E+01,2.00000E+00,0.00000E+00
9.70000E+00,5.00000E+01,-2.00000E+00,0.00000E+00
9.70000E+00,5.00000E+01,0.00000E+00,0.00000E+00
9.70000E+00,5.00000E+01,2.00000E+00,0.00000E+00
9.70000E+00,7.00000E+01,-2.00000E+00,0.00000E+00
9.70000E+00,7.00000E+01,0.00000E+00,0.00000E+00
9.70000E+00,7.00000E+01,2.00000E+00,0.00000E+00
9.70000E+00,9.00000E+01,-2.00000E+00,0.00000E+00
9.70000E+00,9.00000E+01,0.00000E+00,0.00000E+00
9.70000E+00,9.00000E+01,2.00000E+00,0.00000E+00
9.70000E+00,1.10000E+02,-2.00000E+00,0.00000E+00
9.70000E+00,1.10000E+02,0.00000E+00,0.00000E+00
9.70000E+00,1.10000E+02,2.00000E+00,0.00000E+00
9.70000E+00,1.30000E+02,-2.00000E+00,0.00000E+00
9.70000E+00,1.30000E+02,0.00000E+00,0.00000E+00
9.70000E+00,1.30000E+02,2.00000E+00,0.00000E+00
9.70000E+00,1.50000E+02,-2.00000E+00,0.00000E+00
9.70000E+00,1.50000E+02,0.00000E+00,0.00000E+00
9.70000E+00,1.50000E+02,2.00000E+00,0.00000E+00
9.70000E+00,1.70000E+02,-2.00000E+00,0.00000E+00
9.70000E+00,1.70000E+02,0.00000E+00,0.00000E+00
9.70000E+00,1.70000E+02,2.00000E+00,0.00000E+00
9.70000E+00,1.90000E+02,-2.00000E+00,0.00000E+00
9.70000E+00,1.90000E+02,0.00000E+00,0.00000E+00
9.70000E+00,1.90000E+02,2.00000E+00,0.00000E+00
9.70000E+00,2.10000E+02,-2.00000E+00,0.00000E+00
9.70000E+00,2.10000E+02,0.00000E+00,0.00000E+00
9.70000E+00,2.10000E+02,2.00000E+00,0.00000E+00
9.70000E+00,2.30000E+02,-2.00000E+00,0.00000E+00
9.70000E+00,2.30000E+02,0.00000E+00,0.00000E+00
9.70000E+00,2.30000E+02,2.00000E+00,0.00000E+00
9.70000E+00,2.50000E+02,-2.00000E+00,0.00000E+00
9.70000E+00,2.50000E+02,0.00000E+00,0.00000E+00
9.70000E+00,2.50000E+02,2.00000E+00,0.00000E+00
9.70000E+00,2.70000E+02,-2.00000E+00,0.00000E+00
9.70000E+00,2.70000E+02,0.00000E+00,0.00000E+00
9.70000E+00,2.70000E+02,2.00000E+00,0.00000E+00
9.70000E+00,2.90000E+02,-2.00000E+00,0.00000E+00
9.70000E+00,2.90000E+02,0.00000E+00,0.00000E+00
9.70000E+00,2.90000E+02,2.00000E+00,0.00000E+00
9.70000E+00,3.10000E+02,-2.00000E+00,0.00000E+00
9.70000E+00,3.10000E+02,0.00000E+00,0.00000E+00
9.70000E+00,3.10000E+02,2.00000E+00,0.00000E+00
9.70000E+00,3.30000E+02,-2.00000E+00,0.00000E+00
9.70000E+00,3.30000E+02,0.00000E+00,0.00000E+00
9.70000E+00,3.30000E+02,2.00000E+00,0.00000E+00
9.70000E+00,3.50000E+02,-2.00000E+00,0.00000E+00
9.70000E+00,3.50000E+02,0.00000E+00,0.00000E+00
9.70000E+00,3.50000E+02,2.00000E+00,0.00000E+00
9.70000E+00,3.70000E+02,-2.00000E+00,0.00000E+00
9.70000E+00,3.70000E+02,0.00000E+00,0.00000E+00
9.70000E+00,3.70000E+02,2.00000E+00,0.00000E+00
9.70000E+00,3.90000E+02,-2.00000E+00,0.00000E+00
9.70000E+00,3.90000E+02,0.00000E+00,0.00000E+00
9.70000E+00,3.90000E+02,2.00000E+00,0.00000E+00
