EVENT,GAID,LON,LAT,DEP,OMAG,OMAG_TYPE,MB,BRUNE_MAG,BRUNE_MAG_STD,STRESS_DROP,LOG_STRESS_DROP_STD,CORN_FREQ,CORN_FREQ_STD,NRECS,FMIN,FMAX,QUALITY,CLUSTER
1994-02-01T05:53:08.000000Z,ga1994cfjfpg,146.352,-38.537,17,3.8,MLa,nan,3.668107717,0.074204538,18.49874243,0.470758792,6.612099,2.62279595,8,0.8,12,1,4
1994-08-06T11:03:51.000000Z,ga1994pjepaz,151.288,-32.924,2,4.7,mwt,5.3,5.313468197,0.255821491,1.922834694,0.546004599,0.467655115,0.333697704,21,0.2,10,1,1
1994-08-21T05:53:51.000000Z,ga1994qkifcs,148.364,-33.421,1,4.1,MLa,nan,4.034683292,0.219067648,0.477163619,0.360116458,1.281031864,0.6472634,5,0.6,12,1,1
1995-05-20T11:29:11.000000Z,ga1995jwaufs,150.07,-33.86,6,3.6,MLa,nan,3.520036137,0.186312575,2.319698526,0.563936751,3.924686015,1.715783871,15,0.8,12,1,1
1995-05-28T23:12:58.000000Z,ga1995klpxsw,151.408,-32.518,4,3.5,MLa,nan,3.554069529,0.123419175,0.985959626,0.609969228,2.837466547,1.776084387,11,0.8,12,1,1
1995-06-14T16:41:54.000000Z,ga1995lqihse,133.718,-19.782,16,4.9,ML,nan,4.613323405,0.073860691,1.639418718,0.632651088,0.992919556,0.456422465,5,0.35,6,1,2
1996-06-09T01:43:10.000000Z,ga1996lhvpsr,135.8155,-34.1658,9,4.5,mb,4.5,3.798671496,0.194839672,1.109131158,0.470665201,2.226747763,1.826327099,4,0.8,10,1,5
1996-08-13T04:30:10.000000Z,ga1996pxjivq,143.519,-30.08,2,5.1,mb,4.9,4.809328225,0.117558004,6.848719753,0.519830461,1.276100337,0.433922366,7,0.4,6,1,5
1996-08-14T09:29:07.000000Z,ga1996pzozil,143.538,-30.121,5,4.4,ML,nan,4.251172287,0.098234802,3.949115723,0.598817939,2.019573269,0.755497745,4,0.6,10,1,5
1996-09-25T07:49:56.000000Z,ga1996syoevi,146.467,-37.877,11,4.4,mwt,4.7,4.658093359,0.233165392,5.016727044,0.513125136,1.369112962,0.916952143,27,0.3,10,1,4
1997-03-05T06:15:21.000000Z,ga1997emdexg,138.972,-33.823,22.8,5,mb,4.8,4.80493053,0.178096756,10.17339737,0.422365811,1.463420749,0.637045207,11,0.5,10,1,5
1997-06-27T03:20:27.000000Z,ga1997mneenh,145.955,-36.75,18,3.9,Mwt,nan,3.92775642,0.223391565,1.321812332,0.588930805,2.034811549,1.870792724,20,0.8,12,1,4
1997-07-21T15:10:43.000000Z,ga1997ogddrv,137.79,-32.69,10,3.8,MLa,nan,3.725975296,0.232746008,3.028163081,0.438653369,3.383903032,0.870693676,4,0.6,12,1,5
1997-08-31T15:23:50.000000Z,ga1997rdkjbx,117.684,-31.449,5,4.6,ML,nan,4.333104779,0.263197133,0.936827715,0.248053588,1.13766219,0.386171447,4,0.6,9,1,9
1997-09-01T09:48:37.000000Z,ga1997reuzci,123.138,-18.116,5,4.5,mb,4.3,4.020519489,0.165608057,1.580096087,0.732517718,1.940798995,1.5160266,10,0.6,10,1,7
1998-02-14T18:23:34.000000Z,ga1998deensa,148.604,-35.372,0,3.8,Mwt,nan,3.889378983,0.187883831,1.715204701,0.419236139,2.319681177,0.909583635,22,0.75,10,1,1
1998-06-09T01:00:50.000000Z,ga1998lfymji,135.844,-27.939,3,4.4,ML,nan,4.164035446,0.060172099,0.537751391,0.119149983,1.148652322,0.037066225,4,0.55,10,1,8
1998-07-17T01:22:39.000000Z,ga1998nxsupr,147.942,-36.367,21,3.9,Mwt,nan,4.077496135,0.196846582,4.840836777,0.567289423,2.639801166,1.562028273,12,0.8,12,1,4
1998-09-27T22:32:08.000000Z,ga1998tbndxs,144.779,-38.357,0,3.8,MLa,nan,3.515289951,0.113852441,2.862278186,0.654984118,4.232576101,3.467730489,13,0.8,12,1,4
1998-10-16T13:46:14.000000Z,ga1998ujsnlu,147.385,-34.669,16,3.9,MLa,nan,3.608682461,0.140512394,2.758290088,0.348281558,3.754492316,1.521505971,7,0.8,12,1,1
1998-11-02T17:09:38.000000Z,ga1998vpepry,151.146,-22.808,0,4.7,mb,4.4,4.531248339,0.347071018,0.890863929,0.472422928,0.890550925,0.516252711,4,0.8,5,1,6
1999-01-13T09:40:00.000000Z,ga1999awtyjj,146.374,-38.161,0,3.5,Mwt,nan,3.609385146,0.112732192,11.98946648,0.922687069,6.122373921,5.972384757,11,0.8,12,1,4
1999-03-14T00:13:31.000000Z,ga1999fcetak,147.077,-34.001,2,3.9,mwt,nan,4.060179926,0.168131727,3.346873787,0.39632629,2.381235157,0.850534047,9,0.8,10,1,1
1999-03-17T01:58:10.000000Z,ga1999fhvjvs,150.77,-34.234,8,4.3,mwt,nan,4.663055119,0.309899356,1.625651844,0.497011243,0.935034047,0.616348706,20,0.4,6,1,1
1999-04-15T04:55:52.000000Z,ga1999hjhimq,134.044,-19.791,6,5.1,ML,nan,4.636403743,0.254137248,2.435936893,0.522843987,1.103314376,0.386882028,6,0.3,5,1,2
1999-05-10T10:02:25.000000Z,ga1999jdoqqx,134.017,-19.754,14,4.6,ML,nan,4.430807167,0.183263112,1.183156001,0.744388851,1.098895067,0.67762295,5,0.7,5,1,2
1999-08-18T11:01:55.000000Z,ga1999qfffyg,138.464,-33.274,19.5,4.3,MLa,nan,4.393035019,0.265686782,2.330159512,0.504358494,1.438655614,0.546078394,8,0.5,12,1,5
2000-03-16T13:26:29.000000Z,ga2000fisezh,146.105,-37.478,14,3.8,MLa,nan,3.499548583,0.148271546,4.084972911,0.524263078,4.85252639,2.11169984,15,0.8,12,1,4
2000-05-14T12:39:41.000000Z,ga2000jmymov,112.901,-22.977,5,4.7,ML,nan,4.725771839,0.189883665,1.348906083,0.110575021,0.817436054,0.261318541,5,0.5,10,1,3
2000-08-29T12:05:52.000000Z,ga2000rbibpq,146.29,-38.415,18,4.1,mwt,nan,4.390462739,0.309634273,2.36625209,0.626930651,1.450334256,1.15096635,22,0.7,10,1,4
2000-10-11T19:27:17.000000Z,ga2000ucuxvl,113.066,-19.804,36.2,5.4,mb,5.3,4.9804427,0.159372812,14.73267527,0.315361039,1.352752441,0.528419798,15,0.5,9,1,3
2001-06-14T12:05:14.000000Z,ga2001lpzdhm,138.13,-31.837,18,4,MLa,nan,4.000058989,0.150344122,5.248093817,0.433573821,2.964718792,0.738578021,8,0.8,12,1,5
2001-08-21T23:13:03.000000Z,ga2001qlqqpu,145.45,-38.183,5,3.7,Mwt,nan,3.506338028,0.164159482,9.939769651,0.819010279,6.475931258,3.876796247,9,1,15,1,4
2001-09-14T15:18:30.000000Z,ga2001sdciuu,133.879,-19.702,11,4.9,ML,nan,4.508045166,0.230016246,3.412317377,0.855258878,1.431110035,0.506846337,3,0.7,5,1,2
2001-09-28T02:54:56.000000Z,ga2001tbvwjr,117.061,-30.536,2.3,5.2,ML,nan,4.668135016,0.318723869,0.936398947,0.402080965,0.77344945,0.076096325,3,0.6,5,1,9
2001-10-01T04:52:15.000000Z,ga2001thmycu,117.049,-30.525,0.4,3.8,MLa,nan,3.888547654,0.260028373,0.595436768,0.336715244,1.631863617,0.69158529,10,0.3,8,1,9
2001-10-05T14:55:54.000000Z,ga2001tppvuz,117.056,-30.506,0.8,3.7,MLa,nan,3.999566342,0.26699409,0.407004881,0.202857089,1.265015477,0.578951551,5,0.6,12,1,9
2001-10-19T17:43:23.000000Z,ga2001upnolt,120.593,-33.608,0,5.2,ML,nan,5.037295606,0.128845343,14.74364741,0.281334547,1.26735898,0.613918648,4,0.04,4,1,0
2001-10-27T07:58:48.000000Z,ga2001vdlztj,143.69,-35.356,16.5,4.2,mwt,nan,4.330714567,0.227714171,8.117282501,0.538159545,2.343106743,1.310835897,18,0.5,6,1,4
2001-11-23T03:33:32.000000Z,ga2001xaruxy,148.31,-33.901,4.2,3.8,MLa,nan,3.909281445,0.235500047,0.545126732,0.471322029,1.547168357,0.78865332,17,0.8,12,1,1
2001-12-25T00:56:49.000000Z,ga2001zhfwaz,117.069,-30.531,1.2,4,MLa,nan,4.340991952,0.227218556,1.019433705,0.391576481,1.159585628,0.477928578,6,0.6,12,1,9
2001-12-28T16:31:36.000000Z,ga2001znyafg,117.068,-30.533,2.4,4.22,mwt,nan,4.522052769,0.309052904,1.196197928,0.299049815,0.992934121,0.183427794,7,0.4,8,1,9
2002-02-07T12:48:57.000000Z,ga2002cqxjev,143.886,-40.356,10,4.5,ML,nan,4.505219694,0.222938717,1.045552181,0.379856392,0.967946145,0.38449027,6,0.5,9,1,4
2002-02-14T13:27:20.000000Z,ga2002dduskz,150.744,-34.524,5,3.5,Mwt,nan,3.579721537,0.16748768,4.466405286,0.527252989,4.55831582,3.121132708,16,0.7,10,1,1
2002-03-05T01:47:38.000000Z,ga2002eluifc,117.049,-30.499,0.5,4.46,mwt,nan,4.562039944,0.208459024,1.550398247,0.307116736,1.033888223,0.281273539,6,0.1,12,1,9
2002-03-05T03:29:57.000000Z,ga2002elxsjm,117.062,-30.508,0.4,4.2,mwt,nan,4.47898553,0.352581245,0.967394311,0.338965104,0.972122247,0.585714662,7,0.6,9,1,9
2002-03-23T13:16:22.000000Z,ga2002ftsfnx,117.054,-30.521,1.7,4.39,mwt,nan,4.496967588,0.362313177,1.383074394,0.205817517,1.072697308,0.398382028,10,0.3,12,1,9
2002-03-30T21:15:46.000000Z,ga2002gheeuy,117.049,-30.519,0.8,4.6,mwt,nan,4.750061328,0.247354704,3.036996817,0.525764439,1.041829345,0.717759154,12,0.1,10,1,9
2002-04-18T18:02:07.000000Z,ga2002hpuorb,117.06,-30.533,2.4,3.8,MLa,nan,3.945587289,0.133054949,0.771021535,0.546004173,1.66561387,0.901844541,12,0.3,12,1,9
2002-06-13T18:46:18.000000Z,ga2002loqsak,113.971,-19.46,14.7,4.4,ML,nan,3.972333295,0.193479009,23.87098308,0.541373506,5.071494105,4.131442721,3,0.8,12,1,3
2002-06-15T21:18:42.000000Z,ga2002lsnfcq,147.425,-42.124,10,4.3,MLa,nan,4.091417464,0.28615305,1.29703331,0.472337722,1.674765921,1.290137684,6,0.8,12,1,4
2002-06-23T11:21:12.000000Z,ga2002mglfgw,117.06,-30.543,0.5,3.8,MLa,nan,4.036175124,0.202136723,0.622994306,0.617494034,1.397718139,1.226106387,11,0.3,10,1,9
2002-08-22T21:23:03.000000Z,ga2002qnissd,148.354,-33.865,3,3.6,Mwt,nan,3.90937049,0.265243119,0.450594021,0.504732504,1.451852067,0.782742456,23,0.6,12,1,1
2002-09-24T07:42:57.000000Z,ga2002suwnbc,146.083,-38.67,3.4,3.7,Mwt,nan,4.10236952,0.277264885,0.337860691,0.786350969,1.056185659,1.133986262,16,0.6,12,1,4
2002-10-08T15:54:52.000000Z,ga2002tvezgt,115.498,-25.263,5,4.5,ML,nan,4.202332257,0.187906989,3.254093055,0.274772051,2.002886464,0.621919834,8,0.6,8,1,3
2003-11-22T18:36:02.000000Z,ga2003wzzztj,138.729,-31.645,15.83,4.2,MLa,nan,4.049102042,0.182663451,2.18542434,0.587543053,2.092377502,1.438613147,16,0.3,12,1,5
2003-12-05T22:26:23.000000Z,ga2003xyebru,126.745,-18.225,0,4.8,ML,nan,4.220777503,0.174920465,8.653012886,0.518593694,2.716519557,1.568805046,12,0.6,6,1,7
2003-12-11T10:19:20.000000Z,ga2003yigils,150.444,-34.485,5,4.2,ML,nan,4.005634511,0.154649131,4.232353192,0.57293955,2.741926757,1.916197618,25,0.7,12,1,1
2004-02-11T09:17:58.000000Z,ga2004cxzgxi,129.871,-22.738,12.8,5,ML,nan,4.693345226,0.19698453,2.01683578,0.337950406,0.97027916,0.330642894,12,0.5,10,1,8
2004-02-11T09:30:39.000000Z,ga2004cxzrvm,129.823,-22.68,12.5,5.4,ML,nan,4.962188514,0.190888797,1.60724783,0.373390157,0.660104201,0.312541987,18,0.7,10,1,8
2004-03-05T00:11:29.000000Z,ga2004enmwfu,127.034,-32.472,0,4.4,ML,nan,4.287002257,0.068139025,1.671655169,0.452253703,1.455102457,0.46297136,9,0.6,10,1,0
2004-11-24T02:42:59.000000Z,ga2004xehpdd,117.472,-30.633,0,4.16,mwt,nan,4.290498074,0.309359909,1.591324751,0.324535163,1.425661341,0.348274565,7,0.5,7,1,9
2005-03-03T10:57:01.000000Z,ga2005eivbwe,139.139,-30.899,21.4,4,ML,nan,3.633852719,0.267218077,0.416135959,0.64729363,1.941621294,1.631840475,8,0.7,5,1,5
2005-03-13T02:09:49.000000Z,ga2005famwje,131.644,-26.155,5,4.6,ML,nan,4.635222583,0.184248866,3.164744993,0.669052776,1.20553758,0.63030299,10,0.6,10,1,8
2005-05-14T19:53:05.000000Z,ga2005jlrdee,139.153,-31,13.7,4.5,ML,nan,4.452307257,0.160142404,3.07794818,0.462099322,1.474390792,0.459842089,19,0.5,6,1,5
2005-05-18T23:39:47.000000Z,ga2005jthoaw,119.374,-20.108,25.8,4.6,ML,nan,4.244903392,0.251890139,3.0870079,0.800729403,1.87387243,1.885867524,7,0.7,10,1,3
2005-06-12T10:51:19.000000Z,ga2005lmffvp,117.108,-30.802,2.3,4.3,MLa,nan,3.430169312,0.187173954,1.287205735,0.522376002,3.576655707,1.517629914,6,0.8,12,1,9
2005-06-12T20:36:44.000000Z,ga2005lmyqht,117.03,-30.558,7.6,4.5,ML,nan,3.868119768,0.22583927,1.523143774,0.37515105,2.284894857,0.571600652,5,1.1,10,1,9
2005-09-14T05:12:22.000000Z,ga2005scigmm,134.102,-19.868,10,4.4,ML,nan,4.41628777,0.162265366,1.622914773,0.6539602,1.241558412,0.617377139,5,0.6,6,1,2
2005-09-21T22:46:41.000000Z,ga2005sqnhek,117.159,-30.148,2,4,ML,nan,4.537487289,0.113764081,0.240433739,0.164037993,0.571391747,0.138253117,5,0.25,5,1,9
2005-09-22T03:52:59.000000Z,ga2005sqxlcz,117.173,-30.126,3,4.1,ML,nan,4.128044612,0.239053467,0.595869263,0.257136353,1.238912095,0.656631123,5,0.5,5,1,9
2006-02-04T16:31:57.000000Z,ga2006clrosl,148.183,-37.564,2.2,3.9,MLa,nan,3.808638066,0.2616576,1.092052611,0.598112111,2.189985762,1.174145219,11,0.8,12,1,4
2006-05-13T01:04:46.000000Z,ga2006jijzzp,135.723,-27.657,7.1,5.1,ML,nan,4.231098006,0.150879006,2.734915512,0.311187291,1.828569363,0.294510808,4,0.5,7,1,8
2006-06-06T15:34:09.000000Z,ga2006lboghd,117.44,-25.032,5.5,4.5,ML,nan,4.151886166,0.130011193,1.219085834,0.346164954,1.53019748,0.41559614,9,0.6,8,1,3
2006-10-21T09:51:49.000000Z,ga2006uspjwe,149.16,-34.036,15,4.2,ML,nan,3.999187107,0.181457278,4.026783397,0.43122257,2.716887611,1.032316585,8,0.8,5,1,1
2006-12-14T17:23:05.000000Z,ga2006yohogj,143.563,-42.791,27,4.4,ML,nan,4.435189631,0.304985928,0.420063001,0.788556619,0.774204692,0.99355703,6,0.6,5,1,4
2007-02-15T15:38:36.000000Z,ga2007dfuukw,113.276,-25.967,18.5,5.3,Mwp,nan,4.569795134,0.09972484,10.46092157,0.222928647,1.936295127,0.498400161,8,0.5,6,1,3
2007-03-08T02:34:11.000000Z,ga2007erjays,145.74,-37.9,9.7,3.5,MLa,nan,3.628918373,0.147445149,2.96104646,0.534046674,3.755793374,1.922925182,16,0.8,12,1,4
2007-06-30T14:06:35.000000Z,ga2007mtmtyk,117.157,-30.77,8.4,3.8,MLa,nan,3.215135777,0.087942989,0.42608355,0.200902896,3.169150312,0.901996253,5,1,12,1,9
2007-08-28T15:33:04.000000Z,ga2007qxxmkd,115.942,-35.429,17.9,4.6,ML,nan,4.307638657,0.097827978,5.41547845,0.310154312,2.102513306,0.537852062,8,0.5,8,1,0
2007-09-16T23:18:34.000000Z,ga2007shjsgi,138.523,-31.392,32.5,4.8,ML,nan,4.317063798,0.137314408,11.91706529,0.643968371,2.705226781,1.337399035,14,0.7,7,1,5
2007-10-09T23:58:40.000000Z,ga2007txqtbb,117.505,-33.946,0,4.8,ML,nan,4.755729166,0.319197799,0.781014896,0.174188104,0.658214826,0.210459409,5,0.5,8,1,0
2007-11-07T19:10:45.000000Z,ga2007vyngly,114.933,-23.833,0,4.4,ML,nan,3.857828529,0.15472321,1.060070176,0.279392703,2.049005284,0.77154573,7,0.8,7,1,3
2007-11-19T20:01:01.000000Z,ga2007wupqit,143.735,-12.336,24.4,4.8,mb,4.8,4.74392256,0.179853683,1.144306979,0.712418256,0.757818797,0.351323346,10,0.2,8,1,2
2007-12-26T15:36:11.000000Z,ga2007zkesrx,138.383,-32.086,16.4,4.7,ML,nan,4.464596324,0.179953348,3.225217824,0.501660063,1.476501839,0.726880516,33,0.04,6,1,5
2008-03-31T08:27:48.000000Z,ga2008gjweup,112.332,-27.666,17.7,4.4,ML,nan,4.295873669,0.101011606,0.61899245,0.211034137,1.034278317,0.209171389,5,0.5,6,1,9
2008-07-09T23:45:20.000000Z,ga2008nmpfma,125.223,-26.034,1.4,4.5,ML,nan,3.889874403,0.146181354,0.958515569,0.374529862,1.909596718,0.710470728,7,0.8,12,1,8
2008-07-29T11:09:20.000000Z,ga2008owirpq,122.11,-14.55,0,4.5,ML,nan,4.414650938,0.179243783,0.292797171,0.408315941,0.702871542,0.37005304,6,0.4,4,1,7
2009-01-26T00:29:19.000000Z,ga2009btydgx,139.029,-32.757,10,4.5,ML,nan,4.209310531,0.116583648,4.24353378,0.592982893,2.170699767,1.091503202,19,0.5,10,1,5
2009-01-30T17:33:11.000000Z,ga2009ccozby,117.774,-30.212,0,4.1,ML,nan,4.231980744,0.197613113,0.197446927,0.101853731,0.760627854,0.239794602,5,0.4,10,1,9
2009-01-31T08:47:03.000000Z,ga2009cdtgox,117.784,-30.23,2.1,3.8,mwh,nan,4.379285434,0.24023404,0.256040007,0.141235101,0.700066071,0.291416104,6,0.4,10,1,9
2009-01-31T11:55:21.000000Z,ga2009cdzmvt,117.798,-30.215,0,4.4,ML,nan,4.24139112,0.121283457,0.256454684,0.312890182,0.820957086,0.282431404,6,0.7,10,1,9
2009-02-01T00:42:40.000000Z,ga2009ceyybh,117.819,-30.209,0,4,ML,nan,4.006722616,0.188296262,0.119512742,0.309697072,0.833916498,0.311308499,5,0.3,10,1,9
2009-02-01T21:57:40.000000Z,ga2009cgpetk,117.795,-30.214,0,4,ML,nan,4.045352504,0.244876428,0.127924273,0.16099524,0.815931821,0.263256074,5,0.6,10,1,9
2009-03-05T12:53:51.000000Z,ga2009emqkho,117.774,-30.208,0,4,mwh,nan,4.53806917,0.211867249,0.292064638,0.329233707,0.609262168,0.211429187,7,0.04,5,1,9
2009-03-06T01:35:59.000000Z,ga2009enpraz,121.252,-16.314,0,5.1,ML,nan,4.371015101,0.057003672,3.489941223,0.433774819,1.688279283,0.64928947,9,0.4,8,1,7
2009-03-06T09:55:36.000000Z,ga2009eogfou,145.839,-38.445,14.8,4.4,mwt,nan,4.81074354,0.333499447,0.631263692,0.565824322,0.575498644,0.598329427,21,0.4,10,1,4
2009-03-18T05:28:17.000000Z,ga2009fjybuf,145.822,-38.425,15,4.3,mwt,nan,4.677608463,0.264194632,0.791279745,0.493621941,0.723299651,0.616870519,25,0.4,10,1,4
2009-04-08T05:31:50.000000Z,ga2009gwmlih,116.881,-34.148,0,4.1,ML,nan,3.95578928,0.176651514,0.949034079,0.164409546,1.76418896,0.491022704,5,1,8,1,0
2009-06-25T15:16:49.000000Z,ga2009mkkmbo,117.468,-30.619,0,4.2,ML,nan,4.124201643,0.089843215,0.409910693,0.242563322,1.098520245,0.315882851,4,0.7,10,1,9
2009-08-12T04:56:54.000000Z,ga2009ptsucv,137.4686,-38.799,10,4.5,ML,nan,4.003250956,0.167256354,2.377801188,0.218787468,2.268709236,0.583946805,5,1,8,1,4
2010-04-20T00:17:09.000000Z,ga2010hscssm,121.4892,-30.787,1.75,4.1,mwh,nan,4.653042808,0.132900044,2.018409307,0.286256944,1.016625066,0.267490838,9,0.2,5,1,9
2010-06-05T21:47:00.000000Z,ga2010laewrw,136.714,-33.559,15,4.8,ML,nan,4.480772604,0.174059815,1.985622921,0.585862292,1.23289217,0.771065338,20,0.3,5,1,5
2010-07-30T21:29:22.000000Z,ga2010oxdfxj,138.1414,-32.175,10,4.17,ML,nan,3.888868073,0.145057664,1.369777459,0.441936597,2.153418497,0.892046392,13,0.7,9,1,5
2010-09-29T09:09:25.000000Z,ga2010tedzyu,143.7524,-29.568,0,4.02,MLa,nan,3.92830344,0.026912275,3.096508115,0.654727346,2.700752737,1.458051993,4,0.7,12,1,5
2010-10-10T02:30:18.000000Z,ga2010txvtsj,139.9606,-32.902,0,4.13,ML,nan,4.072415357,0.082896784,1.29956757,0.400098638,1.71292263,0.611603121,11,0.6,10,1,5
2010-10-27T14:18:02.000000Z,ga2010vdyonz,143.5944,-29.438,7.32,4.36,ML,nan,4.320016533,0.123770408,2.328727143,0.478584458,1.564505421,0.921238744,17,0.5,10,1,5
2011-01-15T00:38:01.000000Z,ga2011aztlcc,136.4669,-33.5729,0.9,3.87,MLa,nan,3.556736994,0.1456159,2.222923938,0.605540159,3.709244896,1.37327899,8,0.8,12,1,5
2011-02-21T21:59:36.000000Z,ga2011drhuaj,135.4195,-20.9034,0.6,4.4,ML,nan,4.304925181,0.202104824,2.50442904,0.670033564,1.630995605,1.139189409,19,0.5,7,1,2
2011-04-16T05:31:18.000000Z,ga2011hlefxk,147.7644,-20.085,7.09,5.3,mwt,nan,5.231599769,0.267418457,3.100108453,0.461957443,0.60256636,0.304775157,21,0.02,5,1,6
2011-04-16T07:06:52.000000Z,ga2011hlhkgo,147.6792,-20.1698,0,4.13,MLa,nan,4.130149524,0.189040955,0.745406086,0.082825498,1.33168657,0.217875015,4,0.8,5,1,6
2011-04-17T18:41:20.000000Z,ga2011hoadou,113.5252,-19.8029,30,5.31,mb,5.31,5.085360639,0.054655888,28.39144008,0.253824816,1.491859617,0.231522806,8,0.03,7,1,3
2011-05-20T20:03:29.000000Z,ga2011jwrvkm,119.3321,-23.4596,9.16,4.52,mb,4.52,4.555655461,0.19736553,2.26055981,0.350858874,1.181018609,0.461510568,10,0.8,10,1,3
2011-07-05T01:32:11.000000Z,ga2011nbskgr,145.8394,-38.412,2.26,4.38,ML,nan,4.416966047,0.259368662,1.012944795,0.540121961,1.060208722,0.773633345,20,0.6,8,1,4
2011-07-14T05:51:36.000000Z,ga2011nsonsu,120.3563,-20.8649,12,4.47,ML,nan,4.367172217,0.079259784,4.824854455,0.521834262,1.889097767,0.81287798,12,0.5,10,1,3
2011-09-04T11:15:11.000000Z,ga2011rklaim,138.7128,-33.0785,2,3.75,MLa,nan,3.716262396,0.130487967,1.821802779,0.138892084,2.88878393,0.405722237,6,0.8,12,1,5
2011-09-17T16:28:27.000000Z,ga2011sirvsq,147.7275,-20.1835,5.5,4.04,MLa,nan,4.165157524,0.31754251,1.355867278,0.29339077,1.561370976,0.715360716,4,0.4,10,1,6
2011-12-05T19:10:00.000000Z,ga2011xxxolw,114.4155,-21.5135,15,5.08,ML,nan,5.471468572,0.180263747,5.167882039,0.268460035,0.542062107,0.147931114,13,0.03,2,1,3
2012-03-23T09:25:19.000000Z,ga2012fvghie,132.1244,-26.1242,0,5.1,mwh,nan,5.449339717,0.204961276,0.86319742,0.472862868,0.30622877,0.180685178,40,0.03,4,1,8
2012-03-25T20:53:20.000000Z,ga2012fzunyv,136.8206,-30.3235,0,3.85,MLa,nan,3.691038655,0.126453839,0.213171655,0.216528649,1.454575592,0.351148302,6,0.8,12,1,5
2012-04-19T19:09:16.000000Z,ga2012htoghh,148.6032,-35.2309,4,3.69,MLa,nan,3.669988902,0.240611399,1.054754738,0.651356131,2.539423776,1.434755349,22,0.8,12,1,1
2012-06-08T11:31:00.000000Z,ga2012lgtkva,150.4,-30.7477,0,4.1,MLa,nan,4.374342676,0.160446917,1.209535677,0.502886085,1.181355734,0.796104986,17,0.3,10,1,1
2012-06-08T11:32:39.000000Z,ga2012lgtkva,150.4,-30.7477,0,4.1,MLa,nan,4.175659258,0.178432788,1.536060114,0.74264552,1.608121701,1.261159537,11,0.3,12,1,1
2012-06-19T10:53:29.000000Z,ga2012maxctf,146.29,-38.259,18,5.14,mwt,nan,5.275557569,0.219651542,1.906549755,0.593562899,0.487135449,0.392241599,44,0.03,10,1,4
2012-06-22T09:16:03.000000Z,ga2012mghbkx,148.6444,-34.1077,14.3086,3.74,MLa,nan,3.790124272,0.12047297,1.577917004,0.614825324,2.529172126,1.393296735,23,0.8,12,1,1
2012-07-20T09:11:30.000000Z,ga2012ofrgdr,146.215,-38.231,12,4.32,mwt,nan,4.559657402,0.243148404,1.493044384,0.753828708,1.023783225,0.807302842,35,0.35,10,1,4
2012-11-05T19:31:49.000000Z,ga2012vwsftb,129.0448,-11.5463,39.2974,4.49,mb,4.49,3.925757821,0.125460305,40.49973405,0.49687922,6.381914044,2.51840093,4,0.8,8,1,7
2012-11-28T22:35:22.000000Z,ga2012xneadt,125.9429,-27.7569,0,3.95,MLa,nan,3.995293989,0.071068286,2.379697823,0.608181215,2.290196503,1.093219124,3,0.8,12,1,8
2012-11-29T19:21:18.000000Z,ga2012xothuq,140.6586,-27.7557,5,3.87,MLa,nan,4.02204841,0.198428195,0.647221307,0.379319803,1.438818018,0.742927862,5,0.8,12,1,5
2013-06-09T14:22:15.000000Z,ga2013lgzayw,131.994,-26.11,0,5.3,mwh,nan,5.490998068,0.296839067,1.685442055,0.638296089,0.364825102,0.301651515,43,0.04,8,1,8
2013-07-18T11:39:11.000000Z,ga2013oaiytv,133.8849,-19.8206,9.5209,4.21,MLa,nan,4.104252984,0.319915779,2.516319858,0.731755838,2.058138486,2.195475943,4,0.8,12,1,2
2013-10-07T20:15:41.000000Z,ga2013ttrxdk,150.7621,-34.1717,0,3.51,MLa,nan,3.984242104,0.210059894,0.1023797,0.425561199,0.812760713,0.619238112,19,0.8,10,1,1
2014-02-26T00:00:07.000000Z,ga2014dyurkb,121.1872,-30.6786,0.0756,4.2,mwh,nan,4.738365592,0.278400774,0.387525374,0.319710677,0.531613975,0.406284636,44,0.07,10,1,9
2014-04-29T09:54:56.000000Z,ga2014ijjknn,139.5405,-32.7959,12.6493,4.1,mwh,nan,4.391628504,0.145443388,3.205202032,0.527224998,1.602568819,0.871284317,24,0.6,10,1,5
2014-06-04T02:29:09.000000Z,ga2014kwwubq,137.7095,-29.8668,12.7111,4.64,ML,nan,4.385864945,0.131059927,2.925773799,0.294252615,1.564925186,0.423146484,15,0.5,10,1,5
2014-09-26T15:38:16.000000Z,ga2014szdskg,119.5339,-20.0995,10,4.61,mb,4.61,4.201830604,0.083692588,1.397643603,0.400845812,1.512037802,0.402034111,6,0.5,10,1,3
2014-10-31T19:15:25.000000Z,ga2014vlriii,121.2319,-30.8146,10,4.48,mb,4.48,4.382198162,0.180923504,0.103157171,0.529288385,0.515323401,0.465113821,35,0.08,8,1,9
2014-12-02T16:34:40.000000Z,ga2014xsffza,145.846,-38.418,8.8,3.39,MLa,nan,3.550292695,0.126582896,0.331744497,0.733518944,1.982138662,1.431530389,19,0.7,12,1,4
2014-12-03T19:05:10.000000Z,ga2014xufynv,145.4424,-38.1015,10,3.26,MLa,nan,3.413999207,0.138571244,0.556415604,0.600491868,2.755154563,1.71315272,14,0.8,12,1,4
2015-02-15T15:57:09.000000Z,ga2015dfvkkl,151.4361,-25.1459,12.5,4.8,mwh,nan,5.098736454,0.206841604,2.241271292,0.409287243,0.630196113,0.316402082,38,0.02,10,1,6
2015-02-16T05:56:49.000000Z,ga2015dgxfza,151.4593,-25.0536,0,3.99,MLa,nan,3.77533048,0.166772487,7.648726449,0.321856915,4.353884865,0.972190273,8,0.8,12,1,6
2015-07-29T23:41:43.000000Z,ga2015ovlxbt,154.411,-25.353,13,5.4,Mwp,nan,5.692454466,0.236594707,0.469607464,0.428977664,0.188957254,0.153496077,38,0.03,6,1,6
2015-08-01T03:38:45.000000Z,ga2015ozlfce,154.433,-25.383,13,5.3,Mwp,nan,5.59934249,0.19392642,0.377921824,0.422448262,0.195647912,0.142564504,38,0.03,6,1,6
2015-08-01T04:46:26.000000Z,ga2015oznlkq,154.2735,-25.3761,30,5.11,mb,5.11,5.205923369,0.381913171,0.456352351,0.45461531,0.327705867,0.309777463,29,0.03,6,1,6
2015-09-17T02:44:55.000000Z,ga2015shqobo,142.4188,-39.8392,10,4.8,mb,4.8,4.412374263,0.350417881,1.20263484,0.621087463,1.128591044,0.839712279,26,0.5,8,1,4
2015-10-07T20:30:11.000000Z,ga2015ttsjqh,121.8877,-17.1917,0,4.45,ML,nan,4.191619069,0.146188309,8.665850536,0.836329273,2.810649352,2.8817225,8,0.4,8,1,7
2015-10-13T06:54:56.000000Z,ga2015udrskb,120.7514,-22.5689,13.286,4,mwh,4.44,4.463386336,0.044994854,1.055495444,0.527001419,1.018915316,0.456660769,8,0.4,10,1,3
2015-11-03T01:07:44.000000Z,ga2015vpulrr,133.9378,-19.7835,10.8453,3.85,MLa,nan,4.040714298,0.086664442,0.313173279,0.329975564,1.10556315,0.59336139,4,0.8,12,1,2
2016-01-30T17:39:14.000000Z,ga2016ccpehm,149.0798,-35.9102,7.1812,3.58,MLa,nan,3.645040554,0.260034536,1.054751697,0.58764071,2.613418361,1.918761466,31,0.8,12,1,1
2016-04-28T16:52:44.000000Z,ga2016ijxgog,133.8884,-19.7698,10,3.95,MLa,nan,4.000057199,0.153787983,0.751491596,0.212923006,1.551048033,0.527316683,5,0.6,12,1,2
2016-05-10T09:44:35.000000Z,ga2016jfjuef,118.6896,-16.3973,0,5.29,mb,5.29,4.919909519,0.086338703,5.455638771,0.42094723,1.041532709,0.43806574,13,0.03,8,1,7
2016-05-20T18:14:02.000000Z,ga2016jyjxze,129.8322,-25.5792,0,6.1,Mwp,nan,6.002492779,0.283311102,6.477535655,0.515249212,0.317129044,0.315182425,82,0.03,7,1,8
2016-05-21T08:46:18.000000Z,ga2016jzmvqc,129.8367,-25.6007,0,4.09,MLa,nan,4.01552834,0.114475632,1.735915778,0.287337435,2.014147096,0.55245903,6,0.8,12,1,8
2016-05-28T15:30:26.000000Z,ga2016kmwiau,122.4661,-32.4966,0,4.95,ML,nan,5.052837001,0.170491144,1.19893864,0.38224086,0.539336264,0.362002096,22,0.02,10,1,0
2016-05-28T16:38:44.000000Z,ga2016kmyoxb,122.4381,-32.4599,0,5.1,ML,nan,5.045088459,0.168026706,2.107422697,0.388513307,0.656727888,0.248534307,20,0.02,10,1,0
2016-06-07T00:02:19.000000Z,ga2016leavbj,152.5031,-33.5018,0,4,ML,nan,4.040143602,0.161133625,0.438974037,0.516783948,1.238093988,0.735383298,12,0.8,8,1,1
2016-06-08T02:01:09.000000Z,ga2016lgamis,122.493,-32.5055,0,4.35,MLa,nan,4.264612551,0.101766662,1.942809128,0.41641925,1.569818973,0.907408372,7,0.8,12,1,0
2016-06-19T01:54:09.000000Z,ga2016maffzo,136.4501,-35.9162,10,4.5,ML,nan,4.229509396,0.120754588,3.178152115,0.50863773,1.925969179,1.706568158,9,0.5,10,1,5
2016-07-08T09:40:50.000000Z,ga2016njrmwh,122.5108,-32.4576,0,5.59,ML,nan,5.175206789,0.156755493,5.608186531,0.47254365,0.783459516,0.32690452,23,0.02,10,1,0
2016-07-14T10:08:55.000000Z,ga2016nusuiu,122.433,-32.5355,0,4.22,MLa,nan,4.077919684,0.131505651,3.365628299,0.412279224,2.337444704,0.97930392,9,0.6,12,1,0
2016-07-16T11:44:49.000000Z,ga2016nynkte,122.4355,-32.5007,0,3.96,ML,nan,3.838967932,0.187914208,4.324661009,0.530948679,3.345896697,2.418284574,7,0.8,12,1,0
2016-08-13T15:31:13.000000Z,ga2016pyfgmi,152.8669,-23.8209,10,4.41,ML,nan,4.775264814,0.212928984,0.229848814,0.55597171,0.428082512,0.349679634,48,0.04,5,1,6
2016-08-18T04:30:07.000000Z,ga2016qgnzey,148.8628,-19.768,0,5.8,Mwp,nan,5.859540202,0.147450445,16.57444179,0.606440531,0.511354411,0.383324516,82,0.03,5,1,6
2016-09-05T16:23:37.000000Z,ga2016romrwq,122.2198,-32.4185,0,4.21,ML,nan,3.931551256,0.097420682,3.450465924,0.550303213,2.789519642,1.106219533,12,0.6,12,1,0
2016-11-06T09:54:31.000000Z,ga2016vxuvdr,127.9866,-19.1059,10,5.07,ML,nan,4.846154848,0.172224092,3.817882351,0.596747233,1.006643964,0.89023564,25,0.4,10,1,2
2017-01-03T15:30:19.000000Z,ga2017aewhlh,118.4554,-30.6094,10,4.18,ML,nan,4.315901636,0.143583877,0.293499143,0.382166713,0.788128923,0.363920256,7,0.1,10,1,9
2017-01-31T19:40:15.000000Z,ga2017ceoxls,146.2254,-38.455,10,3.45,MLa,nan,3.63333947,0.136110425,0.403892888,0.645996875,1.92352634,1.6701773,27,0.8,12,1,4
2017-04-04T03:55:53.000000Z,ga2017gpajda,128.9391,-25.9025,10,3.97,MLa,nan,3.841386024,0.089462098,1.307609647,0.221974667,2.239471281,0.60350004,4,0.8,12,1,8
2017-04-13T16:31:05.000000Z,ga2017hgmxvb,148.9557,-33.4639,0,4.27,ML,nan,4.391950043,0.308075887,0.413869879,0.417151194,0.80970233,0.438492254,34,0.35,7,1,1
2017-05-15T19:12:42.000000Z,ga2017jnlngh,123.5876,-27.1668,10,3.9,MLa,nan,3.790538868,0.119147297,1.810906353,0.411652713,2.646722244,1.008818665,7,0.8,12,1,8
2017-08-06T04:21:50.000000Z,ga2017pirgpw,128.0179,-19.1337,10,4.97,ML,nan,4.833527404,0.209463487,2.47264289,0.452590145,0.883695347,0.51458769,27,0.25,10,1,2
2017-08-31T08:07:10.000000Z,ga2017rcvwum,117.215,-30.4605,10,3.87,MLa,nan,4.143748945,0.2489485,0.328165213,0.290405281,0.997322259,0.465068893,8,0.6,8,1,9
2018-01-24T02:28:20.000000Z,ga2018bqkqbr,153.0258,-30.6453,10,4.23,ML,nan,4.259745754,0.131058694,1.793714994,0.463146818,1.537177692,0.793117614,17,0.5,8,1,1
2018-05-12T00:50:56.000000Z,ga2018jgnveu,139.3305,-28.7981,10,4.09,MLa,nan,4.046263654,0.083568236,1.491492148,0.393990223,1.848222703,0.597104954,17,0.5,10,1,5
2018-06-20T02:54:32.154000Z,ga2018mahejo,122.4235687,-32.66796494,10,4.6594319,ML,5.07936935,4.650631813,0.054719664,1.293524199,0.272086878,0.878930935,0.201435379,16,0.3,12,1,0
2018-07-01T02:27:40.759000Z,ga2018mulipo,136.6786346,-33.6055603,10,3.72191545,ML,4.17258938,3.538856743,0.148077414,1.438925595,0.779467598,3.275393968,2.884312903,20,0.8,12,1,5
2018-07-22T02:46:01.508000Z,ga2018ohacqd,148.9633636,-33.47355652,10,3.82650506,ML,nan,3.710155119,0.155261395,0.649975081,0.456421195,2.063322655,0.948403623,22,1.2,12,1,1
2018-09-10T21:55:20.741000Z,ga2018rwgpgw,122.615387,-12.83352947,18.48936844,4.7884784,mb,4.7884784,4.073292761,0.240233224,1.861803854,0.67892089,1.929052579,1.773046831,25,0.8,8,1,7
2018-09-14T21:51:47.119000Z,ga2018sdphry,150.8257294,-32.33989716,1.03484511,3.51689081,ML,3.94002447,3.624532538,0.152934469,0.379822216,0.429141183,1.903734248,0.942476488,20,0.8,10,1,1
2018-09-16T04:56:24.116000Z,ga2018sfzeme,116.78,-34.43,1.72017396,5.25264889,Mw,5.2360801,5.465918005,0.259753651,3.661821883,0.451568118,0.486354054,0.314320805,49,0.04,5,1,0
2018-10-12T16:31:29.048000Z,ga2018ucpciy,116.7873306,-34.42316055,5.76605177,4.64511297,ML,5.04720756,4.565367961,0.206671737,0.775050737,0.440540247,0.817407343,0.435348379,21,0.04,8,1,0
2018-11-08T10:59:09.528000Z,ga2018vzsrsz,116.7987671,-34.42027664,3,3.81354812,ML,3.91984968,3.803373144,0.167102537,0.580691817,1.019539071,1.785011975,1.563280846,7,0.6,10,1,0
2018-11-08T21:07:00.006000Z,ga2018wamvnf,116.7873306,-34.42316055,3.01950908,5.20321735,Mw,nan,5.542766251,0.261404511,2.566489683,0.338031335,0.39543568,0.148420241,51,0.04,5,1,0
2018-11-21T15:58:50.991000Z,ga2018wxzblb,136.8457489,-33.36133957,10,3.66149028,ML,4.2653222,3.631977932,0.195023096,1.138710927,0.514629154,2.721623215,1.393513952,28,0.7,10,1,5
2018-12-16T14:26:21.333000Z,ga2018yrtdrs,112.6228561,-23.30430031,10,5.85092492,Mw,5.71168794,5.955117208,0.209524289,15.75367741,0.372296591,0.450382163,0.317444397,45,0.05,5,1,3
2019-01-13T19:43:09.047000Z,ga2019axnyeq,118.5169907,-33.95681763,10,3.58729367,ML,nan,3.155871077,0.099432639,0.91681571,0.7094525,4.380304289,3.148396594,10,1.5,10,1,0
2019-02-01T08:28:19.788000Z,ga2019cfojhl,113.3016357,-24.50074196,10,4.40320787,ML,4.83721176,4.288019514,0.238972687,9.260856809,0.468793909,2.571696832,1.648358403,27,0.4,10,1,3
2019-05-30T02:26:50.969000Z,ga2019knsbtf,131.8587646,-21.28147316,10,5.39990724,ML,5.63173827,5.189161077,0.18905971,7.148933528,0.51023564,0.835947529,0.497537678,168,0.04,10,1,2
2019-05-30T07:38:53.830000Z,ga2019kockqs,131.9233704,-21.32752419,10,4.33065809,ML,4.80943421,4.182125976,0.17117877,8.569172412,0.616548548,2.830929864,1.671271339,111,0.6,10,1,2
2019-06-20T14:30:09.393000Z,ga2019mbehlj,119.3349304,-33.1002388,10,4.25498033,ML,4.46142494,3.809436492,0.098450849,1.234292229,0.214853502,2.279118413,0.364059812,6,1.3,10,1,0
2019-06-23T13:47:23.980000Z,ga2019mgqbes,120.0310593,-30.72055244,10,3.76766514,ML,3.7144958,3.568410013,0.094882832,1.657200777,0.389906461,3.318428822,1.300230222,7,0.9,19,1,9
2019-07-14T05:39:24.991000Z,ga2019nsodfc,120.2946854,-18.26223373,20,6.55122597,Mww,6.35791224,6.601808393,0.185567312,22.66565481,0.313772721,0.241489192,0.098474438,57,0.01,7,1,7
2019-07-14T07:26:37.287000Z,ga2019nsrrqq,120.42556,-18.20709038,15.75727749,4.55249728,ML,5.20124566,4.562862762,0.216392011,5.957547783,0.490308313,1.617845087,0.961645925,54,0.5,10,1,7
2019-07-14T21:33:54.935000Z,ga2019ntttsx,120.5684814,-18.36467743,21.91589737,4.36465236,ML,5.01291009,4.438683929,0.187502005,2.935161834,0.493764985,1.474170978,0.886539153,50,0.25,10,1,7
2019-07-14T23:01:36.282000Z,ga2019ntwrhw,120.2814636,-18.28185654,10,4.72501892,Mw,5.50426372,5.156701553,0.138473823,9.458642545,0.401500039,0.952660076,0.37267091,56,0.04,10,1,7
2019-07-17T10:20:12.812000Z,ga2019nykpwb,120.3633499,-18.52585411,21.46323967,4.42296652,ML,4.9802334,4.229196084,0.181423102,4.700367416,0.480692433,2.195120493,1.045554359,43,0.6,10,1,7
2019-07-25T19:06:13.545000Z,ga2019ontweu,120.2585831,-18.26270294,10,4.48567601,ML,4.99281615,4.414861741,0.176182076,3.980221688,0.518111886,1.677068058,0.846338312,52,0.4,10,1,7
2019-08-01T01:22:15.845000Z,ga2019ozgrmh,133.849,-19.822,5,4.98775771,Mw,5.19336681,5.288113146,0.218143501,3.447286294,0.43741128,0.584944976,0.300430619,181,0.04,8,1,2
2019-08-01T23:03:57.005000Z,ga2019paxvfc,120.2637711,-18.28358841,10,4.75469771,ML,5.36735619,4.625978341,0.136646983,9.535509193,0.406354372,1.759832215,0.806221286,52,0.3,10,1,7
2019-08-12T19:11:47.373000Z,ga2019puvcuy,120.5794525,-21.41424179,10,4.61978938,ML,4.76116766,4.180144311,0.169032928,5.815295147,0.584817219,2.493432232,1.65490404,51,0.4,10,1,3
2019-08-18T11:38:41.661000Z,ga2019qfglqd,151.8996429,-20.95031929,10,4.52018142,ML,4.72395036,4.475922833,0.107397523,0.997009257,0.618120018,0.985411103,0.636086856,5,0.3,6,1,6
2019-08-31T21:00:25.481000Z,ga2019rdvncw,134.3556671,-35.36056519,10,3.96501976,MLa,4.35121919,4.158978583,0.217157181,0.808589237,0.457137407,1.323627651,0.783655176,50,0.6,8,1,5
2019-09-11T09:01:00.956000Z,ga2019rxcqxd,127.4865189,-23.52555084,10,4.03965206,MLa,nan,3.930448034,0.191362578,2.373589017,0.626115078,2.465605715,1.936368223,61,0.4,12,1,8
2019-12-16T04:27:39.851000Z,ga2019yqzhvl,150.890274,-32.32577515,10,3.75081554,ML,nan,3.820138069,0.167782744,0.742295865,0.548222977,1.900213723,1.02871462,11,1.2,10,1,1
2019-12-16T05:29:42.159000Z,ga2019yrbjfq,150.835968,-32.34764862,10,4.3513545,ML,nan,4.620754207,0.24403031,0.401318153,0.460061279,0.615835853,0.453989234,33,0.04,8,1,1
2020-04-15T07:11:04.955000Z,ga2020hlhnxn,148.7121429,-19.87002563,10,4.97527069,ML,nan,4.92090262,0.136026275,0.989958953,0.532217087,0.58897956,0.430557092,28,0.03,6,1,6
2020-05-02T17:48:38.026000Z,ga2020iriaiq,150.8701172,-32.34958267,10,3.90431618,ML,nan,3.88355798,0.119973291,0.778294084,0.524934236,1.794518985,1.04999511,18,0.55,8,1,1
2020-05-14T05:53:34.681000Z,ga2020jmlaqc,138.8015442,-33.71071243,10,4.3144191,MLa,nan,4.230043629,0.193272888,2.469877258,0.592917721,1.769629897,1.34460533,36,0.5,12,1,5
2020-08-23T03:00:52.164000Z,ga2020qppqrr,146.2671661,-20.98827553,10,4.78025648,ML,nan,4.60243049,0.177976701,2.394884487,0.525159357,1.140841775,0.811488521,18,0.3,10,1,6
2020-09-25T14:28:55.023000Z,ga2020szbkji,150.6940308,-30.57366371,10,3.5913622,ML,nan,3.682042034,0.087291069,1.389924724,0.485084575,2.745713466,1.714171499,14,0.9,8,1,1
2020-09-29T12:11:42.641000Z,ga2020tgftxc,117.1850052,-21.32128716,10,4.04514713,MLa,nan,4.220205866,0.12304927,2.27403977,0.074076616,1.741174198,0.171596253,3,0.6,12,1,3
2021-01-29T19:47:55.945000Z,ga2021caxsis,121.8011627,-13.95501137,10,5.57672926,Mw,5.7657236,5.601198709,0.223787468,3.998886068,0.379204914,0.428607198,0.200520828,26,0.03,4,1,7
2021-02-07T09:41:31.404000Z,ga2021cqrdrt,150.8415985,-32.3411026,0.70630425,3.5092449,ML,3.54125106,3.835144,0.168943261,0.235225861,0.346808819,1.273313937,0.564998918,18,0.8,12,1,1
2021-03-12T13:57:43.064000Z,ga2021ezopso,129.4467163,-22.30257416,10,4.24131604,ML,nan,4.207914952,0.16304467,1.191969906,0.521240325,1.423891044,0.860981271,47,0.9,10,1,8
2021-06-22T19:09:41.451000Z,ga2021mffacg,143.5796661,-38.90559006,10,3.64427479,ML,nan,4.030898286,0.180445185,0.167530972,0.39261791,0.907670799,0.561845574,10,0.5,5,1,4
2021-06-24T06:57:02.751000Z,ga2021mhyeok,120.1802902,-18.32783318,10,5.11539994,Mw,5.60608662,5.160349997,0.279279781,7.094873162,0.458554268,0.861957165,0.762362775,31,0.03,5,1,7
2021-06-24T18:30:26.389000Z,ga2021mivear,141.6354065,-31.5410347,10,3.58385546,ML,nan,3.814969998,0.204749215,3.13102653,0.57685649,3.088562453,1.629793447,65,0.6,8,1,5
2021-06-26T22:12:14.518000Z,ga2021mmtyxy,113.8629837,-22.95962143,10,4.70659098,ML,5.22975188,4.708092941,0.188788115,2.552072448,0.33392248,1.031803508,0.640075776,22,0.1,6,1,3
2021-07-19T08:12:48.073000Z,ga2021obxvvc,117.2765732,-30.95134926,5,3.51038856,ML,nan,3.771976189,0.324979857,0.092172704,0.397720769,1.002055599,0.793942796,17,0.7,8,1,9
2021-09-21T23:15:53.776000Z,ga2021sqogij,146.3478699,-37.49168396,10,5.86849626,Mw,5.83185068,5.960221468,0.182023997,16.7928322,0.43395802,0.457379174,0.26820908,68,0.03,5,1,4
2021-09-21T23:33:38.777000Z,ga2021sqovqr,146.2875366,-37.47331619,11.11868954,4.07165844,ML,4.50141071,4.229503829,0.232942016,1.056312801,0.340654896,1.334109276,0.556414019,16,0.9,8,1,4
2021-10-08T16:47:26.216000Z,ga2021tvgsoo,141.0533,-35.4862,10,4.81305843,ML,5.00324868,4.838124603,0.193526952,1.861279178,0.522713044,0.799626802,0.495760185,108,0.05,8,1,5
2021-11-13T13:05:52.663000Z,ga2021wjbnip,119.8416,-21.1301,35,5.32347935,Mw,5.69924278,5.171056369,0.267650801,20.18483847,0.406549944,1.206403844,0.910068068,55,0.03,6,1,3
2022-01-05T11:37:01.343000Z,ga2022aigaei,117.0198517,-33.34041214,6.94343853,3.99061331,ML,nan,4.159288424,0.278181648,0.113889472,0.526463697,0.688434753,0.552544631,19,0.5,5,1,0
2022-01-22T07:40:49.206000Z,ga2022bndnpd,117.0591278,-33.3127594,8.30578518,3.75466481,ML,nan,3.941230915,0.253618115,0.270431115,0.494215394,1.180545054,0.616916533,20,0.4,10,1,0
2022-01-22T07:57:32.304000Z,ga2022bnebzv,117.0443344,-33.3227272,9.69913387,3.50808459,ML,nan,3.771185991,0.23675719,0.143441549,0.509325025,1.162280979,0.64693982,24,0.6,10,1,0
2022-01-24T21:24:47.666000Z,ga2022brwhkb,117.0213,-33.3494,1.9,4.75257696,ML,nan,4.6764132,0.248997189,0.916587693,0.474235843,0.760671616,0.460070767,28,0.05,8,1,0
2022-01-24T21:50:09.468000Z,ga2022brxdgl,117.0271149,-33.33148193,5,3.51562546,ML,nan,3.769338985,0.306788151,0.206794812,0.434759111,1.315798918,0.634848536,23,0.6,10,1,0
2022-02-01T10:41:03.626000Z,ga2022cfstsd,117.0341263,-33.34535599,5,4.25975701,ML,nan,4.341564334,0.187323051,0.158385812,0.344105486,0.622972767,0.294724468,20,0.1,8,1,0
2022-03-05T20:50:08.501000Z,ga2022engesz,138.8569,-35.0981,26.1,3.67978346,ML,nan,3.700141289,0.179578574,2.995874346,0.540991599,3.473625738,1.802540025,21,0.6,7,1,5
2022-07-02T13:01:59.499000Z,ga2022mxcccc,121.2898026,-30.66849518,10,3.51530194,ML,nan,3.595724104,0.182925644,0.613768141,0.468922776,2.309325756,1.410423302,23,1,10,1,9
2022-07-24T14:21:39.582000Z,ga2022oloscs,130.0454407,-17.06973076,10,4.15950259,ML,nan,4.202177867,0.1899935,1.723929359,0.572845726,1.620926636,1.235907917,25,0.4,10,1,2
2022-08-21T04:37:01.042000Z,ga2022qkfqvg,117.0684809,-30.83329033,5.01238726,4.3519093,ML,nan,4.351571082,0.142558601,0.934886977,0.578912976,1.112961051,0.817269304,18,0.05,7,1,9
2022-10-26T19:22:43.284000Z,ga2022vcmyib,134.5755463,-12.32723713,10,4.10365042,ML,nan,3.915459385,0.163972061,2.432285468,0.569087736,2.529031819,1.565505871,13,0.8,10,1,2
2022-11-04T22:45:47.957000Z,ga2022vthdlu,148.8685303,-34.34418106,3.01862669,3.99155628,ML,nan,4.081486168,0.152254371,0.580647965,0.411153278,1.295906563,0.679862047,28,0.3,10,1,1
2022-11-21T10:05:07.001000Z,ga2022wxniqe,123.4449844,-17.61831474,10,4.30544534,ML,nan,4.469469325,0.156501649,3.271416658,0.644673317,1.475218767,1.23453202,31,0.2,8,1,7
2022-11-23T07:24:06.741000Z,ga2022xazlrn,120.808197,-27.71071815,10,3.97813379,ML,nan,3.841039938,0.149950738,1.429731323,0.66867535,2.308043443,1.77098304,30,1,12,1,9
2022-12-11T14:34:49.181000Z,ga2022yiouyy,125.9933701,-31.72974968,10,4.64633172,ML,nan,4.533685144,0.201713679,3.023618707,0.694234694,1.334582954,0.996488023,111,0.5,8,1,0
2022-12-27T23:10:56.021000Z,ga2022zmpnoh,139.590744,-38.0320549,10,3.83298129,ML,nan,3.875817113,0.136377949,1.046380577,0.387680623,1.998329673,0.799695354,19,0.8,10,1,4
2023-01-05T05:12:18.758000Z,ga2023ahtgqs,118.3057861,-33.77495956,5,4.53027926,ML,nan,4.619199892,0.281506871,0.882361709,0.591981615,0.802222323,0.6231749,121,0.1,8,1,0
2023-02-05T00:39:57.733000Z,ga2023cmhtgf,117.0835648,-33.36898804,5.59447384,4.10779838,ML,nan,4.408146789,0.298337696,0.689926476,0.652501113,0.942337947,0.812637296,114,0.2,10,1,0
2023-03-22T23:23:09.124000Z,ga2023fsqpnw,139.5921173,-32.78533173,8.7669878,4.72017277,ML,nan,4.383186166,0.12274271,7.703156675,0.465535226,2.167582477,1.003562673,43,0.5,10,1,5
2023-04-17T09:02:57.386000Z,ga2023hngzeb,120.23349,-18.13127327,10,4.69268914,Mw,nan,5.011757699,0.227364529,31.96630114,0.659659585,1.689264868,1.34894687,113,0.15,10,1,7
2023-05-12T18:20:10.079000Z,ga2023jhwpkg,120.1839447,-18.20827293,10,4.16722795,ML,nan,4.080548806,0.203853612,2.000254029,0.578713538,1.959294798,1.136604828,12,0.9,10,1,7
2023-05-28T13:41:51.652000Z,ga2023kkwzpi,144.8484344,-37.55506134,2.02451205,3.84561155,ML,nan,3.93805065,0.197101046,1.831935255,0.488948373,2.241939314,1.605014899,32,0.6,10,1,4
2023-06-07T12:13:06.231000Z,ga2023lddhxf,147.0039215,-16.76450348,9.87401295,4.23642048,ML,nan,4.579759829,0.111842438,0.293280081,0.451018469,0.581513872,0.252829149,14,0.03,5,1,6
2023-06-29T15:32:43.482000Z,ga2023mrtxhp,146.312973,-37.50204468,7.44275332,4.5803744,ML,nan,4.494383776,0.194342618,2.812619198,0.562926721,1.363089047,0.959848054,50,0.4,8,1,4
2023-07-12T14:08:31.784000Z,ga2023npnogk,122.4006424,-32.55060959,10,3.57530034,ML,nan,3.491739319,0.228788004,7.721064988,0.739145847,6.053899595,4.147132376,64,1,15,1,0
2023-08-05T21:34:42.237000Z,ga2023pidtuh,118.2907791,-33.80443192,5,4.96665012,Mw,nan,5.252882253,0.261168628,6.095050151,0.517281955,0.736597836,0.412108546,125,0.03,6,1,0
2023-09-02T08:49:10.208000Z,ga2023rgostj,117.0568695,-33.34043503,5,3.582101,ML,nan,3.904041259,0.198082097,0.550532559,0.551502862,1.561658889,1.042665193,87,0.5,12,1,0
2023-09-08T14:25:03.988000Z,ga2023rsafen,150.7327881,-34.15309906,2.38602567,3.5399159,ML,nan,3.860242266,0.36149564,0.215952273,0.42675317,1.202293772,1.079158488,17,0.8,9,1,1
2023-10-21T15:11:07.680000Z,ga2023uszzah,143.5066528,-38.69179535,10,4.72569252,Mw,nan,5.081688337,0.222238823,0.806994062,0.404880698,0.457219855,0.236893992,72,0.03,6,1,4
2023-10-21T18:44:29.333000Z,ga2023uthawn,143.5280914,-38.6981926,10,3.5591672,ML,nan,3.349571467,0.126050929,0.253543646,0.322507601,2.283377132,0.938910606,7,1,10,1,4
2023-10-23T02:17:37.660000Z,ga2023uvrufo,143.5210419,-38.7157135,10,3.71616928,ML,nan,3.804206575,0.168519898,0.191133314,0.537795615,1.231273823,0.974278196,10,0.8,8,1,4
2023-10-24T12:38:04.991000Z,ga2023uyibtz,147.1536102,-29.1205368,10,3.91437764,ML,nan,3.872566951,0.143171608,5.119119319,0.476260491,3.405080729,2.106729688,21,0.8,10,1,1
2024-01-07T03:37:12.363000Z,ga2024alhomu,127.5232697,-17.41468811,10,4.02581445,ML,nan,4.182296946,0.16599438,1.229890719,0.561447147,1.481902074,1.034298896,21,0.35,7,1,7
2024-01-15T12:03:20.377000Z,ga2024baqdfq,138.6737213,-33.15229034,5,3.5507283,ML,nan,3.587815392,0.102154792,2.652878916,0.511657924,3.796154832,1.770745396,10,1,10,1,5
2024-02-08T13:49:37.456000Z,ga2024csvciy,145.9987335,-38.55813599,10,4.3549784,MLa,nan,4.852975532,0.185004421,0.205344484,0.511564878,0.377009579,0.272227015,42,0.03,8,1,4
2024-02-22T02:41:57.918000Z,ga2024drrdjb,121.1770935,-30.7330513,5,3.58443833,MLa,nan,3.560230492,0.188119824,0.454033711,0.541871711,2.175671176,1.343336516,10,1.5,12,1,9
2024-02-23T04:53:11.144000Z,ga2024dtrfhv,134.0563507,-19.84101105,10,3.70357812,MLa,nan,3.898217893,0.181423732,1.248783205,0.478354618,2.065693456,1.257481303,11,0.7,10,1,2
2024-02-27T16:04:09.925000Z,ga2024ebwkds,128.2914886,-16.71381378,10,4.16445692,MLa,nan,4.237475944,0.263780692,1.462354608,0.505771005,1.473302971,0.920670957,24,0.6,12,1,7
2024-03-08T09:53:12.547000Z,ga2024ettidu,150.4825745,-33.88016891,6.62210417,3.53705709,MLa,nan,3.521573855,0.155924285,2.037789791,0.5063589,3.752136858,1.627602361,21,0.8,12,1,1
2024-03-20T10:07:43.103000Z,ga2024fpunfl,146.3418121,-37.4887619,5.68709278,3.46750228,MLa,nan,3.408544959,0.072897461,0.782790825,0.334784869,3.106623099,0.997760428,10,0.9,8,1,4
2024-04-17T06:36:31.571000Z,ga2024hoxvwu,138.6252441,-33.14629745,5,4.09217778,MLa,nan,4.057166171,0.173445205,2.155484439,0.430750357,2.063531086,0.776333321,23,0.7,10,1,5
2024-05-22T20:41:54.476000Z,ga2024kcghdy,149.7387238,-34.50011063,10,3.9223923,MLa,nan,3.834580827,0.138186662,2.448615509,0.602080123,2.782032862,1.931347729,23,0.8,10,1,1
2024-06-27T00:09:57.918000Z,ga2024motpgn,138.6398163,-31.93810463,10.16324711,3.38239844,MLa,nan,3.439744442,0.095206428,2.89084401,0.30499899,4.632496881,1.346679851,10,0.8,12,1,5
2024-06-30T22:52:39.432000Z,ga2024mvzyds,130.7090759,-14.49367619,10,3.64644684,MLa,nan,3.59687848,0.10203588,3.167404961,0.609664615,3.98542305,2.025045429,12,0.9,12,1,2
2024-07-09T00:52:11.822000Z,ga2024nkvsfo,134.6704559,-19.31395721,5.51272488,3.43529849,MLa,nan,3.778456199,0.13192033,0.741897386,0.351076886,1.993267802,0.765845271,8,0.6,8,1,2
2024-07-11T03:39:06.429000Z,ga2024nosrvl,119.0534286,-20.42302895,10,3.86629004,MLa,nan,3.807977988,0.116212598,1.649052673,0.53883422,2.514403578,1.105923872,9,0.8,12,1,3
2024-08-06T17:48:44.067000Z,ga2024plnsvb,146.3610382,-37.49197388,9.62705612,4.11424901,MLa,nan,4.117980237,0.178456806,3.244308956,0.49191437,2.204938196,1.16269862,45,0.6,12,1,4
2024-08-15T09:42:38.851000Z,ga2024qbldwq,117.639,-31.298,2,3.67734035,MLa,nan,3.62975932,0.20954493,0.508667761,0.679173599,2.085823464,1.529168017,115,1,8,1,9
2024-08-16T08:19:52.263000Z,ga2024qdedlf,117.7621231,-31.26776123,5,3.74038408,MLa,nan,3.590371304,0.183531259,0.510818421,0.595240619,2.185658649,1.45786967,114,1,5,1,9
2024-08-18T18:05:38.154000Z,ga2024qhozyo,117.639,-31.298,2,4.40338871,MLa,nan,4.293962732,0.234283199,1.259413672,0.64277032,1.313471253,0.971932698,132,0.6,12,1,9
2024-08-18T18:33:40.605000Z,ga2024qhpydc,117.639,-31.298,2,4.12799282,MLa,nan,4.060563608,0.210151389,1.284099351,0.680651467,1.729538399,1.330494296,129,0.8,12,1,9
2024-08-23T02:01:58.180000Z,ga2024qpnryi,150.869,-32.347,2,4.70225331,Mw,5.14686426,5.00856692,0.182497589,0.905693208,0.392836119,0.516879587,0.202651603,49,0.04,12,1,1
2024-08-24T06:31:37.463000Z,ga2024qrsjee,150.869,-32.347,2,4.47702767,Mw,nan,4.776973763,0.164747466,0.730955709,0.341606943,0.628283918,0.2146442,33,0.04,12,1,1
2024-09-06T19:58:32.652000Z,ga2024rqpnyt,150.869,-32.347,2,4.45770589,Mw,nan,4.694933919,0.169541182,1.205660102,0.426378021,0.81586908,0.329227513,35,0.04,10,1,1
2024-09-08T13:56:05.598000Z,ga2024rtuyxc,145.7339325,-36.86780167,5,3.54679846,MLa,nan,3.428150585,0.068924931,0.625226005,0.336817906,2.818055375,0.90021728,11,1,12,1,4
2024-09-09T10:41:50.163000Z,ga2024rvkgwm,121.20961,-30.7041893,5,3.76805046,MLa,nan,4.151980449,0.243751232,0.313906733,0.618039246,0.973395028,0.909149757,156,0.2,12,1,9
2024-09-16T07:39:10.587000Z,ga2024siahqo,138.3460236,-33.24928284,7.46655655,3.55755196,MLa,nan,3.522403336,0.168606283,1.835621921,0.467480072,3.62024988,2.083951306,20,0.7,12,1,5
2024-10-02T07:06:26.237000Z,ga2024tlivnb,117.639,-31.298,2.11290264,3.94510087,MLa,nan,3.991088999,0.251387923,0.314966193,0.653431138,1.172796384,1.042413037,134,0.5,12,1,9
2024-10-08T08:31:28.767000Z,ga2024twlzxn,146.3475494,-43.7817688,10,4.0448399,MLa,nan,4.076681617,0.036674421,8.443766452,0.344346282,3.180658676,1.094340566,3,0.6,12,1,4
2024-10-20T23:27:24.429000Z,ga2024utqkrj,136.0754852,-28.4962635,9.33562756,4.05313353,MLa,nan,3.863580969,0.226599811,0.525401381,0.322125209,1.610839942,0.708112867,10,0.7,12,1,5
2024-11-12T01:12:56.570000Z,ga2024widwze,150.869,-32.347,2,4.13961818,MLa,nan,4.214773851,0.235646027,1.228663329,0.42572003,1.427041196,1.008333301,32,0.8,12,1,1
2024-11-14T02:45:31.770000Z,ga2024wlyktc,115.0707474,-35.27514267,10,4.01974296,MLa,nan,4.156154727,0.270292099,1.641452074,0.786670703,1.681426327,1.590879345,75,0.7,10,1,0
2025-01-04T03:50:55.376000Z,ga2025afuvrm,141.9963379,-31.53653717,10,4.00986122,MLa,nan,4.082663344,0.145125676,5.969607431,0.454122726,2.814034317,1.515924623,25,0.5,12,1,5
2025-01-07T03:22:31.736000Z,ga2025alhbvf,125.2002029,-11.34694672,10,4.37705616,MLa,nan,4.18721917,0.13982726,19.60319192,0.53314482,3.708330927,2.15409156,12,0.8,12,1,7
2025-01-11T02:52:44.841000Z,ga2025asozrs,138.71,-32.02,10,4.47363158,Mw,nan,4.862242504,0.17314196,5.024283319,0.350853051,1.082885635,0.666535409,24,0.04,10,1,5
2025-01-19T03:12:13.349000Z,ga2025bhhlmw,117.0794144,-31.63218498,5,3.72898535,MLa,nan,3.648218072,0,2.261788509,0,3.35779439,0,1,0.05,12,1,9
2025-01-19T03:12:13.470000Z,ga2025bhhlmw,117.0794144,-31.63218498,5,3.72898535,MLa,nan,3.597062549,0.168001358,6.678306898,0.768418735,5.109400984,3.596440151,105,0.8,12,1,9
2025-01-23T23:01:17.250000Z,ga2025bqdtqo,115.4485779,-19.46229744,10,4.62040648,MLa,nan,4.169335967,0.110953439,15.01324769,0.508429757,3.46340041,1.329722232,11,0.7,12,1,3
2025-01-25T18:11:29.273000Z,ga2025btlpry,117.0932007,-31.69228935,5.83132887,3.53798513,MLa,nan,3.637544403,0,0.458670443,0,1.997133917,0,1,0.05,12,1,9
2025-01-25T18:11:29.527000Z,ga2025btlpry,117.0932007,-31.69228935,5.83132887,3.53798513,MLa,nan,3.570382687,0.190585602,1.681850601,0.695382521,3.327235941,2.294589567,100,0.8,12,1,9
2025-02-08T18:48:48.882000Z,ga2025ctfaek,138.7393494,-32.06616592,4.49898243,4.10975813,MLa,nan,4.039886531,0.111053198,6.067731601,0.402517441,2.972199743,1.293612487,22,0.7,9,1,5
2025-03-01T11:31:32.646000Z,ga2025efetvw,146.782135,-19.40003777,7.80934191,4.41124109,MLa,nan,4.20529112,0.213199349,2.989815486,0.573432603,1.940506223,1.116051886,10,0.4,12,1,6
2025-03-26T22:48:35.308000Z,ga2025fzyjcq,117.639,-31.298,2,3.80387216,MLa,nan,4.223395463,0.174067376,0.101855421,0.380823584,0.616088055,0.266851,12,0.1,10,1,9
2025-03-27T02:54:14.924000Z,ga2025gagmzg,117.639,-31.298,2,3.9859169,MLa,nan,4.271748953,0.31859935,0.118926086,0.491567638,0.613616509,0.522410268,12,0.1,10,1,9
2025-04-04T01:33:38.867000Z,ga2025govqpg,147.2058258,-35.94203568,9.79779053,3.6571378,MLa,nan,3.975785925,0.204513902,0.170020084,0.5094929,0.971895529,1.009137648,38,0.6,12,1,4
2025-04-22T16:55:02.590000Z,ga2025hxbgjh,151.088,-32.685,2,4.59603067,Mw,4.88106783,5.090524214,0.202270418,0.586764893,0.384083577,0.406978754,0.188351841,91,0.04,10,1,1
2025-05-23T16:36:13.357000Z,ga2025kbycte,147.3508453,-30.821661,10,5.26406982,MLa,nan,5.112521345,0.26603603,2.166958105,0.488219483,0.613340962,0.394132716,93,0.03,12,1,1
2025-05-28T04:53:53.513000Z,ga2025kkfmpz,150.728775,-34.15340424,2.64382505,3.57258581,MLa,nan,3.957746944,0.30063069,0.291007716,0.411988132,1.18697207,0.849092136,35,0.3,12,1,1
2025-07-29T18:01:33.012000Z,ga2025ovapyo,117.6552887,-31.27584267,1.85971153,4.73464121,MLa,nan,4.94498395,0.355085877,0.387824203,0.52281785,0.419178306,0.462489652,12,0.07,10,1,9
2025-08-15T23:49:25.842000Z,ga2025qarmrq,152.1924744,-26.25858688,10,5.56685417,MLa,5.3,5.255797689,0.131901054,2.445632066,0.550292025,0.541473657,0.353913284,51,0.05,12,1,6
2025-08-15T23:49:25.883000Z,ga2025qarmrq,152.1924744,-26.25858688,10,5.56685417,MLa,5.3,5.170429954,0,20.84523972,0,1.22029957,0,1,0.05,12,1,6
2025-08-18T11:43:53.373000Z,ga2025qfgqdm,125.8585053,-12.47460651,10,4.71655664,MLa,nan,4.620245009,0.164011935,7.908905907,0.452969755,1.664416845,0.89033814,30,0.6,8,1,7
2025-09-07T11:23:40.449000Z,ga2025rpymik,117.1889191,-30.66356277,3.73423862,3.81004403,MLa,nan,3.631226139,0.096311213,1.640908106,0.510445101,3.076763781,1.170258349,12,1,8,1,9
2025-09-15T13:05:09.742000Z,ga2025setorr,147.3789368,-30.82164764,25.03334999,3.81970806,MLa,nan,3.854707771,0.24092709,0.693886935,0.318296916,1.78547931,0.791200852,32,0.8,6,1,1
2025-09-15T16:22:51.025000Z,ga2025sfafdb,150.8545837,-32.34211349,5,3.68788596,MLa,nan,4.045861477,0.208059654,0.337609196,0.507681914,1.126902878,0.89443304,34,0.2,12,1,1
2025-09-21T06:00:22.417000Z,ga2025spfyeo,122.382637,-13.56806564,10,3.66689571,MLa,nan,3.8634484,0.093485271,1.900038282,0.434563331,2.472914235,1.136125451,11,0.5,12,1,7
2025-09-21T07:34:46.676000Z,ga2025spjbkt,122.3980713,-13.70288944,10,4.44952492,MLa,nan,4.536553338,0.130076549,5.690242094,0.395548042,1.642275635,0.864094844,11,0.2,12,1,7
2025-09-24T20:38:41.211000Z,ga2025svwfnh,146.1480713,-42.89725113,27.80903435,4.08926388,MLa,nan,4.140054868,0.166451141,1.906670015,0.717218365,1.800570852,1.371362989,12,0.7,10,1,4
2025-12-05T04:15:50.073000Z,ga2025xwtxxy,137.5804138,-29.64165688,10,4.06710772,MLa,nan,4.024636583,0.083117506,1.771360644,0.282850831,2.006610943,0.528897588,14,0.5,12,1,5
