EVENT,GAID,LON,LAT,DEP,OMAG,OMAG_TYPE,BRUNE_MAG,BRUNE_MAG_STD,STRESS_DROP,LOG_STRESS_DROP_STD,CORN_FREQ,CORN_FREQ_STD,NRECS,FMIN,FMAX
1994-02-01T05:53:08.000000Z,ga1994cfjfpg,146.352,-38.537,17,3.8,MLa,3.67,0.07,19.34,0.479,6.699,2.77,8,0.8,12
1994-08-06T11:03:51.000000Z,ga1994pjepaz,151.288,-32.924,2,4.7,MW(A12),5.3,0.21,2.13,0.474,0.49,0.309,21,0.2,10
1994-08-21T05:53:51.000000Z,ga1994qkifcs,148.364,-33.421,1,4.1,MLa,4.12,0.22,0.4,0.373,1.095,0.668,5,0.6,12
1994-08-31T20:48:30.000000Z,ga1994rdvcvz,133.321,-19.859,5,4.5,mb,3.48,0.03,0.46,0.553,2.389,0.963,3,1.2,9
1995-05-20T11:29:11.000000Z,ga1995jwaufs,150.07,-33.86,6,3.6,MLa,3.53,0.17,2.65,0.556,4.034,1.789,15,0.8,12
1995-05-28T23:12:58.000000Z,ga1995klpxsw,151.408,-32.518,4,3.5,MLa,3.55,0.12,1.09,0.615,2.938,1.84,11,0.8,12
1995-06-14T16:41:54.000000Z,ga1995lqihse,133.718,-19.782,16,4.9,ML,4.57,0.06,3.26,0.632,1.32,0.491,5,0.5,6
1996-08-13T04:30:10.000000Z,ga1996pxjivq,143.519,-30.08,2,5.1,mb,4.82,0.12,7.03,0.536,1.274,0.469,7,0.4,6
1996-08-14T09:29:07.000000Z,ga1996pzozil,143.538,-30.121,5,4.4,ML,4.2,0.11,7.71,0.577,2.692,0.74,4,0.9,10
1996-09-25T07:49:56.000000Z,ga1996syoevi,146.467,-37.877,11,4.4,MW(A12),4.62,0.24,6.5,0.507,1.567,0.962,27,0.6,10
1997-03-05T06:15:21.000000Z,ga1997emdexg,138.972,-33.823,22.8,5,mb,4.81,0.17,10.72,0.435,1.485,0.647,11,0.5,10
1997-06-27T03:20:27.000000Z,ga1997mneenh,145.955,-36.75,18,3.9,MW(A12),3.92,0.22,1.46,0.597,2.119,1.958,20,0.8,12
1997-07-21T15:10:43.000000Z,ga1997ogddrv,137.79,-32.69,10,3.8,MLa,3.74,0.21,1.67,0.492,2.735,0.919,5,0.6,12
1997-08-31T15:23:50.000000Z,ga1997rdkjbx,117.684,-31.449,5,4.6,ML,4.32,0.27,1.1,0.276,1.217,0.461,4,0.6,9
1997-09-01T09:48:37.000000Z,ga1997reuzci,123.138,-18.116,5,4.5,mb,4.01,0.17,1.84,0.805,2.069,1.977,10,0.6,10
1998-02-14T18:23:34.000000Z,ga1998deensa,148.604,-35.372,0,3.8,MW(A12),3.89,0.17,1.81,0.365,2.362,0.859,22,0.75,10
1998-02-26T14:13:04.000000Z,ga1998dzwykf,136.621,-33.347,27.7,3.8,MLa,4.1,0.11,3.61,0.524,2.338,0.953,7,0.8,12
1998-06-09T01:00:50.000000Z,ga1998lfymji,135.844,-27.939,3,4.4,ML,4.23,0.1,0.48,0.086,1.028,0.112,4,0.7,10
1998-07-17T01:22:39.000000Z,ga1998nxsupr,147.942,-36.367,21,3.9,MW(A12),4.07,0.19,6.43,0.564,2.941,1.716,12,0.8,12
1998-09-27T22:32:08.000000Z,ga1998tbndxs,144.779,-38.357,0,3.8,MLa,3.47,0.11,3.87,0.69,4.958,3.963,13,0.8,12
1998-10-16T13:46:14.000000Z,ga1998ujsnlu,147.385,-34.669,16,3.9,MLa,3.6,0.16,2.78,0.385,3.788,1.667,7,0.8,12
1998-11-02T17:09:38.000000Z,ga1998vpepry,151.146,-22.808,0,4.7,mb,4.45,0.04,1.07,0.467,1.044,0.406,4,0.8,5
1998-11-12T19:19:33.000000Z,ga1998whseln,121.83,-13.05,6,4.5,ML,4.59,0.08,11.75,0.912,1.977,0.948,3,0.6,10
1999-01-13T09:40:00.000000Z,ga1999awtyjj,146.374,-38.161,0,3.5,MW(A12),3.61,0.11,13.96,0.916,6.423,6.349,11,0.8,12
1999-03-14T00:13:31.000000Z,ga1999fcetak,147.077,-34.001,2,3.9,MW(A12),4.05,0.12,3.47,0.353,2.43,0.906,8,0.8,10
1999-03-17T01:58:10.000000Z,ga1999fhvjvs,150.77,-34.234,8,4.3,MW(A12),4.68,0.31,1.63,0.517,0.918,0.638,19,0.4,6
1999-04-15T04:55:52.000000Z,ga1999hjhimq,134.044,-19.791,6,5.1,ML,4.81,0.23,1.97,0.577,0.838,0.454,10,0.3,5
1999-05-10T10:02:25.000000Z,ga1999jdoqqx,134.017,-19.754,14,4.6,ML,4.39,0.04,1.9,0.73,1.354,0.707,6,0.7,5
1999-08-18T11:01:55.000000Z,ga1999qfffyg,138.464,-33.274,19.5,4.3,MLa,4.35,0.26,2.65,0.511,1.583,0.504,8,0.5,12
2000-03-16T13:26:29.000000Z,ga2000fisezh,146.105,-37.478,14,3.8,MLa,3.5,0.15,4.94,0.564,5.173,2.313,15,0.8,12
2000-05-14T12:39:41.000000Z,ga2000jmymov,112.901,-22.977,5,4.7,ML,4.76,0.2,1.56,0.214,0.827,0.482,5,0.5,10
2000-08-29T12:05:52.000000Z,ga2000rbibpq,146.29,-38.415,18,4.1,MW(A12),4.36,0.25,3.41,0.553,1.698,1.086,22,0.7,10
2000-10-11T19:27:17.000000Z,ga2000ucuxvl,113.066,-19.804,36.2,5.4,mb,4.97,0.15,21.37,0.396,1.547,0.817,16,0.5,9
2001-06-14T12:05:14.000000Z,ga2001lpzdhm,138.13,-31.837,18,4,MLa,4.01,0.15,6.91,0.38,3.213,0.663,8,0.8,12
2001-08-21T23:13:03.000000Z,ga2001qlqqpu,145.45,-38.183,5,3.7,MW(A12),3.52,0.16,16.17,0.698,7.538,3.662,9,1,15
2001-09-14T15:18:30.000000Z,ga2001sdciuu,133.879,-19.702,11,4.9,ML,4.38,0.26,14.91,0.571,2.712,0.246,4,0.7,5
2001-09-28T02:54:56.000000Z,ga2001tbvwjr,117.061,-30.536,2.3,5.2,ML,4.56,0.31,1.25,0.348,0.969,0.25,4,0.6,5
2001-10-01T04:52:15.000000Z,ga2001thmycu,117.049,-30.525,0.4,3.8,MLa,3.89,0.3,0.67,0.34,1.699,1.269,10,0.5,8
2001-10-05T14:55:54.000000Z,ga2001tppvuz,117.056,-30.506,0.8,3.7,MLa,4.01,0.27,0.44,0.219,1.277,0.677,5,0.6,12
2001-10-19T17:43:23.000000Z,ga2001upnolt,120.593,-33.608,0,5.2,ML,5.05,0.14,13.67,0.302,1.211,0.614,5,0.04,4
2001-10-27T07:58:48.000000Z,ga2001vdlztj,143.69,-35.356,16.5,4.2,MW(A12),4.33,0.24,9.94,0.543,2.517,1.412,18,0.5,6
2001-11-23T03:33:32.000000Z,ga2001xaruxy,148.31,-33.901,4.2,3.8,MLa,3.94,0.24,0.61,0.422,1.554,0.787,17,0.8,12
2001-12-25T00:56:49.000000Z,ga2001zhfwaz,117.069,-30.531,1.2,4,MLa,4.34,0.21,1.1,0.367,1.195,0.494,6,0.6,12
2001-12-28T16:31:36.000000Z,ga2001znyafg,117.068,-30.533,2.4,4.2,MW(Aea06),4.57,0.33,0.9,0.289,0.855,0.197,8,0.4,8
2002-02-07T12:48:57.000000Z,ga2002cqxjev,143.886,-40.356,10,4.5,ML,4.53,0.25,1.23,0.284,0.999,0.363,6,0.5,9
2002-02-14T13:27:20.000000Z,ga2002dduskz,150.744,-34.524,5,3.5,MW(A12),3.59,0.15,4.88,0.527,4.618,3.279,16,0.7,10
2002-03-05T01:47:38.000000Z,ga2002eluifc,117.049,-30.499,0.5,4.5,MW(Aea06),4.57,0.2,1.5,0.263,1.014,0.246,7,0.1,12
2002-03-05T03:29:57.000000Z,ga2002elxsjm,117.062,-30.508,0.4,4.2,MW(Aea06),4.41,0.35,1.07,0.269,1.086,0.587,8,0.6,9
2002-03-23T13:16:22.000000Z,ga2002ftsfnx,117.054,-30.521,1.7,4.4,MW(Aea06),4.54,0.35,1.28,0.206,0.998,0.46,11,0.3,12
2002-03-30T21:15:46.000000Z,ga2002gheeuy,117.049,-30.519,0.8,4.6,MW(Aea06),4.79,0.28,2.48,0.482,0.931,0.686,13,0.1,10
2002-04-18T18:02:07.000000Z,ga2002hpuorb,117.06,-30.533,2.4,3.8,MW(Aea06),3.92,0.15,0.91,0.551,1.811,0.946,12,0.3,12
2002-06-13T18:46:18.000000Z,ga2002loqsak,113.971,-19.46,14.7,4.4,ML,3.91,0.18,49.47,0.605,6.913,5.549,3,0.8,12
2002-06-15T21:18:42.000000Z,ga2002lsnfcq,147.425,-42.124,10,4.3,MLa,4.14,0.36,1.12,0.514,1.513,1.487,6,0.8,12
2002-06-23T11:21:12.000000Z,ga2002mglfgw,117.06,-30.543,0.5,3.8,MLa,4.03,0.2,0.67,0.587,1.436,1.201,11,0.3,10
2002-08-22T21:23:03.000000Z,ga2002qnissd,148.354,-33.865,3,3.6,MW(A12),3.94,0.3,0.49,0.469,1.433,0.818,23,0.6,12
2002-09-24T07:42:57.000000Z,ga2002suwnbc,146.083,-38.67,3.4,3.7,MW(A12),4.06,0.27,0.44,0.762,1.218,1.132,16,0.6,12
2002-10-08T15:54:52.000000Z,ga2002tvezgt,115.498,-25.263,5,4.5,ML,4.2,0.23,4.07,0.297,2.168,0.854,8,0.6,8
2003-11-22T18:36:02.000000Z,ga2003wzzztj,138.729,-31.645,15.8,4.2,MLa,4.05,0.21,3.04,0.624,2.345,1.965,18,0.3,12
2003-12-05T22:26:23.000000Z,ga2003xyebru,126.745,-18.225,0,4.8,ML,4.33,0.21,16.61,0.36,2.97,1.618,9,0.6,6
2003-12-11T10:19:20.000000Z,ga2003yigils,150.444,-34.485,5,4.2,ML,4,0.16,4.46,0.5,2.821,1.26,23,0.7,12
2004-02-11T09:17:58.000000Z,ga2004cxzgxi,129.871,-22.738,12.8,5,ML,4.71,0.23,2.8,0.368,1.064,0.43,13,0.5,10
2004-02-11T09:30:39.000000Z,ga2004cxzrvm,129.823,-22.68,12.5,5.4,ML,5.07,0.29,2.52,0.316,0.679,0.335,19,0.7,10
2004-03-05T00:11:29.000000Z,ga2004enmwfu,127.034,-32.472,0,4.4,ML,4.3,0.14,2.69,0.363,1.681,0.45,9,0.6,10
2004-11-24T02:42:59.000000Z,ga2004xehpdd,117.472,-30.633,0,4.2,MW(Aea06),4.31,0.32,1.72,0.298,1.43,0.389,7,0.5,7
2005-03-03T10:57:01.000000Z,ga2005eivbwe,139.139,-30.899,21.4,4,ML,3.57,0.28,0.42,0.645,2.109,1.5,10,0.7,5
2005-03-13T02:09:49.000000Z,ga2005famwje,131.644,-26.155,5,4.6,ML,4.56,0.17,5.41,0.613,1.574,0.645,10,0.6,10
2005-05-14T19:53:05.000000Z,ga2005jlrdee,139.153,-31,13.7,4.5,ML,4.41,0.23,3.25,0.514,1.577,0.5,21,0.5,6
2005-05-18T23:39:47.000000Z,ga2005jthoaw,119.374,-20.108,25.8,4.6,ML,4.25,0.22,6.45,0.574,2.377,1.899,8,0.7,10
2005-06-12T10:51:19.000000Z,ga2005lmffvp,117.108,-30.802,2.3,4.3,MLa,3.44,0.2,1.92,0.489,4.063,1.533,6,0.8,12
2005-06-12T20:36:44.000000Z,ga2005lmyqht,117.03,-30.558,7.6,4.5,ML,3.86,0.22,1.98,0.367,2.514,0.592,5,1.1,10
2005-09-14T05:12:22.000000Z,ga2005scigmm,134.102,-19.868,10,4.4,ML,4.42,0.2,8.36,0.648,2.133,0.552,6,0.6,6
2005-09-22T03:52:59.000000Z,ga2005sqxlcz,117.173,-30.126,3,4.1,ML,4.21,0.23,0.51,0.237,1.076,0.586,5,0.6,5
2006-02-04T16:31:57.000000Z,ga2006clrosl,148.183,-37.564,2.2,3.9,MLa,3.91,0.22,1.67,0.671,2.258,1.334,8,0.8,12
2006-05-13T01:04:46.000000Z,ga2006jijzzp,135.723,-27.657,7.1,5.1,ML,4.25,0.16,2.75,0.313,1.793,0.301,4,0.5,7
2006-06-06T15:34:09.000000Z,ga2006lboghd,117.44,-25.032,5.5,4.5,ML,4.14,0.15,1.53,0.344,1.67,0.444,9,0.6,8
2006-10-21T09:51:49.000000Z,ga2006uspjwe,149.16,-34.036,15,4.2,ML,4,0.2,3.96,0.477,2.701,1.133,8,0.8,5
2006-12-14T17:23:05.000000Z,ga2006yohogj,143.563,-42.791,27,4.4,ML,4.45,0.3,0.44,0.32,0.776,0.525,6,0.6,5
2007-02-15T15:38:36.000000Z,ga2007dfuukw,113.276,-25.967,18.5,5.3,Mwp,4.58,0.1,11.92,0.229,1.998,0.526,8,0.5,6
2007-03-08T02:34:11.000000Z,ga2007erjays,145.74,-37.9,9.7,3.5,MLa,3.63,0.15,4.4,0.576,4.281,2.231,16,0.8,12
2007-06-30T14:06:35.000000Z,ga2007mtmtyk,117.157,-30.77,8.4,3.8,MLa,3.24,0.1,0.52,0.214,3.298,1.017,5,1,12
2007-08-28T15:33:04.000000Z,ga2007qxxmkd,115.942,-35.429,17.9,4.6,ML,4.32,0.09,6.36,0.295,2.177,0.544,8,0.5,8
2007-09-16T23:18:34.000000Z,ga2007shjsgi,138.523,-31.392,32.5,4.8,ML,4.31,0.13,19.75,0.812,3.213,2.093,14,0.7,7
2007-10-09T23:58:40.000000Z,ga2007txqtbb,117.505,-33.946,0,4.8,ML,4.73,0.31,0.96,0.161,0.728,0.219,5,0.5,8
2007-11-19T20:01:01.000000Z,ga2007wupqit,143.735,-12.336,24.4,4.8,mb,4.82,0.13,1.59,0.66,0.773,0.355,10,0.2,8
2007-12-26T15:36:11.000000Z,ga2007zkesrx,138.383,-32.086,16.4,4.7,ML,4.48,0.19,3.35,0.515,1.461,0.88,33,0.04,6
2008-03-31T08:27:48.000000Z,ga2008gjweup,112.332,-27.666,17.7,4.4,ML,4.3,0.17,0.72,0.265,1.079,0.492,5,0.6,6
2008-07-09T23:45:20.000000Z,ga2008nmpfma,125.223,-26.034,1.4,4.5,ML,3.87,0.16,1.46,0.367,2.236,0.82,7,0.8,12
2008-07-29T11:09:20.000000Z,ga2008owirpq,122.11,-14.55,0,4.5,ML,4.45,0.11,0.3,0.323,0.681,0.202,6,0.4,4
2009-01-26T00:29:19.000000Z,ga2009btydgx,139.029,-32.757,10,4.5,ML,4.2,0.12,5.84,0.588,2.435,1.336,19,0.5,10
2009-01-30T17:33:11.000000Z,ga2009ccozby,117.774,-30.212,0,4.1,ML,4.31,0.16,0.27,0.05,0.771,0.232,5,0.4,10
2009-01-31T08:47:03.000000Z,ga2009cdtgox,117.784,-30.23,2.1,3.8,MW(G16),4.4,0.24,0.29,0.16,0.708,0.364,6,0.4,10
2009-01-31T11:55:21.000000Z,ga2009cdzmvt,117.798,-30.215,0,4.4,ML,4.2,0.34,0.34,0.328,0.944,0.433,6,0.7,10
2009-02-01T00:42:40.000000Z,ga2009ceyybh,117.819,-30.209,0,4,ML,3.99,0.16,0.15,0.322,0.922,0.374,5,0.6,10
2009-02-01T21:57:40.000000Z,ga2009cgpetk,117.795,-30.214,0,4,ML,4.11,0.21,0.14,0.206,0.77,0.317,5,0.6,10
2009-03-05T12:53:51.000000Z,ga2009emqkho,117.774,-30.208,0,4,MW(G16),4.63,0.25,0.21,0.419,0.493,0.349,6,0.5,5
2009-03-06T01:35:59.000000Z,ga2009enpraz,121.252,-16.314,0,5.1,ML,4.36,0.06,5.07,0.467,1.934,0.755,8,0.4,8
2009-03-06T09:55:36.000000Z,ga2009eogfou,145.839,-38.445,14.8,4.4,MW(A12),4.76,0.39,0.89,0.65,0.685,0.81,21,0.4,10
2009-03-18T05:28:17.000000Z,ga2009fjybuf,145.822,-38.425,15,4.3,MW(A12),4.65,0.3,1.07,0.671,0.827,0.884,25,0.4,10
2009-04-08T05:31:50.000000Z,ga2009gwmlih,116.881,-34.148,0,4.1,ML,3.98,0.17,1.22,0.181,1.87,0.581,4,1,8
2009-06-25T15:16:49.000000Z,ga2009mkkmbo,117.468,-30.619,0,4.2,ML,4.09,0.35,0.56,0.293,1.273,0.608,4,0.7,10
2009-08-12T04:56:54.000000Z,ga2009ptsucv,137.469,-38.799,10,4.5,ML,4.01,0.17,2.36,0.266,2.259,0.706,5,1,8
2010-04-20T00:17:09.000000Z,ga2010hscssm,121.489,-30.787,1.8,4.1,MW(G16),4.65,0.13,2.31,0.289,1.064,0.277,9,0.2,5
2010-06-05T21:47:00.000000Z,ga2010laewrw,136.714,-33.559,15,4.8,ML,4.5,0.16,2.18,0.521,1.247,0.692,20,0.5,5
2010-07-30T21:29:22.000000Z,ga2010oxdfxj,138.141,-32.175,10,4.2,ML,3.88,0.15,1.69,0.393,2.347,0.84,13,0.7,9
2010-09-29T09:09:25.000000Z,ga2010tedzyu,143.752,-29.568,0,4,MLa,3.89,0.04,5.38,0.643,3.395,1.458,4,0.7,12
2010-10-10T02:30:18.000000Z,ga2010txvtsj,139.961,-32.902,0,4.1,ML,4.08,0.11,1.4,0.382,1.745,0.561,11,0.6,10
2010-10-27T14:18:02.000000Z,ga2010vdyonz,143.594,-29.438,7.3,4.4,ML,4.32,0.13,2.64,0.528,1.629,1.096,17,0.5,10
2011-01-15T00:38:01.000000Z,ga2011aztlcc,136.467,-33.573,0.9,3.9,MLa,3.56,0.15,1.87,0.536,3.491,1.19,8,0.8,12
2011-02-21T21:59:36.000000Z,ga2011drhuaj,135.42,-20.903,0.6,4.4,ML,4.3,0.17,3.48,0.628,1.828,1.177,19,0.5,7
2011-04-16T05:31:18.000000Z,ga2011hlefxk,147.764,-20.085,7.1,5.3,MW(A12),5.22,0.2,4.22,0.423,0.674,0.286,21,0.02,5
2011-04-16T07:06:52.000000Z,ga2011hlhkgo,147.679,-20.17,0,4.1,MLa,4.18,0.12,0.6,0.445,1.168,0.491,4,0.8,5
2011-04-17T18:41:20.000000Z,ga2011hoadou,113.525,-19.803,30,5.3,mb,5.1,0.06,33.14,0.273,1.553,0.268,8,0.03,7
2011-05-20T20:03:29.000000Z,ga2011jwrvkm,119.332,-23.46,9.2,4.5,mb,4.52,0.16,3.33,0.403,1.403,0.64,10,0.8,10
2011-07-05T01:32:11.000000Z,ga2011nbskgr,145.839,-38.412,2.3,4.4,ML,4.41,0.26,1.19,0.482,1.125,0.739,20,0.6,8
2011-07-14T05:51:36.000000Z,ga2011nsonsu,120.356,-20.865,12,4.5,ML,4.36,0.07,6.26,0.534,2.085,0.868,12,0.5,10
2011-09-04T11:15:11.000000Z,ga2011rklaim,138.713,-33.079,2,3.8,MLa,3.72,0.13,1.82,0.164,2.887,0.532,6,0.8,12
2011-09-17T16:28:27.000000Z,ga2011sirvsq,147.728,-20.184,5.5,4,MLa,4.16,0.29,1.72,0.247,1.709,0.716,4,0.4,10
2011-12-05T19:10:00.000000Z,ga2011xxxolw,114.416,-21.514,15,5.1,ML,5.47,0.16,5.55,0.258,0.555,0.142,13,0.03,2
2012-03-21T17:07:09.000000Z,ga2012fsednr,136.001,-28.231,0,3.9,MLa,3.56,0.09,0.66,0.237,2.463,0.559,3,1.2,12
2012-03-23T09:25:19.000000Z,ga2012fvghie,132.124,-26.124,0,5.1,MW(G16),5.48,0.2,0.96,0.436,0.306,0.168,40,0.03,4
2012-03-25T20:53:20.000000Z,ga2012fzunyv,136.821,-30.324,0,3.9,MLa,3.72,0.16,0.22,0.429,1.423,0.642,6,0.8,12
2012-04-19T19:09:16.000000Z,ga2012htoghh,148.603,-35.231,4,3.7,MLa,3.65,0.26,1.51,0.653,2.924,1.561,22,0.8,12
2012-06-08T11:31:00.000000Z,ga2012lgtjkb,150.413,-30.759,0,4.2,ML,4.4,0.18,1.17,0.546,1.137,0.717,17,0.3,10
2012-06-19T10:53:29.000000Z,ga2012maxctf,146.29,-38.259,18,5.1,MW(A12),5.27,0.2,2.46,0.554,0.533,0.388,44,0.03,10
2012-06-22T09:16:03.000000Z,ga2012mghbkx,148.644,-34.108,14.3,3.7,MLa,3.78,0.12,1.9,0.517,2.721,1.216,23,0.8,12
2012-07-20T09:11:30.000000Z,ga2012ofrgdr,146.215,-38.231,12,4.3,MW(A12),4.53,0.24,1.41,0.72,1.038,0.952,32,0.35,10
2012-11-05T19:31:49.000000Z,ga2012vwsftb,129.045,-11.546,39.3,4.5,mb,3.93,0.12,67.65,0.576,7.498,3.595,4,0.8,8
2012-11-29T19:21:18.000000Z,ga2012xothuq,140.659,-27.756,5,3.9,MLa,4,0.19,1.12,0.563,1.779,0.881,5,0.8,12
2013-06-09T14:22:15.000000Z,ga2013lgzayw,131.994,-26.11,0,5.3,MW(G16),5.47,0.2,2.39,0.62,0.419,0.318,43,0.04,8
2013-07-18T11:39:11.000000Z,ga2013oaiytv,133.885,-19.821,9.5,4.2,MLa,4.09,0.29,3.87,0.727,2.406,2.366,4,0.8,12
2013-10-07T20:15:41.000000Z,ga2013ttrxdk,150.762,-34.172,0,3.5,MLa,3.9,0.16,0.15,0.335,1.029,0.565,19,0.8,10
2014-02-26T00:00:07.000000Z,ga2014dyurkb,121.187,-30.679,0.1,4.2,MW(G16),4.9,0.26,0.31,0.304,0.411,0.343,46,0.07,10
2014-04-29T09:54:56.000000Z,ga2014ijjknn,139.541,-32.796,12.6,4.1,MW(G16),4.38,0.14,3.88,0.531,1.725,0.94,24,0.6,10
2014-06-04T02:29:09.000000Z,ga2014kwwubq,137.71,-29.867,12.7,4.6,ML,4.39,0.13,3.13,0.324,1.589,0.47,15,0.5,10
2014-09-26T15:38:16.000000Z,ga2014szdskg,119.534,-20.1,10,4.6,mb,4.19,0.08,1.76,0.438,1.653,0.522,6,0.5,10
2014-10-31T19:15:25.000000Z,ga2014vlriii,121.232,-30.815,10,4.5,mb,4.34,0.22,0.16,0.635,0.624,0.628,37,0.3,8
2014-12-02T16:34:40.000000Z,ga2014xsffza,145.846,-38.418,8.8,3.4,MLa,3.56,0.14,0.33,0.738,1.964,1.495,19,0.9,12
2014-12-03T19:05:10.000000Z,ga2014xufynv,145.442,-38.102,10,3.3,MLa,3.41,0.11,0.75,0.644,3.061,1.921,14,0.8,12
2015-02-15T15:57:09.000000Z,ga2015dfvkkl,151.436,-25.146,12.5,4.8,MW(G16),5.09,0.13,3.26,0.42,0.72,0.331,38,0.02,10
2015-02-16T05:56:49.000000Z,ga2015dgxfza,151.459,-25.054,0,4,MLa,3.78,0.13,10.05,0.268,4.749,0.974,8,0.8,12
2015-07-29T23:41:43.000000Z,ga2015ovlxbt,154.411,-25.353,13,5.4,Mwp,5.67,0.23,0.62,0.422,0.212,0.168,38,0.03,6
2015-08-01T03:38:45.000000Z,ga2015ozlfce,154.433,-25.383,13,5.3,Mwp,5.57,0.15,0.54,0.43,0.227,0.138,38,0.03,6
2015-08-01T04:46:26.000000Z,ga2015oznlkq,154.274,-25.376,30,5.1,mb,5.14,0.22,0.65,0.422,0.397,0.29,29,0.03,6
2015-09-17T02:44:55.000000Z,ga2015shqobo,142.419,-39.839,10,4.8,mb,4.5,0.12,1.28,0.411,1.046,0.435,22,0.5,8
2015-10-07T20:30:11.000000Z,ga2015ttsjqh,121.888,-17.192,0,4.5,ML,4.22,0.16,9.8,0.79,2.841,2.677,8,0.4,8
2015-10-13T06:54:56.000000Z,ga2015udrskb,120.751,-22.569,13.3,4,MW(G16),4.44,0.04,1.4,0.521,1.152,0.458,8,0.4,10
2015-11-03T01:07:44.000000Z,ga2015vpulrr,133.938,-19.784,10.8,3.9,MLa,3.99,0.07,0.47,0.317,1.338,0.644,4,0.8,12
2016-01-30T17:39:14.000000Z,ga2016ccpehm,149.08,-35.91,7.2,3.6,MLa,3.61,0.19,1.23,0.568,2.857,1.904,30,0.8,12
2016-04-28T16:52:44.000000Z,ga2016ijxgog,133.888,-19.77,10,4,MLa,3.9,0.25,1.29,0.4,2.086,0.991,5,0.8,12
2016-05-10T09:44:35.000000Z,ga2016jfjuef,118.69,-16.397,0,5.3,mb,4.91,0.07,6.39,0.478,1.109,0.535,13,0.03,8
2016-05-20T18:14:02.000000Z,ga2016jyjxze,129.832,-25.579,0,6.1,Mwp,6.08,0.28,6.2,0.563,0.286,0.292,82,0.03,7
2016-05-21T08:46:18.000000Z,ga2016jzmvqc,129.837,-25.601,0,4.1,MLa,4,0.11,2.47,0.266,2.308,0.55,6,0.8,12
2016-05-28T15:30:26.000000Z,ga2016kmwiau,122.466,-32.497,0,5,ML,5.08,0.15,1.39,0.339,0.548,0.25,22,0.02,10
2016-05-28T16:38:44.000000Z,ga2016kmyoxb,122.438,-32.46,0,5.1,ML,5.09,0.18,2.38,0.403,0.648,0.307,20,0.02,10
2016-06-07T00:02:19.000000Z,ga2016leavbj,152.503,-33.502,0,4,ML,4,0.16,0.73,0.581,1.541,1.149,12,0.8,8
2016-06-08T02:01:09.000000Z,ga2016lgamis,122.493,-32.506,0,4.4,MLa,4.25,0.09,2.58,0.396,1.759,0.944,7,0.8,12
2016-06-19T01:54:09.000000Z,ga2016maffzo,136.45,-35.916,10,4.5,ML,4.22,0.13,3.85,0.486,2.085,1.579,9,0.5,10
2016-07-08T09:40:50.000000Z,ga2016njrMW(G16),122.511,-32.458,0,5.6,ML,5.17,0.15,6.8,0.48,0.838,0.334,23,0.02,10
2016-07-14T10:08:55.000000Z,ga2016nusuiu,122.433,-32.536,0,4.2,MLa,4.1,0.09,4.16,0.418,2.441,1.06,9,0.6,12
2016-07-16T11:44:49.000000Z,ga2016nynkte,122.436,-32.501,0,4,ML,3.86,0.17,5.64,0.526,3.56,2.589,7,0.8,12
2016-08-13T15:31:13.000000Z,ga2016pyfgmi,152.867,-23.821,10,4.4,ML,4.76,0.17,0.35,0.541,0.5,0.386,48,0.04,5
2016-08-18T04:30:07.000000Z,ga2016qgnzey,148.863,-19.768,0,5.8,Mwp,5.85,0.16,20.89,0.614,0.558,0.378,82,0.03,5
2016-09-05T16:23:37.000000Z,ga2016romrwq,122.22,-32.419,0,4.2,ML,3.99,0.12,4.07,0.604,2.765,2.37,12,0.6,12
2016-11-06T09:54:31.000000Z,ga2016vxuvdr,127.987,-19.106,10,5.1,ML,4.8,0.18,6.64,0.623,1.282,0.983,25,0.4,10
2017-01-03T15:30:19.000000Z,ga2017aewhlh,118.455,-30.609,10,4.2,ML,3.99,0.23,0.88,0.353,1.649,0.663,7,1,10
2017-01-31T19:40:15.000000Z,ga2017ceoxls,146.225,-38.455,10,3.5,MLa,3.64,0.14,0.48,0.667,2.017,1.426,26,0.8,12
2017-04-04T03:55:53.000000Z,ga2017gpajda,128.939,-25.903,10,4,MLa,3.83,0.08,2.03,0.215,2.638,0.667,4,0.8,12
2017-04-13T16:31:05.000000Z,ga2017hgmxvb,148.956,-33.464,0,4.3,ML,4.53,0.3,0.28,0.379,0.608,0.395,33,0.35,7
2017-05-15T19:12:42.000000Z,ga2017jnlngh,123.588,-27.167,10,3.9,MLa,3.78,0.12,2.6,0.397,3.023,1.081,7,0.8,12
2017-08-06T04:21:50.000000Z,ga2017pirgpw,128.018,-19.134,10,5,ML,4.84,0.19,3.57,0.441,0.989,0.58,27,0.25,10
2017-08-31T08:07:10.000000Z,ga2017rcvwum,117.215,-30.461,10,3.9,MLa,4.13,0.24,0.31,0.231,0.993,0.515,7,0.6,8
2018-01-24T02:28:20.000000Z,ga2018bqkqbr,153.026,-30.645,10,4.2,ML,4.26,0.09,2.03,0.463,1.606,0.95,17,0.5,8
2018-05-12T00:50:56.000000Z,ga2018jgnveu,139.331,-28.798,10,4.1,MLa,4.04,0.12,1.57,0.377,1.893,0.586,17,0.5,10
2018-06-20T02:54:32.154000Z,ga2018mahejo,122.424,-32.668,10,4.7,ML,4.66,0.08,1.6,0.315,0.932,0.307,16,0.3,12
2018-07-01T02:27:40.759000Z,ga2018mulipo,136.679,-33.606,10,3.7,ML,3.53,0.13,1.32,0.665,3.211,2.112,20,0.8,12
2018-07-22T02:46:01.508000Z,ga2018ohacqd,148.963,-33.474,10,3.8,ML,3.68,0.11,0.85,0.381,2.34,0.826,22,1.2,12
2018-09-10T21:55:20.741000Z,ga2018rwgpgw,122.615,-12.834,18.5,4.8,mb,4.04,0.22,2.94,0.466,2.338,1.305,25,0.8,8
2018-09-14T21:51:47.119000Z,ga2018sdphry,150.826,-32.34,1,3.5,ML,3.66,0.14,0.39,0.444,1.851,0.896,20,0.8,10
2018-09-16T04:56:24.116000Z,ga2018sfzeme,116.78,-34.43,1.7,5.3,Mw,5.41,0.19,3.79,0.535,0.526,0.297,49,0.04,5
2018-09-20T22:20:04.975000Z,ga2018soqjir,116.826,-34.415,8.1,3.7,ML,3.76,0.37,0.12,0.359,1.109,0.637,9,1,10
2018-10-12T16:31:29.048000Z,ga2018ucpciy,116.787,-34.423,5.8,4.6,ML,4.54,0.16,0.81,0.468,0.849,0.452,21,0.6,8
2018-11-08T10:59:09.528000Z,ga2018vzsrsz,116.799,-34.42,3,3.8,ML,3.78,0.11,0.71,0.818,1.969,1.642,7,0.6,10
2018-11-08T21:07:00.006000Z,ga2018wamvnf,116.787,-34.423,3,5.2,Mw,5.47,0.24,2.93,0.393,0.448,0.178,51,0.04,5
2018-11-21T15:58:50.991000Z,ga2018wxzblb,136.846,-33.361,10,3.7,ML,3.71,0.21,0.91,0.557,2.317,1.505,21,0.7,10
2018-12-16T14:26:21.333000Z,ga2018yrtdrs,112.623,-23.304,10,5.9,Mw,6.04,0.23,12.34,0.424,0.377,0.329,45,0.04,3
2019-01-13T19:43:09.047000Z,ga2019axnyeq,118.517,-33.957,10,3.6,ML,3.14,0.1,1.33,0.81,5.071,4.283,10,1.5,10
2019-02-01T08:28:19.788000Z,ga2019cfojhl,113.302,-24.501,10,4.4,ML,4.24,0.22,12.16,0.447,2.987,2.242,25,0.7,10
2019-05-30T02:26:50.969000Z,ga2019knsbtf,131.859,-21.281,10,5.4,ML,5.2,0.2,8.3,0.499,0.866,0.497,163,0.04,10
2019-05-30T07:38:53.830000Z,ga2019kockqs,131.923,-21.328,10,4.3,ML,4.22,0.15,9.73,0.584,2.841,1.642,106,0.4,10
2019-06-20T14:30:09.393000Z,ga2019mbehlj,119.335,-33.1,10,4.3,ML,3.8,0.1,1.67,0.224,2.55,0.459,6,1.3,10
2019-06-23T13:47:23.980000Z,ga2019mgqbes,120.031,-30.721,10,3.8,ML,3.55,0.06,2.51,0.418,3.908,1.371,7,0.9,19
2019-07-14T05:39:24.991000Z,ga2019nsodfc,120.295,-18.262,20,6.6,Mww,6.6,0.19,23.92,0.326,0.246,0.114,57,0.01,7
2019-07-14T07:26:37.287000Z,ga2019nsrrqq,120.426,-18.207,15.8,4.6,ML,4.58,0.2,7.08,0.506,1.682,1.184,54,0.5,10
2019-07-14T21:33:54.935000Z,ga2019ntttsx,120.568,-18.365,21.9,4.4,ML,4.42,0.18,3.67,0.435,1.632,0.849,50,0.4,10
2019-07-14T23:01:36.282000Z,ga2019ntwrhw,120.281,-18.282,10,4.7,Mw,5.17,0.14,10.36,0.419,0.972,0.419,56,0.04,10
2019-07-17T10:20:12.812000Z,ga2019nykpwb,120.363,-18.526,21.5,4.4,ML,4.25,0.19,5.73,0.542,2.298,1.427,51,0.6,10
2019-07-25T19:06:13.545000Z,ga2019ontweu,120.259,-18.263,10,4.5,ML,4.43,0.17,4.69,0.544,1.733,1.069,52,0.4,10
2019-08-01T01:22:15.845000Z,ga2019ozgrmh,133.849,-19.822,5,5,Mw,5.3,0.2,3.95,0.412,0.607,0.32,175,0.04,8
2019-08-01T16:49:18.002000Z,ga2019palktq,117.556,-34.698,10,3.8,ML,3.58,0.07,0.52,0.284,2.232,0.577,6,1.3,10
2019-08-01T23:03:57.005000Z,ga2019paxvfc,120.264,-18.284,10,4.8,ML,4.64,0.17,11.49,0.443,1.846,1.005,52,0.3,10
2019-08-12T19:11:47.373000Z,ga2019puvcuy,120.579,-21.414,10,4.6,ML,4.24,0.16,6.47,0.513,2.402,1.234,51,0.4,10
2019-08-18T11:38:41.661000Z,ga2019qfglqd,151.9,-20.95,10,4.5,ML,4.45,0.08,2.04,0.62,1.287,0.683,5,0.3,6
2019-08-31T21:00:25.481000Z,ga2019rdvncw,134.356,-35.361,10,4,MLa,4.08,0.18,1.01,0.487,1.571,0.868,22,0.6,8
2019-09-11T09:01:00.956000Z,ga2019rxcqxd,127.487,-23.526,10,4,MLa,3.82,0.19,9.76,0.644,4.488,3.623,38,0.8,12
2019-12-16T04:27:39.851000Z,ga2019yqzhvl,150.89,-32.326,10,3.8,ML,3.79,0.13,1,0.571,2.183,1.139,11,1.2,10
2019-12-16T05:29:42.159000Z,ga2019yrbjfq,150.836,-32.348,10,4.4,ML,4.62,0.26,0.47,0.449,0.648,0.446,33,0.04,8
2020-04-15T07:11:04.955000Z,ga2020hlhnxn,148.712,-19.87,10,5,ML,4.94,0.17,1.59,0.545,0.678,0.431,28,0.03,6
2020-05-02T17:48:38.026000Z,ga2020iriaiq,150.87,-32.35,10,3.9,ML,3.87,0.11,1.04,0.489,2.006,1.032,18,0.55,8
2020-05-14T05:53:34.681000Z,ga2020jmlaqc,138.802,-33.711,10,4.3,MLa,4.17,0.17,4.01,0.523,2.219,1.13,24,0.5,12
2020-08-23T03:00:52.164000Z,ga2020qppqrr,146.267,-20.988,10,4.8,ML,4.63,0.18,2.77,0.5,1.16,0.811,18,0.3,10
2020-09-25T14:28:55.023000Z,ga2020szbkji,150.694,-30.574,10,3.6,ML,3.71,0.11,1.47,0.616,2.723,1.8,14,0.9,8
2020-09-29T12:11:42.641000Z,ga2020tgftxc,117.185,-21.321,10,4,MLa,4.15,0.16,3.24,0.055,2.12,0.302,3,0.6,12
2021-01-29T19:47:55.945000Z,ga2021caxsis,121.801,-13.955,10,5.6,Mw,5.66,0.19,3.31,0.427,0.377,0.201,26,0.03,4
2021-02-07T09:41:31.404000Z,ga2021cqrdrt,150.842,-32.341,0.7,3.5,ML,3.83,0.23,0.24,0.443,1.291,0.757,18,1.1,12
2021-03-12T13:57:43.064000Z,ga2021ezopso,129.447,-22.303,10,4.2,ML,4.17,0.17,3.47,0.639,2.135,1.093,14,0.9,10
2021-06-22T19:09:41.451000Z,ga2021mffacg,143.58,-38.906,10,3.6,ML,4.03,0.16,0.15,0.552,0.871,0.71,11,0.5,5
2021-06-24T06:57:02.751000Z,ga2021mhyeok,120.18,-18.328,10,5.1,Mw,5.22,0.27,8.1,0.486,0.844,0.763,31,0.03,7
2021-06-24T18:30:26.389000Z,ga2021mivear,141.635,-31.541,10,3.6,ML,3.84,0.19,2.44,0.361,2.772,1.676,24,0.6,8
2021-06-26T22:12:14.518000Z,ga2021mmtyxy,113.863,-22.96,10,4.7,ML,4.79,0.22,2.21,0.286,0.895,0.31,22,0.1,6
2021-07-19T08:12:48.073000Z,ga2021obxvvc,117.277,-30.951,5,3.5,ML,3.84,0.31,0.09,0.292,0.919,0.56,17,0.7,8
2021-09-21T23:15:53.776000Z,ga2021sqogij,146.348,-37.492,10,5.9,Mw,5.93,0.2,17.54,0.457,0.482,0.295,65,0.03,5
2021-09-21T23:33:38.777000Z,ga2021sqovqr,146.288,-37.473,11.1,4.1,ML,4.17,0.17,1.37,0.373,1.554,0.739,17,0.9,8
2021-10-08T16:47:26.216000Z,ga2021tvgsoo,141.021,-35.408,1.7,4.8,ML,4.84,0.22,2.27,0.438,0.855,0.51,50,0.05,8
2021-11-13T13:05:52.663000Z,ga2021wjbnip,119.842,-21.13,35,5.3,Mw,5.24,0.26,16.91,0.421,1.051,0.869,55,0.03,6
2022-01-05T11:37:01.343000Z,ga2022aigaei,117.02,-33.34,6.9,4,ML,4.2,0.25,0.12,0.508,0.66,0.508,19,0.5,5
2022-01-22T07:40:49.206000Z,ga2022bndnpd,117.059,-33.313,8.3,3.8,ML,3.95,0.32,0.28,0.447,1.193,0.622,20,0.4,10
2022-01-22T07:57:32.304000Z,ga2022bnebzv,117.044,-33.323,9.7,3.5,ML,3.78,0.22,0.15,0.484,1.178,0.682,24,0.6,10
2022-01-24T21:24:47.666000Z,ga2022brwhkb,117.021,-33.349,1.9,4.8,ML,4.73,0.24,0.85,0.464,0.694,0.426,28,0.05,8
2022-01-24T21:50:09.468000Z,ga2022brxdgl,117.027,-33.331,5,3.5,ML,3.81,0.29,0.2,0.442,1.245,0.7,23,0.6,10
2022-02-01T10:41:03.626000Z,ga2022cfstsd,117.034,-33.345,5,4.3,ML,4.46,0.22,0.13,0.354,0.513,0.343,20,0.1,8
2022-03-05T20:50:08.501000Z,ga2022engesz,138.857,-35.098,26.1,3.7,ML,3.68,0.14,4.12,0.468,3.932,1.893,19,0.6,7
2022-07-02T13:01:59.499000Z,ga2022mxcccc,121.29,-30.668,10,3.5,ML,3.59,0.17,0.71,0.488,2.441,1.507,23,1,10
2022-07-24T14:21:39.582000Z,ga2022oloscs,130.045,-17.07,10,4.2,ML,4.17,0.23,2.07,0.634,1.791,1.442,25,0.4,10
2022-08-21T04:37:01.042000Z,ga2022qkfqvg,117.068,-30.833,5,4.4,ML,4.31,0.17,1.2,0.588,1.275,0.919,18,0.25,7
2022-10-26T19:22:43.284000Z,ga2022vcmyib,134.576,-12.327,10,4.1,ML,3.92,0.15,3.23,0.575,2.766,1.659,13,0.8,10
2022-11-04T22:45:47.957000Z,ga2022vthdlu,148.869,-34.344,3,4,ML,4.09,0.17,0.55,0.337,1.266,0.613,28,0.3,10
2022-11-21T10:05:07.001000Z,ga2022wxniqe,123.445,-17.618,10,4.3,ML,4.49,0.18,3.35,0.619,1.446,1.24,31,0.2,8
2022-11-23T07:24:06.741000Z,ga2022xazlrn,120.808,-27.711,10,4,ML,3.85,0.15,1.59,0.652,2.378,1.804,30,1,12
2022-12-11T14:34:49.181000Z,ga2022yiouyy,125.993,-31.73,10,4.6,ML,4.53,0.18,3.57,0.627,1.412,1.083,112,0.5,8
2022-12-27T23:10:56.021000Z,ga2022zmpnoh,139.591,-38.032,10,3.8,ML,3.88,0.14,1.02,0.425,1.972,1.063,19,0.8,10
2023-01-05T05:12:18.758000Z,ga2023ahtgqs,118.306,-33.775,5,4.5,ML,4.6,0.34,1.03,0.588,0.866,0.684,122,0.5,8
2023-02-05T00:39:57.733000Z,ga2023cmhtgf,117.084,-33.369,5.6,4.1,ML,4.4,0.29,0.76,0.586,0.986,0.79,115,0.35,10
2023-03-22T23:23:09.124000Z,ga2023fsqpnw,139.592,-32.785,8.8,4.7,ML,4.36,0.13,9.74,0.488,2.417,1.12,43,0.5,10
2023-04-17T09:02:57.386000Z,ga2023hngzeb,120.233,-18.131,10,4.7,Mw,4.99,0.22,42.43,0.644,1.907,1.384,114,0.15,10
2023-05-12T18:20:10.079000Z,ga2023jhwpkg,120.184,-18.208,10,4.2,ML,4.06,0.23,2.3,0.555,2.107,1.071,12,0.9,10
2023-05-28T13:41:51.652000Z,ga2023kkwzpi,144.848,-37.555,2,3.8,ML,3.87,0.15,1.3,0.237,2.17,0.595,15,0.6,10
2023-06-07T12:13:06.231000Z,ga2023lddhxf,147.004,-16.765,9.9,4.2,ML,4.52,0.27,0.38,0.481,0.679,0.667,14,0.5,5
2023-06-29T15:32:43.482000Z,ga2023mrtxhp,146.313,-37.502,7.4,4.6,ML,4.49,0.28,1.63,0.432,1.146,0.738,38,0.4,8
2023-07-12T14:08:31.784000Z,ga2023npnogk,122.401,-32.551,10,3.6,ML,3.5,0.2,11.11,0.713,6.764,4.14,65,1,15
2023-08-05T21:34:42.237000Z,ga2023pidtuh,118.291,-33.804,5,5,Mw,5.36,0.25,4.9,0.515,0.608,0.385,126,0.03,6
2023-09-02T08:49:10.208000Z,ga2023rgostj,117.057,-33.34,5,3.6,ML,3.79,0.21,0.86,0.586,2.058,1.46,87,0.9,12
2023-09-08T14:25:03.988000Z,ga2023rsafen,150.733,-34.153,2.4,3.5,ML,3.93,0.41,0.16,0.424,1.011,1.081,17,0.8,9
2023-10-21T15:11:07.680000Z,ga2023uszzah,143.507,-38.692,10,4.7,Mw,5.05,0.21,0.71,0.369,0.453,0.262,55,0.03,6
2023-10-21T18:44:29.333000Z,ga2023uthawn,143.528,-38.698,10,3.6,ML,3.33,0.15,0.33,0.409,2.547,1.365,4,1,10
2023-10-23T02:17:37.660000Z,ga2023uvrufo,143.521,-38.716,10,3.7,ML,3.9,0.23,0.11,0.336,0.934,0.409,5,0.8,8
2023-10-24T12:38:04.991000Z,ga2023uyibtz,147.154,-29.121,10,3.9,ML,3.84,0.14,5.24,0.509,3.545,2.073,21,0.8,10
2024-01-07T03:37:12.363000Z,ga2024alhomu,127.523,-17.415,10,4,ML,4.21,0.22,1.22,0.621,1.433,1.274,21,0.35,7
2024-01-15T12:03:20.377000Z,ga2024baqdfq,138.674,-33.152,5,3.6,ML,3.59,0.1,2.73,0.491,3.834,1.912,10,1,10
2024-02-08T13:49:37.456000Z,ga2024csvciy,145.999,-38.558,10,4.4,MLa,4.85,0.38,0.12,0.504,0.317,0.334,28,0.3,10
2024-02-22T02:41:57.918000Z,ga2024drrdjb,121.177,-30.733,5,3.6,MLa,3.54,0.19,0.56,0.407,2.384,1.331,10,1.5,12
2024-02-23T04:53:11.144000Z,ga2024dtrfhv,134.056,-19.841,10,3.7,MLa,3.89,0.17,1.76,0.499,2.338,1.387,11,0.7,10
2024-02-27T16:04:09.925000Z,ga2024ebwkds,128.291,-16.714,10,4.2,MLa,4.22,0.28,1.76,0.548,1.6,1.104,24,0.6,12
2024-03-08T09:53:12.547000Z,ga2024ettidu,150.483,-33.88,6.6,3.5,MLa,3.5,0.14,1.86,0.516,3.712,1.576,21,0.8,12
2024-03-20T10:07:43.103000Z,ga2024fpunfl,146.342,-37.489,5.7,3.5,MLa,3.4,0.07,0.68,0.478,2.995,1.621,10,0.9,8
2024-04-17T06:36:31.571000Z,ga2024hoxvwu,138.625,-33.146,5,4.1,MLa,4.05,0.17,2.42,0.345,2.161,0.684,23,0.7,10
2024-05-22T20:41:54.476000Z,ga2024kcghdy,149.739,-34.5,10,3.9,MLa,3.81,0.13,2.83,0.561,3.004,1.995,23,0.8,10
2024-06-27T00:09:57.918000Z,ga2024motpgn,138.64,-31.938,10.2,3.4,MLa,3.42,0.11,2.62,0.285,4.562,1.309,10,0.8,12
2024-06-30T22:52:39.432000Z,ga2024mvzyds,130.709,-14.494,10,3.6,MLa,3.58,0.1,4.99,0.678,4.711,2.424,12,0.9,12
2024-07-09T00:52:11.822000Z,ga2024nkvsfo,134.67,-19.314,5.5,3.4,MLa,3.8,0.16,0.84,0.38,2.023,0.806,8,0.7,12
2024-07-11T03:39:06.429000Z,ga2024nosrvl,119.053,-20.423,10,3.9,MLa,3.8,0.14,1.63,0.606,2.525,1.314,9,0.8,12
2024-08-06T17:48:44.067000Z,ga2024plnsvb,146.361,-37.492,9.6,4.1,MLa,4.06,0.17,3.02,0.454,2.315,1.04,30,0.6,12
2024-08-23T02:01:58.180000Z,ga2024qpnryi,150.869,-32.347,2,4.7,Mw,5.05,0.18,0.91,0.407,0.492,0.219,50,0.04,12
2024-08-24T06:31:37.463000Z,ga2024qrsjee,150.869,-32.347,2,4.5,Mw,4.86,0.15,0.61,0.41,0.542,0.235,33,0.04,12
2024-09-06T19:58:32.652000Z,ga2024rqpnyt,150.869,-32.347,2,4.5,Mw,4.79,0.26,0.97,0.532,0.681,0.459,36,0.3,10
2024-09-08T13:56:05.598000Z,ga2024rtuyxc,145.734,-36.868,5,3.5,MLa,3.42,0.1,0.58,0.404,2.77,1.117,11,1,12
2024-09-09T10:41:50.163000Z,ga2024rvkgwm,121.21,-30.704,5,3.8,MLa,4.04,0.28,0.29,0.523,1.082,0.94,16,0.5,12
2024-09-16T07:39:10.587000Z,ga2024siahqo,138.346,-33.249,7.5,3.6,MLa,3.53,0.17,1.6,0.465,3.424,2.368,20,0.7,12
2024-10-08T08:31:28.767000Z,ga2024twlzxn,146.348,-43.782,10,4,MLa,4.1,0.05,8.39,0.444,3.107,1.697,4,0.6,12
2024-10-20T23:27:24.429000Z,ga2024utqkrj,136.075,-28.496,9.3,4.1,MLa,3.87,0.23,0.57,0.402,1.633,1.014,10,0.7,12
2024-11-12T01:12:56.570000Z,ga2024widwze,150.869,-32.347,2,4.1,MLa,4.17,0.27,1.34,0.495,1.541,1.084,31,0.8,12
2024-11-14T02:45:31.770000Z,ga2024wlyktc,115.071,-35.275,10,4,MLa,4.18,0.18,0.58,0.295,1.157,0.462,11,0.7,10
2025-01-04T03:50:55.376000Z,ga2025afuvrm,141.996,-31.537,10,4,MLa,4.08,0.14,6.26,0.487,2.875,1.497,25,0.5,12
2025-01-07T03:22:31.736000Z,ga2025alhbvf,125.2,-11.347,10,4.4,MLa,4.15,0.16,28.97,0.673,4.392,3.422,12,0.8,12
2025-01-11T02:52:44.841000Z,ga2025asozrs,138.71,-32.02,10,4.5,Mw,4.75,0.13,6.58,0.254,1.344,0.45,22,0.2,10
2025-01-19T03:12:13.349000Z,ga2025bhhlmw,117.079,-31.632,5,3.7,MLa,3.47,0.1,8.54,0.436,6.396,1.675,9,1.2,12
2025-01-23T23:01:17.250000Z,ga2025bqdtqo,115.449,-19.462,10,4.6,MLa,4.16,0.11,16.58,0.513,3.607,1.427,11,0.7,12
2025-01-25T18:11:29.273000Z,ga2025btlpry,117.093,-31.692,5.8,3.5,MLa,3.48,0.14,1.2,0.706,3.288,2.543,8,1.2,8
2025-02-08T18:48:48.882000Z,ga2025ctfaek,138.739,-32.066,4.5,4.1,MLa,4.04,0.11,5.52,0.302,2.881,0.786,22,0.7,9
2025-03-01T11:31:32.646000Z,ga2025efetvw,146.782,-19.4,7.8,4.4,MLa,4.23,0.13,3.29,0.47,1.941,1.028,10,0.8,12
2025-04-22T16:55:02.590000Z,ga2025hxbgjh,151.088,-32.685,2,4.6,Mw,5.22,0.19,0.59,0.37,0.351,0.155,65,0.07,10