# smlt_path='b7', gsimlt_path='@_BooreEtAl2014_@', imt='SA', investigation_time=50.0, lon=144.96000000000004, lat=-37.81, poe='0.1000000', iml='7.5540486e-02'
mag,dist,eps,poe
4.50000E+00,1.00000E+01,-2.00000E+00,5.38903E-07
4.50000E+00,1.00000E+01,0.00000E+00,4.45300E-04
4.50000E+00,1.00000E+01,2.00000E+00,6.24914E-04
4.50000E+00,3.00000E+01,-2.00000E+00,0.00000E+00
4.50000E+00,3.00000E+01,0.00000E+00,0.00000E+00
4.50000E+00,3.00000E+01,2.00000E+00,2.55661E-04
4.50000E+00,5.00000E+01,-2.00000E+00,0.00000E+00
4.50000E+00,5.00000E+01,0.00000E+00,0.00000E+00
4.50000E+00,5.00000E+01,2.00000E+00,1.52094E-06
4.50000E+00,7.00000E+01,-2.00000E+00,0.00000E+00
4.50000E+00,7.00000E+01,0.00000E+00,0.00000E+00
4.50000E+00,7.00000E+01,2.00000E+00,0.00000E+00
4.50000E+00,9.00000E+01,-2.00000E+00,0.00000E+00
4.50000E+00,9.00000E+01,0.00000E+00,0.00000E+00
4.50000E+00,9.00000E+01,2.00000E+00,0.00000E+00
4.50000E+00,1.10000E+02,-2.00000E+00,0.00000E+00
4.50000E+00,1.10000E+02,0.00000E+00,0.00000E+00
4.50000E+00,1.10000E+02,2.00000E+00,0.00000E+00
4.50000E+00,1.30000E+02,-2.00000E+00,0.00000E+00
4.50000E+00,1.30000E+02,0.00000E+00,0.00000E+00
4.50000E+00,1.30000E+02,2.00000E+00,0.00000E+00
4.50000E+00,1.50000E+02,-2.00000E+00,0.00000E+00
4.50000E+00,1.50000E+02,0.00000E+00,0.00000E+00
4.50000E+00,1.50000E+02,2.00000E+00,0.00000E+00
4.50000E+00,1.70000E+02,-2.00000E+00,0.00000E+00
4.50000E+00,1.70000E+02,0.00000E+00,0.00000E+00
4.50000E+00,1.70000E+02,2.00000E+00,0.00000E+00
4.50000E+00,1.90000E+02,-2.00000E+00,0.00000E+00
4.50000E+00,1.90000E+02,0.00000E+00,0.00000E+00
4.50000E+00,1.90000E+02,2.00000E+00,0.00000E+00
4.50000E+00,2.10000E+02,-2.00000E+00,0.00000E+00
4.50000E+00,2.10000E+02,0.00000E+00,0.00000E+00
4.50000E+00,2.10000E+02,2.00000E+00,0.00000E+00
4.50000E+00,2.30000E+02,-2.00000E+00,0.00000E+00
4.50000E+00,2.30000E+02,0.00000E+00,0.00000E+00
4.50000E+00,2.30000E+02,2.00000E+00,0.00000E+00
4.50000E+00,2.50000E+02,-2.00000E+00,0.00000E+00
4.50000E+00,2.50000E+02,0.00000E+00,0.00000E+00
4.50000E+00,2.50000E+02,2.00000E+00,0.00000E+00
4.50000E+00,2.70000E+02,-2.00000E+00,0.00000E+00
4.50000E+00,2.70000E+02,0.00000E+00,0.00000E+00
4.50000E+00,2.70000E+02,2.00000E+00,0.00000E+00
4.50000E+00,2.90000E+02,-2.00000E+00,0.00000E+00
4.50000E+00,2.90000E+02,0.00000E+00,0.00000E+00
4.50000E+00,2.90000E+02,2.00000E+00,0.00000E+00
4.50000E+00,3.10000E+02,-2.00000E+00,0.00000E+00
4.50000E+00,3.10000E+02,0.00000E+00,0.00000E+00
4.50000E+00,3.10000E+02,2.00000E+00,0.00000E+00
4.50000E+00,3.30000E+02,-2.00000E+00,0.00000E+00
4.50000E+00,3.30000E+02,0.00000E+00,0.00000E+00
4.50000E+00,3.30000E+02,2.00000E+00,0.00000E+00
4.50000E+00,3.50000E+02,-2.00000E+00,0.00000E+00
4.50000E+00,3.50000E+02,0.00000E+00,0.00000E+00
4.50000E+00,3.50000E+02,2.00000E+00,0.00000E+00
4.50000E+00,3.70000E+02,-2.00000E+00,0.00000E+00
4.50000E+00,3.70000E+02,0.00000E+00,0.00000E+00
4.50000E+00,3.70000E+02,2.00000E+00,0.00000E+00
4.50000E+00,3.90000E+02,-2.00000E+00,0.00000E+00
4.50000E+00,3.90000E+02,0.00000E+00,0.00000E+00
4.50000E+00,3.90000E+02,2.00000E+00,0.00000E+00
4.70000E+00,1.00000E+01,-2.00000E+00,8.83885E-06
4.70000E+00,1.00000E+01,0.00000E+00,1.11817E-03
4.70000E+00,1.00000E+01,2.00000E+00,9.51678E-04
4.70000E+00,3.00000E+01,-2.00000E+00,0.00000E+00
4.70000E+00,3.00000E+01,0.00000E+00,6.61115E-07
4.70000E+00,3.00000E+01,2.00000E+00,8.25390E-04
4.70000E+00,5.00000E+01,-2.00000E+00,0.00000E+00
4.70000E+00,5.00000E+01,0.00000E+00,0.00000E+00
4.70000E+00,5.00000E+01,2.00000E+00,3.48789E-05
4.70000E+00,7.00000E+01,-2.00000E+00,0.00000E+00
4.70000E+00,7.00000E+01,0.00000E+00,0.00000E+00
4.70000E+00,7.00000E+01,2.00000E+00,0.00000E+00
4.70000E+00,9.00000E+01,-2.00000E+00,0.00000E+00
4.70000E+00,9.00000E+01,0.00000E+00,0.00000E+00
4.70000E+00,9.00000E+01,2.00000E+00,0.00000E+00
4.70000E+00,1.10000E+02,-2.00000E+00,0.00000E+00
4.70000E+00,1.10000E+02,0.00000E+00,0.00000E+00
4.70000E+00,1.10000E+02,2.00000E+00,0.00000E+00
4.70000E+00,1.30000E+02,-2.00000E+00,0.00000E+00
4.70000E+00,1.30000E+02,0.00000E+00,0.00000E+00
4.70000E+00,1.30000E+02,2.00000E+00,0.00000E+00
4.70000E+00,1.50000E+02,-2.00000E+00,0.00000E+00
4.70000E+00,1.50000E+02,0.00000E+00,0.00000E+00
4.70000E+00,1.50000E+02,2.00000E+00,0.00000E+00
4.70000E+00,1.70000E+02,-2.00000E+00,0.00000E+00
4.70000E+00,1.70000E+02,0.00000E+00,0.00000E+00
4.70000E+00,1.70000E+02,2.00000E+00,0.00000E+00
4.70000E+00,1.90000E+02,-2.00000E+00,0.00000E+00
4.70000E+00,1.90000E+02,0.00000E+00,0.00000E+00
4.70000E+00,1.90000E+02,2.00000E+00,0.00000E+00
4.70000E+00,2.10000E+02,-2.00000E+00,0.00000E+00
4.70000E+00,2.10000E+02,0.00000E+00,0.00000E+00
4.70000E+00,2.10000E+02,2.00000E+00,0.00000E+00
4.70000E+00,2.30000E+02,-2.00000E+00,0.00000E+00
4.70000E+00,2.30000E+02,0.00000E+00,0.00000E+00
4.70000E+00,2.30000E+02,2.00000E+00,0.00000E+00
4.70000E+00,2.50000E+02,-2.00000E+00,0.00000E+00
4.70000E+00,2.50000E+02,0.00000E+00,0.00000E+00
4.70000E+00,2.50000E+02,2.00000E+00,0.00000E+00
4.70000E+00,2.70000E+02,-2.00000E+00,0.00000E+00
4.70000E+00,2.70000E+02,0.00000E+00,0.00000E+00
4.70000E+00,2.70000E+02,2.00000E+00,0.00000E+00
4.70000E+00,2.90000E+02,-2.00000E+00,0.00000E+00
4.70000E+00,2.90000E+02,0.00000E+00,0.00000E+00
4.70000E+00,2.90000E+02,2.00000E+00,0.00000E+00
4.70000E+00,3.10000E+02,-2.00000E+00,0.00000E+00
4.70000E+00,3.10000E+02,0.00000E+00,0.00000E+00
4.70000E+00,3.10000E+02,2.00000E+00,0.00000E+00
4.70000E+00,3.30000E+02,-2.00000E+00,0.00000E+00
4.70000E+00,3.30000E+02,0.00000E+00,0.00000E+00
4.70000E+00,3.30000E+02,2.00000E+00,0.00000E+00
4.70000E+00,3.50000E+02,-2.00000E+00,0.00000E+00
4.70000E+00,3.50000E+02,0.00000E+00,0.00000E+00
4.70000E+00,3.50000E+02,2.00000E+00,0.00000E+00
4.70000E+00,3.70000E+02,-2.00000E+00,0.00000E+00
4.70000E+00,3.70000E+02,0.00000E+00,0.00000E+00
4.70000E+00,3.70000E+02,2.00000E+00,0.00000E+00
4.70000E+00,3.90000E+02,-2.00000E+00,0.00000E+00
4.70000E+00,3.90000E+02,0.00000E+00,0.00000E+00
4.70000E+00,3.90000E+02,2.00000E+00,0.00000E+00
4.90000E+00,1.00000E+01,-2.00000E+00,1.41563E-05
4.90000E+00,1.00000E+01,0.00000E+00,1.22008E-03
4.90000E+00,1.00000E+01,2.00000E+00,5.64607E-04
4.90000E+00,3.00000E+01,-2.00000E+00,0.00000E+00
4.90000E+00,3.00000E+01,0.00000E+00,1.12067E-04
4.90000E+00,3.00000E+01,2.00000E+00,1.11189E-03
4.90000E+00,5.00000E+01,-2.00000E+00,0.00000E+00
4.90000E+00,5.00000E+01,0.00000E+00,0.00000E+00
4.90000E+00,5.00000E+01,2.00000E+00,1.51851E-04
4.90000E+00,7.00000E+01,-2.00000E+00,0.00000E+00
4.90000E+00,7.00000E+01,0.00000E+00,0.00000E+00
4.90000E+00,7.00000E+01,2.00000E+00,3.67583E-06
4.90000E+00,9.00000E+01,-2.00000E+00,0.00000E+00
4.90000E+00,9.00000E+01,0.00000E+00,0.00000E+00
4.90000E+00,9.00000E+01,2.00000E+00,0.00000E+00
4.90000E+00,1.10000E+02,-2.00000E+00,0.00000E+00
4.90000E+00,1.10000E+02,0.00000E+00,0.00000E+00
4.90000E+00,1.10000E+02,2.00000E+00,0.00000E+00
4.90000E+00,1.30000E+02,-2.00000E+00,0.00000E+00
4.90000E+00,1.30000E+02,0.00000E+00,0.00000E+00
4.90000E+00,1.30000E+02,2.00000E+00,0.00000E+00
4.90000E+00,1.50000E+02,-2.00000E+00,0.00000E+00
4.90000E+00,1.50000E+02,0.00000E+00,0.00000E+00
4.90000E+00,1.50000E+02,2.00000E+00,0.00000E+00
4.90000E+00,1.70000E+02,-2.00000E+00,0.00000E+00
4.90000E+00,1.70000E+02,0.00000E+00,0.00000E+00
4.90000E+00,1.70000E+02,2.00000E+00,0.00000E+00
4.90000E+00,1.90000E+02,-2.00000E+00,0.00000E+00
4.90000E+00,1.90000E+02,0.00000E+00,0.00000E+00
4.90000E+00,1.90000E+02,2.00000E+00,0.00000E+00
4.90000E+00,2.10000E+02,-2.00000E+00,0.00000E+00
4.90000E+00,2.10000E+02,0.00000E+00,0.00000E+00
4.90000E+00,2.10000E+02,2.00000E+00,0.00000E+00
4.90000E+00,2.30000E+02,-2.00000E+00,0.00000E+00
4.90000E+00,2.30000E+02,0.00000E+00,0.00000E+00
4.90000E+00,2.30000E+02,2.00000E+00,0.00000E+00
4.90000E+00,2.50000E+02,-2.00000E+00,0.00000E+00
4.90000E+00,2.50000E+02,0.00000E+00,0.00000E+00
4.90000E+00,2.50000E+02,2.00000E+00,0.00000E+00
4.90000E+00,2.70000E+02,-2.00000E+00,0.00000E+00
4.90000E+00,2.70000E+02,0.00000E+00,0.00000E+00
4.90000E+00,2.70000E+02,2.00000E+00,0.00000E+00
4.90000E+00,2.90000E+02,-2.00000E+00,0.00000E+00
4.90000E+00,2.90000E+02,0.00000E+00,0.00000E+00
4.90000E+00,2.90000E+02,2.00000E+00,0.00000E+00
4.90000E+00,3.10000E+02,-2.00000E+00,0.00000E+00
4.90000E+00,3.10000E+02,0.00000E+00,0.00000E+00
4.90000E+00,3.10000E+02,2.00000E+00,0.00000E+00
4.90000E+00,3.30000E+02,-2.00000E+00,0.00000E+00
4.90000E+00,3.30000E+02,0.00000E+00,0.00000E+00
4.90000E+00,3.30000E+02,2.00000E+00,0.00000E+00
4.90000E+00,3.50000E+02,-2.00000E+00,0.00000E+00
4.90000E+00,3.50000E+02,0.00000E+00,0.00000E+00
4.90000E+00,3.50000E+02,2.00000E+00,0.00000E+00
4.90000E+00,3.70000E+02,-2.00000E+00,0.00000E+00
4.90000E+00,3.70000E+02,0.00000E+00,0.00000E+00
4.90000E+00,3.70000E+02,2.00000E+00,0.00000E+00
4.90000E+00,3.90000E+02,-2.00000E+00,0.00000E+00
4.90000E+00,3.90000E+02,0.00000E+00,0.00000E+00
4.90000E+00,3.90000E+02,2.00000E+00,0.00000E+00
5.10000E+00,1.00000E+01,-2.00000E+00,2.19711E-05
5.10000E+00,1.00000E+01,0.00000E+00,1.03110E-03
5.10000E+00,1.00000E+01,2.00000E+00,3.30250E-04
5.10000E+00,3.00000E+01,-2.00000E+00,0.00000E+00
5.10000E+00,3.00000E+01,0.00000E+00,4.24958E-04
5.10000E+00,3.00000E+01,2.00000E+00,1.05462E-03
5.10000E+00,5.00000E+01,-2.00000E+00,0.00000E+00
5.10000E+00,5.00000E+01,0.00000E+00,0.00000E+00
5.10000E+00,5.00000E+01,2.00000E+00,3.31165E-04
5.10000E+00,7.00000E+01,-2.00000E+00,0.00000E+00
5.10000E+00,7.00000E+01,0.00000E+00,0.00000E+00
5.10000E+00,7.00000E+01,2.00000E+00,4.97939E-05
5.10000E+00,9.00000E+01,-2.00000E+00,0.00000E+00
5.10000E+00,9.00000E+01,0.00000E+00,0.00000E+00
5.10000E+00,9.00000E+01,2.00000E+00,2.26723E-06
5.10000E+00,1.10000E+02,-2.00000E+00,0.00000E+00
5.10000E+00,1.10000E+02,0.00000E+00,0.00000E+00
5.10000E+00,1.10000E+02,2.00000E+00,1.69175E-06
5.10000E+00,1.30000E+02,-2.00000E+00,0.00000E+00
5.10000E+00,1.30000E+02,0.00000E+00,0.00000E+00
5.10000E+00,1.30000E+02,2.00000E+00,2.20663E-06
5.10000E+00,1.50000E+02,-2.00000E+00,0.00000E+00
5.10000E+00,1.50000E+02,0.00000E+00,0.00000E+00
5.10000E+00,1.50000E+02,2.00000E+00,1.87490E-06
5.10000E+00,1.70000E+02,-2.00000E+00,0.00000E+00
5.10000E+00,1.70000E+02,0.00000E+00,0.00000E+00
5.10000E+00,1.70000E+02,2.00000E+00,0.00000E+00
5.10000E+00,1.90000E+02,-2.00000E+00,0.00000E+00
5.10000E+00,1.90000E+02,0.00000E+00,0.00000E+00
5.10000E+00,1.90000E+02,2.00000E+00,0.00000E+00
5.10000E+00,2.10000E+02,-2.00000E+00,0.00000E+00
5.10000E+00,2.10000E+02,0.00000E+00,0.00000E+00
5.10000E+00,2.10000E+02,2.00000E+00,0.00000E+00
5.10000E+00,2.30000E+02,-2.00000E+00,0.00000E+00
5.10000E+00,2.30000E+02,0.00000E+00,0.00000E+00
5.10000E+00,2.30000E+02,2.00000E+00,0.00000E+00
5.10000E+00,2.50000E+02,-2.00000E+00,0.00000E+00
5.10000E+00,2.50000E+02,0.00000E+00,0.00000E+00
5.10000E+00,2.50000E+02,2.00000E+00,0.00000E+00
5.10000E+00,2.70000E+02,-2.00000E+00,0.00000E+00
5.10000E+00,2.70000E+02,0.00000E+00,0.00000E+00
5.10000E+00,2.70000E+02,2.00000E+00,0.00000E+00
5.10000E+00,2.90000E+02,-2.00000E+00,0.00000E+00
5.10000E+00,2.90000E+02,0.00000E+00,0.00000E+00
5.10000E+00,2.90000E+02,2.00000E+00,0.00000E+00
5.10000E+00,3.10000E+02,-2.00000E+00,0.00000E+00
5.10000E+00,3.10000E+02,0.00000E+00,0.00000E+00
5.10000E+00,3.10000E+02,2.00000E+00,0.00000E+00
5.10000E+00,3.30000E+02,-2.00000E+00,0.00000E+00
5.10000E+00,3.30000E+02,0.00000E+00,0.00000E+00
5.10000E+00,3.30000E+02,2.00000E+00,0.00000E+00
5.10000E+00,3.50000E+02,-2.00000E+00,0.00000E+00
5.10000E+00,3.50000E+02,0.00000E+00,0.00000E+00
5.10000E+00,3.50000E+02,2.00000E+00,0.00000E+00
5.10000E+00,3.70000E+02,-2.00000E+00,0.00000E+00
5.10000E+00,3.70000E+02,0.00000E+00,0.00000E+00
5.10000E+00,3.70000E+02,2.00000E+00,0.00000E+00
5.10000E+00,3.90000E+02,-2.00000E+00,0.00000E+00
5.10000E+00,3.90000E+02,0.00000E+00,0.00000E+00
5.10000E+00,3.90000E+02,2.00000E+00,0.00000E+00
5.30000E+00,1.00000E+01,-2.00000E+00,2.84198E-05
5.30000E+00,1.00000E+01,0.00000E+00,7.68058E-04
5.30000E+00,1.00000E+01,2.00000E+00,2.02917E-04
5.30000E+00,3.00000E+01,-2.00000E+00,0.00000E+00
5.30000E+00,3.00000E+01,0.00000E+00,6.92534E-04
5.30000E+00,3.00000E+01,2.00000E+00,7.83737E-04
5.30000E+00,5.00000E+01,-2.00000E+00,0.00000E+00
5.30000E+00,5.00000E+01,0.00000E+00,3.10428E-07
5.30000E+00,5.00000E+01,2.00000E+00,5.16767E-04
5.30000E+00,7.00000E+01,-2.00000E+00,0.00000E+00
5.30000E+00,7.00000E+01,0.00000E+00,0.00000E+00
5.30000E+00,7.00000E+01,2.00000E+00,1.45360E-04
5.30000E+00,9.00000E+01,-2.00000E+00,0.00000E+00
5.30000E+00,9.00000E+01,0.00000E+00,0.00000E+00
5.30000E+00,9.00000E+01,2.00000E+00,5.50287E-05
5.30000E+00,1.10000E+02,-2.00000E+00,0.00000E+00
5.30000E+00,1.10000E+02,0.00000E+00,0.00000E+00
5.30000E+00,1.10000E+02,2.00000E+00,6.50341E-05
5.30000E+00,1.30000E+02,-2.00000E+00,0.00000E+00
5.30000E+00,1.30000E+02,0.00000E+00,0.00000E+00
5.30000E+00,1.30000E+02,2.00000E+00,7.73437E-05
5.30000E+00,1.50000E+02,-2.00000E+00,0.00000E+00
5.30000E+00,1.50000E+02,0.00000E+00,0.00000E+00
5.30000E+00,1.50000E+02,2.00000E+00,7.28234E-05
5.30000E+00,1.70000E+02,-2.00000E+00,0.00000E+00
5.30000E+00,1.70000E+02,0.00000E+00,0.00000E+00
5.30000E+00,1.70000E+02,2.00000E+00,5.92289E-06
5.30000E+00,1.90000E+02,-2.00000E+00,0.00000E+00
5.30000E+00,1.90000E+02,0.00000E+00,0.00000E+00
5.30000E+00,1.90000E+02,2.00000E+00,0.00000E+00
5.30000E+00,2.10000E+02,-2.00000E+00,0.00000E+00
5.30000E+00,2.10000E+02,0.00000E+00,0.00000E+00
5.30000E+00,2.10000E+02,2.00000E+00,0.00000E+00
5.30000E+00,2.30000E+02,-2.00000E+00,0.00000E+00
5.30000E+00,2.30000E+02,0.00000E+00,0.00000E+00
5.30000E+00,2.30000E+02,2.00000E+00,0.00000E+00
5.30000E+00,2.50000E+02,-2.00000E+00,0.00000E+00
5.30000E+00,2.50000E+02,0.00000E+00,0.00000E+00
5.30000E+00,2.50000E+02,2.00000E+00,0.00000E+00
5.30000E+00,2.70000E+02,-2.00000E+00,0.00000E+00
5.30000E+00,2.70000E+02,0.00000E+00,0.00000E+00
5.30000E+00,2.70000E+02,2.00000E+00,0.00000E+00
5.30000E+00,2.90000E+02,-2.00000E+00,0.00000E+00
5.30000E+00,2.90000E+02,0.00000E+00,0.00000E+00
5.30000E+00,2.90000E+02,2.00000E+00,0.00000E+00
5.30000E+00,3.10000E+02,-2.00000E+00,0.00000E+00
5.30000E+00,3.10000E+02,0.00000E+00,0.00000E+00
5.30000E+00,3.10000E+02,2.00000E+00,0.00000E+00
5.30000E+00,3.30000E+02,-2.00000E+00,0.00000E+00
5.30000E+00,3.30000E+02,0.00000E+00,0.00000E+00
5.30000E+00,3.30000E+02,2.00000E+00,0.00000E+00
5.30000E+00,3.50000E+02,-2.00000E+00,0.00000E+00
5.30000E+00,3.50000E+02,0.00000E+00,0.00000E+00
5.30000E+00,3.50000E+02,2.00000E+00,0.00000E+00
5.30000E+00,3.70000E+02,-2.00000E+00,0.00000E+00
5.30000E+00,3.70000E+02,0.00000E+00,0.00000E+00
5.30000E+00,3.70000E+02,2.00000E+00,0.00000E+00
5.30000E+00,3.90000E+02,-2.00000E+00,0.00000E+00
5.30000E+00,3.90000E+02,0.00000E+00,0.00000E+00
5.30000E+00,3.90000E+02,2.00000E+00,0.00000E+00
5.50000E+00,1.00000E+01,-2.00000E+00,4.01761E-05
5.50000E+00,1.00000E+01,0.00000E+00,5.82394E-04
5.50000E+00,1.00000E+01,2.00000E+00,1.40403E-04
5.50000E+00,3.00000E+01,-2.00000E+00,0.00000E+00
5.50000E+00,3.00000E+01,0.00000E+00,8.57994E-04
5.50000E+00,3.00000E+01,2.00000E+00,5.40168E-04
5.50000E+00,5.00000E+01,-2.00000E+00,0.00000E+00
5.50000E+00,5.00000E+01,0.00000E+00,8.34968E-05
5.50000E+00,5.00000E+01,2.00000E+00,1.07264E-03
5.50000E+00,7.00000E+01,-2.00000E+00,0.00000E+00
5.50000E+00,7.00000E+01,0.00000E+00,0.00000E+00
5.50000E+00,7.00000E+01,2.00000E+00,5.89593E-04
5.50000E+00,9.00000E+01,-2.00000E+00,0.00000E+00
5.50000E+00,9.00000E+01,0.00000E+00,0.00000E+00
5.50000E+00,9.00000E+01,2.00000E+00,3.60391E-04
5.50000E+00,1.10000E+02,-2.00000E+00,0.00000E+00
5.50000E+00,1.10000E+02,0.00000E+00,0.00000E+00
5.50000E+00,1.10000E+02,2.00000E+00,3.28073E-04
5.50000E+00,1.30000E+02,-2.00000E+00,0.00000E+00
5.50000E+00,1.30000E+02,0.00000E+00,0.00000E+00
5.50000E+00,1.30000E+02,2.00000E+00,5.45049E-04
5.50000E+00,1.50000E+02,-2.00000E+00,0.00000E+00
5.50000E+00,1.50000E+02,0.00000E+00,0.00000E+00
5.50000E+00,1.50000E+02,2.00000E+00,5.83050E-04
5.50000E+00,1.70000E+02,-2.00000E+00,0.00000E+00
5.50000E+00,1.70000E+02,0.00000E+00,0.00000E+00
5.50000E+00,1.70000E+02,2.00000E+00,1.44727E-04
5.50000E+00,1.90000E+02,-2.00000E+00,0.00000E+00
5.50000E+00,1.90000E+02,0.00000E+00,0.00000E+00
5.50000E+00,1.90000E+02,2.00000E+00,9.38009E-06
5.50000E+00,2.10000E+02,-2.00000E+00,0.00000E+00
5.50000E+00,2.10000E+02,0.00000E+00,0.00000E+00
5.50000E+00,2.10000E+02,2.00000E+00,1.29777E-09
5.50000E+00,2.30000E+02,-2.00000E+00,0.00000E+00
5.50000E+00,2.30000E+02,0.00000E+00,0.00000E+00
5.50000E+00,2.30000E+02,2.00000E+00,0.00000E+00
5.50000E+00,2.50000E+02,-2.00000E+00,0.00000E+00
5.50000E+00,2.50000E+02,0.00000E+00,0.00000E+00
5.50000E+00,2.50000E+02,2.00000E+00,0.00000E+00
5.50000E+00,2.70000E+02,-2.00000E+00,0.00000E+00
5.50000E+00,2.70000E+02,0.00000E+00,0.00000E+00
5.50000E+00,2.70000E+02,2.00000E+00,0.00000E+00
5.50000E+00,2.90000E+02,-2.00000E+00,0.00000E+00
5.50000E+00,2.90000E+02,0.00000E+00,0.00000E+00
5.50000E+00,2.90000E+02,2.00000E+00,0.00000E+00
5.50000E+00,3.10000E+02,-2.00000E+00,0.00000E+00
5.50000E+00,3.10000E+02,0.00000E+00,0.00000E+00
5.50000E+00,3.10000E+02,2.00000E+00,0.00000E+00
5.50000E+00,3.30000E+02,-2.00000E+00,0.00000E+00
5.50000E+00,3.30000E+02,0.00000E+00,0.00000E+00
5.50000E+00,3.30000E+02,2.00000E+00,0.00000E+00
5.50000E+00,3.50000E+02,-2.00000E+00,0.00000E+00
5.50000E+00,3.50000E+02,0.00000E+00,0.00000E+00
5.50000E+00,3.50000E+02,2.00000E+00,0.00000E+00
5.50000E+00,3.70000E+02,-2.00000E+00,0.00000E+00
5.50000E+00,3.70000E+02,0.00000E+00,0.00000E+00
5.50000E+00,3.70000E+02,2.00000E+00,0.00000E+00
5.50000E+00,3.90000E+02,-2.00000E+00,0.00000E+00
5.50000E+00,3.90000E+02,0.00000E+00,0.00000E+00
5.50000E+00,3.90000E+02,2.00000E+00,0.00000E+00
5.70000E+00,1.00000E+01,-2.00000E+00,4.60410E-05
5.70000E+00,1.00000E+01,0.00000E+00,4.37219E-04
5.70000E+00,1.00000E+01,2.00000E+00,1.02166E-04
5.70000E+00,3.00000E+01,-2.00000E+00,1.12271E-06
5.70000E+00,3.00000E+01,0.00000E+00,8.12739E-04
5.70000E+00,3.00000E+01,2.00000E+00,3.62594E-04
5.70000E+00,5.00000E+01,-2.00000E+00,0.00000E+00
5.70000E+00,5.00000E+01,0.00000E+00,4.07542E-04
5.70000E+00,5.00000E+01,2.00000E+00,1.30620E-03
5.70000E+00,7.00000E+01,-2.00000E+00,0.00000E+00
5.70000E+00,7.00000E+01,0.00000E+00,6.48609E-06
5.70000E+00,7.00000E+01,2.00000E+00,1.08265E-03
5.70000E+00,9.00000E+01,-2.00000E+00,0.00000E+00
5.70000E+00,9.00000E+01,0.00000E+00,0.00000E+00
5.70000E+00,9.00000E+01,2.00000E+00,8.11855E-04
5.70000E+00,1.10000E+02,-2.00000E+00,0.00000E+00
5.70000E+00,1.10000E+02,0.00000E+00,0.00000E+00
5.70000E+00,1.10000E+02,2.00000E+00,7.07307E-04
5.70000E+00,1.30000E+02,-2.00000E+00,0.00000E+00
5.70000E+00,1.30000E+02,0.00000E+00,0.00000E+00
5.70000E+00,1.30000E+02,2.00000E+00,1.24944E-03
5.70000E+00,1.50000E+02,-2.00000E+00,0.00000E+00
5.70000E+00,1.50000E+02,0.00000E+00,0.00000E+00
5.70000E+00,1.50000E+02,2.00000E+00,1.35688E-03
5.70000E+00,1.70000E+02,-2.00000E+00,0.00000E+00
5.70000E+00,1.70000E+02,0.00000E+00,0.00000E+00
5.70000E+00,1.70000E+02,2.00000E+00,3.97613E-04
5.70000E+00,1.90000E+02,-2.00000E+00,0.00000E+00
5.70000E+00,1.90000E+02,0.00000E+00,0.00000E+00
5.70000E+00,1.90000E+02,2.00000E+00,5.83527E-05
5.70000E+00,2.10000E+02,-2.00000E+00,0.00000E+00
5.70000E+00,2.10000E+02,0.00000E+00,0.00000E+00
5.70000E+00,2.10000E+02,2.00000E+00,6.56207E-06
5.70000E+00,2.30000E+02,-2.00000E+00,0.00000E+00
5.70000E+00,2.30000E+02,0.00000E+00,0.00000E+00
5.70000E+00,2.30000E+02,2.00000E+00,4.49652E-08
5.70000E+00,2.50000E+02,-2.00000E+00,0.00000E+00
5.70000E+00,2.50000E+02,0.00000E+00,0.00000E+00
5.70000E+00,2.50000E+02,2.00000E+00,0.00000E+00
5.70000E+00,2.70000E+02,-2.00000E+00,0.00000E+00
5.70000E+00,2.70000E+02,0.00000E+00,0.00000E+00
5.70000E+00,2.70000E+02,2.00000E+00,0.00000E+00
5.70000E+00,2.90000E+02,-2.00000E+00,0.00000E+00
5.70000E+00,2.90000E+02,0.00000E+00,0.00000E+00
5.70000E+00,2.90000E+02,2.00000E+00,0.00000E+00
5.70000E+00,3.10000E+02,-2.00000E+00,0.00000E+00
5.70000E+00,3.10000E+02,0.00000E+00,0.00000E+00
5.70000E+00,3.10000E+02,2.00000E+00,0.00000E+00
5.70000E+00,3.30000E+02,-2.00000E+00,0.00000E+00
5.70000E+00,3.30000E+02,0.00000E+00,0.00000E+00
5.70000E+00,3.30000E+02,2.00000E+00,0.00000E+00
5.70000E+00,3.50000E+02,-2.00000E+00,0.00000E+00
5.70000E+00,3.50000E+02,0.00000E+00,0.00000E+00
5.70000E+00,3.50000E+02,2.00000E+00,0.00000E+00
5.70000E+00,3.70000E+02,-2.00000E+00,0.00000E+00
5.70000E+00,3.70000E+02,0.00000E+00,0.00000E+00
5.70000E+00,3.70000E+02,2.00000E+00,0.00000E+00
5.70000E+00,3.90000E+02,-2.00000E+00,0.00000E+00
5.70000E+00,3.90000E+02,0.00000E+00,0.00000E+00
5.70000E+00,3.90000E+02,2.00000E+00,0.00000E+00
5.90000E+00,1.00000E+01,-2.00000E+00,6.85380E-05
5.90000E+00,1.00000E+01,0.00000E+00,5.01251E-04
5.90000E+00,1.00000E+01,2.00000E+00,1.15751E-04
5.90000E+00,3.00000E+01,-2.00000E+00,8.78323E-06
5.90000E+00,3.00000E+01,0.00000E+00,7.53719E-04
5.90000E+00,3.00000E+01,2.00000E+00,2.75437E-04
5.90000E+00,5.00000E+01,-2.00000E+00,0.00000E+00
5.90000E+00,5.00000E+01,0.00000E+00,7.15397E-04
5.90000E+00,5.00000E+01,2.00000E+00,9.10617E-04
5.90000E+00,7.00000E+01,-2.00000E+00,0.00000E+00
5.90000E+00,7.00000E+01,0.00000E+00,1.12282E-04
5.90000E+00,7.00000E+01,2.00000E+00,9.79068E-04
5.90000E+00,9.00000E+01,-2.00000E+00,0.00000E+00
5.90000E+00,9.00000E+01,0.00000E+00,0.00000E+00
5.90000E+00,9.00000E+01,2.00000E+00,1.04925E-03
5.90000E+00,1.10000E+02,-2.00000E+00,0.00000E+00
5.90000E+00,1.10000E+02,0.00000E+00,0.00000E+00
5.90000E+00,1.10000E+02,2.00000E+00,9.04950E-04
5.90000E+00,1.30000E+02,-2.00000E+00,0.00000E+00
5.90000E+00,1.30000E+02,0.00000E+00,0.00000E+00
5.90000E+00,1.30000E+02,2.00000E+00,1.62216E-03
5.90000E+00,1.50000E+02,-2.00000E+00,0.00000E+00
5.90000E+00,1.50000E+02,0.00000E+00,0.00000E+00
5.90000E+00,1.50000E+02,2.00000E+00,1.65710E-03
5.90000E+00,1.70000E+02,-2.00000E+00,0.00000E+00
5.90000E+00,1.70000E+02,0.00000E+00,0.00000E+00
5.90000E+00,1.70000E+02,2.00000E+00,5.40624E-04
5.90000E+00,1.90000E+02,-2.00000E+00,0.00000E+00
5.90000E+00,1.90000E+02,0.00000E+00,0.00000E+00
5.90000E+00,1.90000E+02,2.00000E+00,1.12367E-04
5.90000E+00,2.10000E+02,-2.00000E+00,0.00000E+00
5.90000E+00,2.10000E+02,0.00000E+00,0.00000E+00
5.90000E+00,2.10000E+02,2.00000E+00,3.14818E-05
5.90000E+00,2.30000E+02,-2.00000E+00,0.00000E+00
5.90000E+00,2.30000E+02,0.00000E+00,0.00000E+00
5.90000E+00,2.30000E+02,2.00000E+00,5.68070E-06
5.90000E+00,2.50000E+02,-2.00000E+00,0.00000E+00
5.90000E+00,2.50000E+02,0.00000E+00,0.00000E+00
5.90000E+00,2.50000E+02,2.00000E+00,6.53867E-08
5.90000E+00,2.70000E+02,-2.00000E+00,0.00000E+00
5.90000E+00,2.70000E+02,0.00000E+00,0.00000E+00
5.90000E+00,2.70000E+02,2.00000E+00,0.00000E+00
5.90000E+00,2.90000E+02,-2.00000E+00,0.00000E+00
5.90000E+00,2.90000E+02,0.00000E+00,0.00000E+00
5.90000E+00,2.90000E+02,2.00000E+00,0.00000E+00
5.90000E+00,3.10000E+02,-2.00000E+00,0.00000E+00
5.90000E+00,3.10000E+02,0.00000E+00,0.00000E+00
5.90000E+00,3.10000E+02,2.00000E+00,0.00000E+00
5.90000E+00,3.30000E+02,-2.00000E+00,0.00000E+00
5.90000E+00,3.30000E+02,0.00000E+00,0.00000E+00
5.90000E+00,3.30000E+02,2.00000E+00,0.00000E+00
5.90000E+00,3.50000E+02,-2.00000E+00,0.00000E+00
5.90000E+00,3.50000E+02,0.00000E+00,0.00000E+00
5.90000E+00,3.50000E+02,2.00000E+00,0.00000E+00
5.90000E+00,3.70000E+02,-2.00000E+00,0.00000E+00
5.90000E+00,3.70000E+02,0.00000E+00,0.00000E+00
5.90000E+00,3.70000E+02,2.00000E+00,0.00000E+00
5.90000E+00,3.90000E+02,-2.00000E+00,0.00000E+00
5.90000E+00,3.90000E+02,0.00000E+00,0.00000E+00
5.90000E+00,3.90000E+02,2.00000E+00,0.00000E+00
6.10000E+00,1.00000E+01,-2.00000E+00,7.03253E-05
6.10000E+00,1.00000E+01,0.00000E+00,4.08372E-04
6.10000E+00,1.00000E+01,2.00000E+00,9.41119E-05
6.10000E+00,3.00000E+01,-2.00000E+00,1.23933E-05
6.10000E+00,3.00000E+01,0.00000E+00,6.19148E-04
6.10000E+00,3.00000E+01,2.00000E+00,1.91043E-04
6.10000E+00,5.00000E+01,-2.00000E+00,0.00000E+00
6.10000E+00,5.00000E+01,0.00000E+00,8.47624E-04
6.10000E+00,5.00000E+01,2.00000E+00,5.77912E-04
6.10000E+00,7.00000E+01,-2.00000E+00,0.00000E+00
6.10000E+00,7.00000E+01,0.00000E+00,3.17278E-04
6.10000E+00,7.00000E+01,2.00000E+00,6.70363E-04
6.10000E+00,9.00000E+01,-2.00000E+00,0.00000E+00
6.10000E+00,9.00000E+01,0.00000E+00,7.82817E-05
6.10000E+00,9.00000E+01,2.00000E+00,1.11395E-03
6.10000E+00,1.10000E+02,-2.00000E+00,0.00000E+00
6.10000E+00,1.10000E+02,0.00000E+00,6.75008E-05
6.10000E+00,1.10000E+02,2.00000E+00,9.47714E-04
6.10000E+00,1.30000E+02,-2.00000E+00,0.00000E+00
6.10000E+00,1.30000E+02,0.00000E+00,1.32469E-04
6.10000E+00,1.30000E+02,2.00000E+00,1.66458E-03
6.10000E+00,1.50000E+02,-2.00000E+00,0.00000E+00
6.10000E+00,1.50000E+02,0.00000E+00,1.19359E-04
6.10000E+00,1.50000E+02,2.00000E+00,1.88785E-03
6.10000E+00,1.70000E+02,-2.00000E+00,0.00000E+00
6.10000E+00,1.70000E+02,0.00000E+00,2.68702E-07
6.10000E+00,1.70000E+02,2.00000E+00,6.40006E-04
6.10000E+00,1.90000E+02,-2.00000E+00,0.00000E+00
6.10000E+00,1.90000E+02,0.00000E+00,0.00000E+00
6.10000E+00,1.90000E+02,2.00000E+00,1.66788E-04
6.10000E+00,2.10000E+02,-2.00000E+00,0.00000E+00
6.10000E+00,2.10000E+02,0.00000E+00,0.00000E+00
6.10000E+00,2.10000E+02,2.00000E+00,5.62451E-05
6.10000E+00,2.30000E+02,-2.00000E+00,0.00000E+00
6.10000E+00,2.30000E+02,0.00000E+00,0.00000E+00
6.10000E+00,2.30000E+02,2.00000E+00,2.13652E-05
6.10000E+00,2.50000E+02,-2.00000E+00,0.00000E+00
6.10000E+00,2.50000E+02,0.00000E+00,0.00000E+00
6.10000E+00,2.50000E+02,2.00000E+00,3.10246E-06
6.10000E+00,2.70000E+02,-2.00000E+00,0.00000E+00
6.10000E+00,2.70000E+02,0.00000E+00,0.00000E+00
6.10000E+00,2.70000E+02,2.00000E+00,1.83266E-07
6.10000E+00,2.90000E+02,-2.00000E+00,0.00000E+00
6.10000E+00,2.90000E+02,0.00000E+00,0.00000E+00
6.10000E+00,2.90000E+02,2.00000E+00,0.00000E+00
6.10000E+00,3.10000E+02,-2.00000E+00,0.00000E+00
6.10000E+00,3.10000E+02,0.00000E+00,0.00000E+00
6.10000E+00,3.10000E+02,2.00000E+00,0.00000E+00
6.10000E+00,3.30000E+02,-2.00000E+00,0.00000E+00
6.10000E+00,3.30000E+02,0.00000E+00,0.00000E+00
6.10000E+00,3.30000E+02,2.00000E+00,0.00000E+00
6.10000E+00,3.50000E+02,-2.00000E+00,0.00000E+00
6.10000E+00,3.50000E+02,0.00000E+00,0.00000E+00
6.10000E+00,3.50000E+02,2.00000E+00,0.00000E+00
6.10000E+00,3.70000E+02,-2.00000E+00,0.00000E+00
6.10000E+00,3.70000E+02,0.00000E+00,0.00000E+00
6.10000E+00,3.70000E+02,2.00000E+00,0.00000E+00
6.10000E+00,3.90000E+02,-2.00000E+00,0.00000E+00
6.10000E+00,3.90000E+02,0.00000E+00,0.00000E+00
6.10000E+00,3.90000E+02,2.00000E+00,0.00000E+00
6.30000E+00,1.00000E+01,-2.00000E+00,4.32398E-05
6.30000E+00,1.00000E+01,0.00000E+00,2.20217E-04
6.30000E+00,1.00000E+01,2.00000E+00,5.07466E-05
6.30000E+00,3.00000E+01,-2.00000E+00,1.53462E-05
6.30000E+00,3.00000E+01,0.00000E+00,4.20085E-04
6.30000E+00,3.00000E+01,2.00000E+00,1.14472E-04
6.30000E+00,5.00000E+01,-2.00000E+00,0.00000E+00
6.30000E+00,5.00000E+01,0.00000E+00,9.08911E-04
6.30000E+00,5.00000E+01,2.00000E+00,4.57523E-04
6.30000E+00,7.00000E+01,-2.00000E+00,0.00000E+00
6.30000E+00,7.00000E+01,0.00000E+00,4.11368E-04
6.30000E+00,7.00000E+01,2.00000E+00,4.25508E-04
6.30000E+00,9.00000E+01,-2.00000E+00,0.00000E+00
6.30000E+00,9.00000E+01,0.00000E+00,3.02452E-04
6.30000E+00,9.00000E+01,2.00000E+00,8.76357E-04
6.30000E+00,1.10000E+02,-2.00000E+00,0.00000E+00
6.30000E+00,1.10000E+02,0.00000E+00,2.29589E-04
6.30000E+00,1.10000E+02,2.00000E+00,6.75513E-04
6.30000E+00,1.30000E+02,-2.00000E+00,0.00000E+00
6.30000E+00,1.30000E+02,0.00000E+00,4.58139E-04
6.30000E+00,1.30000E+02,2.00000E+00,1.64860E-03
6.30000E+00,1.50000E+02,-2.00000E+00,0.00000E+00
6.30000E+00,1.50000E+02,0.00000E+00,4.44723E-04
6.30000E+00,1.50000E+02,2.00000E+00,2.01534E-03
6.30000E+00,1.70000E+02,-2.00000E+00,0.00000E+00
6.30000E+00,1.70000E+02,0.00000E+00,3.45346E-05
6.30000E+00,1.70000E+02,2.00000E+00,6.74394E-04
6.30000E+00,1.90000E+02,-2.00000E+00,0.00000E+00
6.30000E+00,1.90000E+02,0.00000E+00,0.00000E+00
6.30000E+00,1.90000E+02,2.00000E+00,2.03591E-04
6.30000E+00,2.10000E+02,-2.00000E+00,0.00000E+00
6.30000E+00,2.10000E+02,0.00000E+00,0.00000E+00
6.30000E+00,2.10000E+02,2.00000E+00,7.56612E-05
6.30000E+00,2.30000E+02,-2.00000E+00,0.00000E+00
6.30000E+00,2.30000E+02,0.00000E+00,0.00000E+00
6.30000E+00,2.30000E+02,2.00000E+00,3.62840E-05
6.30000E+00,2.50000E+02,-2.00000E+00,0.00000E+00
6.30000E+00,2.50000E+02,0.00000E+00,0.00000E+00
6.30000E+00,2.50000E+02,2.00000E+00,8.60869E-06
6.30000E+00,2.70000E+02,-2.00000E+00,0.00000E+00
6.30000E+00,2.70000E+02,0.00000E+00,0.00000E+00
6.30000E+00,2.70000E+02,2.00000E+00,2.43411E-06
6.30000E+00,2.90000E+02,-2.00000E+00,0.00000E+00
6.30000E+00,2.90000E+02,0.00000E+00,0.00000E+00
6.30000E+00,2.90000E+02,2.00000E+00,2.55858E-07
6.30000E+00,3.10000E+02,-2.00000E+00,0.00000E+00
6.30000E+00,3.10000E+02,0.00000E+00,0.00000E+00
6.30000E+00,3.10000E+02,2.00000E+00,6.58357E-10
6.30000E+00,3.30000E+02,-2.00000E+00,0.00000E+00
6.30000E+00,3.30000E+02,0.00000E+00,0.00000E+00
6.30000E+00,3.30000E+02,2.00000E+00,0.00000E+00
6.30000E+00,3.50000E+02,-2.00000E+00,0.00000E+00
6.30000E+00,3.50000E+02,0.00000E+00,0.00000E+00
6.30000E+00,3.50000E+02,2.00000E+00,0.00000E+00
6.30000E+00,3.70000E+02,-2.00000E+00,0.00000E+00
6.30000E+00,3.70000E+02,0.00000E+00,0.00000E+00
6.30000E+00,3.70000E+02,2.00000E+00,0.00000E+00
6.30000E+00,3.90000E+02,-2.00000E+00,0.00000E+00
6.30000E+00,3.90000E+02,0.00000E+00,0.00000E+00
6.30000E+00,3.90000E+02,2.00000E+00,0.00000E+00
6.50000E+00,1.00000E+01,-2.00000E+00,1.32234E-05
6.50000E+00,1.00000E+01,0.00000E+00,6.03238E-05
6.50000E+00,1.00000E+01,2.00000E+00,1.39001E-05
6.50000E+00,3.00000E+01,-2.00000E+00,1.59553E-05
6.50000E+00,3.00000E+01,0.00000E+00,2.48335E-04
6.50000E+00,3.00000E+01,2.00000E+00,6.31948E-05
6.50000E+00,5.00000E+01,-2.00000E+00,2.47569E-07
6.50000E+00,5.00000E+01,0.00000E+00,9.28426E-04
6.50000E+00,5.00000E+01,2.00000E+00,3.88224E-04
6.50000E+00,7.00000E+01,-2.00000E+00,0.00000E+00
6.50000E+00,7.00000E+01,0.00000E+00,4.38247E-04
6.50000E+00,7.00000E+01,2.00000E+00,3.03002E-04
6.50000E+00,9.00000E+01,-2.00000E+00,0.00000E+00
6.50000E+00,9.00000E+01,0.00000E+00,4.93600E-04
6.50000E+00,9.00000E+01,2.00000E+00,5.49058E-04
6.50000E+00,1.10000E+02,-2.00000E+00,0.00000E+00
6.50000E+00,1.10000E+02,0.00000E+00,4.40414E-04
6.50000E+00,1.10000E+02,2.00000E+00,4.97918E-04
6.50000E+00,1.30000E+02,-2.00000E+00,0.00000E+00
6.50000E+00,1.30000E+02,0.00000E+00,1.11262E-03
6.50000E+00,1.30000E+02,2.00000E+00,1.62751E-03
6.50000E+00,1.50000E+02,-2.00000E+00,0.00000E+00
6.50000E+00,1.50000E+02,0.00000E+00,1.03331E-03
6.50000E+00,1.50000E+02,2.00000E+00,1.70403E-03
6.50000E+00,1.70000E+02,-2.00000E+00,0.00000E+00
6.50000E+00,1.70000E+02,0.00000E+00,1.27650E-04
6.50000E+00,1.70000E+02,2.00000E+00,5.89235E-04
6.50000E+00,1.90000E+02,-2.00000E+00,0.00000E+00
6.50000E+00,1.90000E+02,0.00000E+00,5.31230E-06
6.50000E+00,1.90000E+02,2.00000E+00,1.71578E-04
6.50000E+00,2.10000E+02,-2.00000E+00,0.00000E+00
6.50000E+00,2.10000E+02,0.00000E+00,0.00000E+00
6.50000E+00,2.10000E+02,2.00000E+00,8.47067E-05
6.50000E+00,2.30000E+02,-2.00000E+00,0.00000E+00
6.50000E+00,2.30000E+02,0.00000E+00,0.00000E+00
6.50000E+00,2.30000E+02,2.00000E+00,4.71904E-05
6.50000E+00,2.50000E+02,-2.00000E+00,0.00000E+00
6.50000E+00,2.50000E+02,0.00000E+00,0.00000E+00
6.50000E+00,2.50000E+02,2.00000E+00,1.29531E-05
6.50000E+00,2.70000E+02,-2.00000E+00,0.00000E+00
6.50000E+00,2.70000E+02,0.00000E+00,0.00000E+00
6.50000E+00,2.70000E+02,2.00000E+00,5.39461E-06
6.50000E+00,2.90000E+02,-2.00000E+00,0.00000E+00
6.50000E+00,2.90000E+02,0.00000E+00,0.00000E+00
6.50000E+00,2.90000E+02,2.00000E+00,1.88632E-06
6.50000E+00,3.10000E+02,-2.00000E+00,0.00000E+00
6.50000E+00,3.10000E+02,0.00000E+00,0.00000E+00
6.50000E+00,3.10000E+02,2.00000E+00,3.88560E-07
6.50000E+00,3.30000E+02,-2.00000E+00,0.00000E+00
6.50000E+00,3.30000E+02,0.00000E+00,0.00000E+00
6.50000E+00,3.30000E+02,2.00000E+00,6.97265E-09
6.50000E+00,3.50000E+02,-2.00000E+00,0.00000E+00
6.50000E+00,3.50000E+02,0.00000E+00,0.00000E+00
6.50000E+00,3.50000E+02,2.00000E+00,0.00000E+00
6.50000E+00,3.70000E+02,-2.00000E+00,0.00000E+00
6.50000E+00,3.70000E+02,0.00000E+00,0.00000E+00
6.50000E+00,3.70000E+02,2.00000E+00,0.00000E+00
6.50000E+00,3.90000E+02,-2.00000E+00,0.00000E+00
6.50000E+00,3.90000E+02,0.00000E+00,0.00000E+00
6.50000E+00,3.90000E+02,2.00000E+00,0.00000E+00
6.70000E+00,1.00000E+01,-2.00000E+00,8.68290E-06
6.70000E+00,1.00000E+01,0.00000E+00,3.86591E-05
6.70000E+00,1.00000E+01,2.00000E+00,8.90796E-06
6.70000E+00,3.00000E+01,-2.00000E+00,1.37953E-05
6.70000E+00,3.00000E+01,0.00000E+00,1.37218E-04
6.70000E+00,3.00000E+01,2.00000E+00,3.27514E-05
6.70000E+00,5.00000E+01,-2.00000E+00,3.79446E-06
6.70000E+00,5.00000E+01,0.00000E+00,7.82663E-04
6.70000E+00,5.00000E+01,2.00000E+00,2.81972E-04
6.70000E+00,7.00000E+01,-2.00000E+00,0.00000E+00
6.70000E+00,7.00000E+01,0.00000E+00,4.65884E-04
6.70000E+00,7.00000E+01,2.00000E+00,2.43931E-04
6.70000E+00,9.00000E+01,-2.00000E+00,0.00000E+00
6.70000E+00,9.00000E+01,0.00000E+00,7.45409E-04
6.70000E+00,9.00000E+01,2.00000E+00,5.53944E-04
6.70000E+00,1.10000E+02,-2.00000E+00,0.00000E+00
6.70000E+00,1.10000E+02,0.00000E+00,6.11301E-04
6.70000E+00,1.10000E+02,2.00000E+00,4.77988E-04
6.70000E+00,1.30000E+02,-2.00000E+00,0.00000E+00
6.70000E+00,1.30000E+02,0.00000E+00,1.59767E-03
6.70000E+00,1.30000E+02,2.00000E+00,1.41044E-03
6.70000E+00,1.50000E+02,-2.00000E+00,0.00000E+00
6.70000E+00,1.50000E+02,0.00000E+00,1.23400E-03
6.70000E+00,1.50000E+02,2.00000E+00,1.18264E-03
6.70000E+00,1.70000E+02,-2.00000E+00,0.00000E+00
6.70000E+00,1.70000E+02,0.00000E+00,2.37201E-04
6.70000E+00,1.70000E+02,2.00000E+00,4.16618E-04
6.70000E+00,1.90000E+02,-2.00000E+00,0.00000E+00
6.70000E+00,1.90000E+02,0.00000E+00,2.62369E-05
6.70000E+00,1.90000E+02,2.00000E+00,1.19282E-04
6.70000E+00,2.10000E+02,-2.00000E+00,0.00000E+00
6.70000E+00,2.10000E+02,0.00000E+00,1.57437E-07
6.70000E+00,2.10000E+02,2.00000E+00,1.69228E-04
6.70000E+00,2.30000E+02,-2.00000E+00,0.00000E+00
6.70000E+00,2.30000E+02,0.00000E+00,0.00000E+00
6.70000E+00,2.30000E+02,2.00000E+00,5.36998E-05
6.70000E+00,2.50000E+02,-2.00000E+00,0.00000E+00
6.70000E+00,2.50000E+02,0.00000E+00,0.00000E+00
6.70000E+00,2.50000E+02,2.00000E+00,1.37574E-05
6.70000E+00,2.70000E+02,-2.00000E+00,0.00000E+00
6.70000E+00,2.70000E+02,0.00000E+00,0.00000E+00
6.70000E+00,2.70000E+02,2.00000E+00,7.32164E-06
6.70000E+00,2.90000E+02,-2.00000E+00,0.00000E+00
6.70000E+00,2.90000E+02,0.00000E+00,0.00000E+00
6.70000E+00,2.90000E+02,2.00000E+00,3.44262E-06
6.70000E+00,3.10000E+02,-2.00000E+00,0.00000E+00
6.70000E+00,3.10000E+02,0.00000E+00,0.00000E+00
6.70000E+00,3.10000E+02,2.00000E+00,1.41399E-06
6.70000E+00,3.30000E+02,-2.00000E+00,0.00000E+00
6.70000E+00,3.30000E+02,0.00000E+00,0.00000E+00
6.70000E+00,3.30000E+02,2.00000E+00,3.62404E-07
6.70000E+00,3.50000E+02,-2.00000E+00,0.00000E+00
6.70000E+00,3.50000E+02,0.00000E+00,0.00000E+00
6.70000E+00,3.50000E+02,2.00000E+00,1.81180E-08
6.70000E+00,3.70000E+02,-2.00000E+00,0.00000E+00
6.70000E+00,3.70000E+02,0.00000E+00,0.00000E+00
6.70000E+00,3.70000E+02,2.00000E+00,0.00000E+00
6.70000E+00,3.90000E+02,-2.00000E+00,0.00000E+00
6.70000E+00,3.90000E+02,0.00000E+00,0.00000E+00
6.70000E+00,3.90000E+02,2.00000E+00,0.00000E+00
6.90000E+00,1.00000E+01,-2.00000E+00,6.04831E-06
6.90000E+00,1.00000E+01,0.00000E+00,2.67301E-05
6.90000E+00,1.00000E+01,2.00000E+00,6.15921E-06
6.90000E+00,3.00000E+01,-2.00000E+00,1.07359E-05
6.90000E+00,3.00000E+01,0.00000E+00,9.87927E-05
6.90000E+00,3.00000E+01,2.00000E+00,2.30111E-05
6.90000E+00,5.00000E+01,-2.00000E+00,6.89801E-06
6.90000E+00,5.00000E+01,0.00000E+00,7.22124E-04
6.90000E+00,5.00000E+01,2.00000E+00,2.14423E-04
6.90000E+00,7.00000E+01,-2.00000E+00,0.00000E+00
6.90000E+00,7.00000E+01,0.00000E+00,2.87566E-04
6.90000E+00,7.00000E+01,2.00000E+00,1.25516E-04
6.90000E+00,9.00000E+01,-2.00000E+00,0.00000E+00
6.90000E+00,9.00000E+01,0.00000E+00,1.23927E-03
6.90000E+00,9.00000E+01,2.00000E+00,6.95034E-04
6.90000E+00,1.10000E+02,-2.00000E+00,0.00000E+00
6.90000E+00,1.10000E+02,0.00000E+00,6.19822E-04
6.90000E+00,1.10000E+02,2.00000E+00,3.52958E-04
6.90000E+00,1.30000E+02,-2.00000E+00,0.00000E+00
6.90000E+00,1.30000E+02,0.00000E+00,1.15375E-03
6.90000E+00,1.30000E+02,2.00000E+00,6.95049E-04
6.90000E+00,1.50000E+02,-2.00000E+00,0.00000E+00
6.90000E+00,1.50000E+02,0.00000E+00,8.60081E-04
6.90000E+00,1.50000E+02,2.00000E+00,5.35783E-04
6.90000E+00,1.70000E+02,-2.00000E+00,0.00000E+00
6.90000E+00,1.70000E+02,0.00000E+00,2.56678E-04
6.90000E+00,1.70000E+02,2.00000E+00,2.41510E-04
6.90000E+00,1.90000E+02,-2.00000E+00,0.00000E+00
6.90000E+00,1.90000E+02,0.00000E+00,3.54070E-05
6.90000E+00,1.90000E+02,2.00000E+00,8.95312E-05
6.90000E+00,2.10000E+02,-2.00000E+00,0.00000E+00
6.90000E+00,2.10000E+02,0.00000E+00,5.05653E-06
6.90000E+00,2.10000E+02,2.00000E+00,2.42735E-04
6.90000E+00,2.30000E+02,-2.00000E+00,0.00000E+00
6.90000E+00,2.30000E+02,0.00000E+00,0.00000E+00
6.90000E+00,2.30000E+02,2.00000E+00,5.62657E-05
6.90000E+00,2.50000E+02,-2.00000E+00,0.00000E+00
6.90000E+00,2.50000E+02,0.00000E+00,0.00000E+00
6.90000E+00,2.50000E+02,2.00000E+00,1.75234E-05
6.90000E+00,2.70000E+02,-2.00000E+00,0.00000E+00
6.90000E+00,2.70000E+02,0.00000E+00,0.00000E+00
6.90000E+00,2.70000E+02,2.00000E+00,1.36759E-05
6.90000E+00,2.90000E+02,-2.00000E+00,0.00000E+00
6.90000E+00,2.90000E+02,0.00000E+00,0.00000E+00
6.90000E+00,2.90000E+02,2.00000E+00,5.48472E-06
6.90000E+00,3.10000E+02,-2.00000E+00,0.00000E+00
6.90000E+00,3.10000E+02,0.00000E+00,0.00000E+00
6.90000E+00,3.10000E+02,2.00000E+00,2.34047E-06
6.90000E+00,3.30000E+02,-2.00000E+00,0.00000E+00
6.90000E+00,3.30000E+02,0.00000E+00,0.00000E+00
6.90000E+00,3.30000E+02,2.00000E+00,1.82536E-06
6.90000E+00,3.50000E+02,-2.00000E+00,0.00000E+00
6.90000E+00,3.50000E+02,0.00000E+00,0.00000E+00
6.90000E+00,3.50000E+02,2.00000E+00,3.15016E-07
6.90000E+00,3.70000E+02,-2.00000E+00,0.00000E+00
6.90000E+00,3.70000E+02,0.00000E+00,0.00000E+00
6.90000E+00,3.70000E+02,2.00000E+00,2.22300E-08
6.90000E+00,3.90000E+02,-2.00000E+00,0.00000E+00
6.90000E+00,3.90000E+02,0.00000E+00,0.00000E+00
6.90000E+00,3.90000E+02,2.00000E+00,0.00000E+00
7.10000E+00,1.00000E+01,-2.00000E+00,4.36001E-06
7.10000E+00,1.00000E+01,0.00000E+00,1.91372E-05
7.10000E+00,1.00000E+01,2.00000E+00,4.40963E-06
7.10000E+00,3.00000E+01,-2.00000E+00,1.36773E-05
7.10000E+00,3.00000E+01,0.00000E+00,1.23858E-04
7.10000E+00,3.00000E+01,2.00000E+00,2.85461E-05
7.10000E+00,5.00000E+01,-2.00000E+00,9.75232E-06
7.10000E+00,5.00000E+01,0.00000E+00,7.76983E-04
7.10000E+00,5.00000E+01,2.00000E+00,2.04784E-04
7.10000E+00,7.00000E+01,-2.00000E+00,7.90993E-08
7.10000E+00,7.00000E+01,0.00000E+00,2.46089E-04
7.10000E+00,7.00000E+01,2.00000E+00,8.88007E-05
7.10000E+00,9.00000E+01,-2.00000E+00,0.00000E+00
7.10000E+00,9.00000E+01,0.00000E+00,6.39196E-04
7.10000E+00,9.00000E+01,2.00000E+00,2.80006E-04
7.10000E+00,1.10000E+02,-2.00000E+00,0.00000E+00
7.10000E+00,1.10000E+02,0.00000E+00,5.29902E-04
7.10000E+00,1.10000E+02,2.00000E+00,2.33538E-04
7.10000E+00,1.30000E+02,-2.00000E+00,0.00000E+00
7.10000E+00,1.30000E+02,0.00000E+00,1.01321E-03
7.10000E+00,1.30000E+02,2.00000E+00,4.84686E-04
7.10000E+00,1.50000E+02,-2.00000E+00,0.00000E+00
7.10000E+00,1.50000E+02,0.00000E+00,7.42084E-04
7.10000E+00,1.50000E+02,2.00000E+00,3.50716E-04
7.10000E+00,1.70000E+02,-2.00000E+00,0.00000E+00
7.10000E+00,1.70000E+02,0.00000E+00,2.13321E-04
7.10000E+00,1.70000E+02,2.00000E+00,1.34410E-04
7.10000E+00,1.90000E+02,-2.00000E+00,0.00000E+00
7.10000E+00,1.90000E+02,0.00000E+00,3.72044E-05
7.10000E+00,1.90000E+02,2.00000E+00,6.69378E-05
7.10000E+00,2.10000E+02,-2.00000E+00,0.00000E+00
7.10000E+00,2.10000E+02,0.00000E+00,1.20168E-05
7.10000E+00,2.10000E+02,2.00000E+00,2.10020E-04
7.10000E+00,2.30000E+02,-2.00000E+00,0.00000E+00
7.10000E+00,2.30000E+02,0.00000E+00,7.87996E-07
7.10000E+00,2.30000E+02,2.00000E+00,4.24265E-05
7.10000E+00,2.50000E+02,-2.00000E+00,0.00000E+00
7.10000E+00,2.50000E+02,0.00000E+00,0.00000E+00
7.10000E+00,2.50000E+02,2.00000E+00,2.08004E-05
7.10000E+00,2.70000E+02,-2.00000E+00,0.00000E+00
7.10000E+00,2.70000E+02,0.00000E+00,0.00000E+00
7.10000E+00,2.70000E+02,2.00000E+00,2.01686E-05
7.10000E+00,2.90000E+02,-2.00000E+00,0.00000E+00
7.10000E+00,2.90000E+02,0.00000E+00,0.00000E+00
7.10000E+00,2.90000E+02,2.00000E+00,5.94081E-06
7.10000E+00,3.10000E+02,-2.00000E+00,0.00000E+00
7.10000E+00,3.10000E+02,0.00000E+00,0.00000E+00
7.10000E+00,3.10000E+02,2.00000E+00,3.79131E-06
7.10000E+00,3.30000E+02,-2.00000E+00,0.00000E+00
7.10000E+00,3.30000E+02,0.00000E+00,0.00000E+00
7.10000E+00,3.30000E+02,2.00000E+00,6.02678E-06
7.10000E+00,3.50000E+02,-2.00000E+00,0.00000E+00
7.10000E+00,3.50000E+02,0.00000E+00,0.00000E+00
7.10000E+00,3.50000E+02,2.00000E+00,1.13255E-06
7.10000E+00,3.70000E+02,-2.00000E+00,0.00000E+00
7.10000E+00,3.70000E+02,0.00000E+00,0.00000E+00
7.10000E+00,3.70000E+02,2.00000E+00,1.90198E-07
7.10000E+00,3.90000E+02,-2.00000E+00,0.00000E+00
7.10000E+00,3.90000E+02,0.00000E+00,0.00000E+00
7.10000E+00,3.90000E+02,2.00000E+00,2.36636E-08
7.30000E+00,1.00000E+01,-2.00000E+00,3.09833E-06
7.30000E+00,1.00000E+01,0.00000E+00,1.35311E-05
7.30000E+00,1.00000E+01,2.00000E+00,3.11786E-06
7.30000E+00,3.00000E+01,-2.00000E+00,2.02717E-05
7.30000E+00,3.00000E+01,0.00000E+00,2.01297E-04
7.30000E+00,3.00000E+01,2.00000E+00,4.63864E-05
7.30000E+00,5.00000E+01,-2.00000E+00,5.06274E-06
7.30000E+00,5.00000E+01,0.00000E+00,5.67894E-04
7.30000E+00,5.00000E+01,2.00000E+00,1.41214E-04
7.30000E+00,7.00000E+01,-2.00000E+00,2.47066E-07
7.30000E+00,7.00000E+01,0.00000E+00,1.11198E-04
7.30000E+00,7.00000E+01,2.00000E+00,3.31464E-05
7.30000E+00,9.00000E+01,-2.00000E+00,0.00000E+00
7.30000E+00,9.00000E+01,0.00000E+00,2.43533E-04
7.30000E+00,9.00000E+01,2.00000E+00,8.89429E-05
7.30000E+00,1.10000E+02,-2.00000E+00,0.00000E+00
7.30000E+00,1.10000E+02,0.00000E+00,4.95637E-04
7.30000E+00,1.10000E+02,2.00000E+00,1.94685E-04
7.30000E+00,1.30000E+02,-2.00000E+00,0.00000E+00
7.30000E+00,1.30000E+02,0.00000E+00,6.70173E-04
7.30000E+00,1.30000E+02,2.00000E+00,2.68261E-04
7.30000E+00,1.50000E+02,-2.00000E+00,0.00000E+00
7.30000E+00,1.50000E+02,0.00000E+00,3.62598E-04
7.30000E+00,1.50000E+02,2.00000E+00,1.46271E-04
7.30000E+00,1.70000E+02,-2.00000E+00,0.00000E+00
7.30000E+00,1.70000E+02,0.00000E+00,8.31136E-05
7.30000E+00,1.70000E+02,2.00000E+00,4.19838E-05
7.30000E+00,1.90000E+02,-2.00000E+00,0.00000E+00
7.30000E+00,1.90000E+02,0.00000E+00,3.66477E-05
7.30000E+00,1.90000E+02,2.00000E+00,3.43089E-05
7.30000E+00,2.10000E+02,-2.00000E+00,0.00000E+00
7.30000E+00,2.10000E+02,0.00000E+00,1.64045E-05
7.30000E+00,2.10000E+02,2.00000E+00,7.67502E-05
7.30000E+00,2.30000E+02,-2.00000E+00,0.00000E+00
7.30000E+00,2.30000E+02,0.00000E+00,2.65643E-06
7.30000E+00,2.30000E+02,2.00000E+00,1.38008E-05
7.30000E+00,2.50000E+02,-2.00000E+00,0.00000E+00
7.30000E+00,2.50000E+02,0.00000E+00,4.98936E-09
7.30000E+00,2.50000E+02,2.00000E+00,2.05410E-05
7.30000E+00,2.70000E+02,-2.00000E+00,0.00000E+00
7.30000E+00,2.70000E+02,0.00000E+00,0.00000E+00
7.30000E+00,2.70000E+02,2.00000E+00,1.57069E-05
7.30000E+00,2.90000E+02,-2.00000E+00,0.00000E+00
7.30000E+00,2.90000E+02,0.00000E+00,0.00000E+00
7.30000E+00,2.90000E+02,2.00000E+00,6.95592E-06
7.30000E+00,3.10000E+02,-2.00000E+00,0.00000E+00
7.30000E+00,3.10000E+02,0.00000E+00,0.00000E+00
7.30000E+00,3.10000E+02,2.00000E+00,5.89894E-06
7.30000E+00,3.30000E+02,-2.00000E+00,0.00000E+00
7.30000E+00,3.30000E+02,0.00000E+00,0.00000E+00
7.30000E+00,3.30000E+02,2.00000E+00,7.32500E-06
7.30000E+00,3.50000E+02,-2.00000E+00,0.00000E+00
7.30000E+00,3.50000E+02,0.00000E+00,0.00000E+00
7.30000E+00,3.50000E+02,2.00000E+00,2.00592E-06
7.30000E+00,3.70000E+02,-2.00000E+00,0.00000E+00
7.30000E+00,3.70000E+02,0.00000E+00,0.00000E+00
7.30000E+00,3.70000E+02,2.00000E+00,3.07071E-07
7.30000E+00,3.90000E+02,-2.00000E+00,0.00000E+00
7.30000E+00,3.90000E+02,0.00000E+00,0.00000E+00
7.30000E+00,3.90000E+02,2.00000E+00,1.16835E-07
7.50000E+00,1.00000E+01,-2.00000E+00,1.98760E-06
7.50000E+00,1.00000E+01,0.00000E+00,8.66891E-06
7.50000E+00,1.00000E+01,2.00000E+00,1.99750E-06
7.50000E+00,3.00000E+01,-2.00000E+00,4.45949E-05
7.50000E+00,3.00000E+01,0.00000E+00,3.65570E-04
7.50000E+00,3.00000E+01,2.00000E+00,8.42466E-05
7.50000E+00,5.00000E+01,-2.00000E+00,5.13504E-06
7.50000E+00,5.00000E+01,0.00000E+00,1.29086E-04
7.50000E+00,5.00000E+01,2.00000E+00,2.99915E-05
7.50000E+00,7.00000E+01,-2.00000E+00,4.90446E-07
7.50000E+00,7.00000E+01,0.00000E+00,5.39010E-05
7.50000E+00,7.00000E+01,2.00000E+00,1.53478E-05
7.50000E+00,9.00000E+01,-2.00000E+00,0.00000E+00
7.50000E+00,9.00000E+01,0.00000E+00,3.31451E-05
7.50000E+00,9.00000E+01,2.00000E+00,8.84013E-06
7.50000E+00,1.10000E+02,-2.00000E+00,0.00000E+00
7.50000E+00,1.10000E+02,0.00000E+00,1.50874E-04
7.50000E+00,1.10000E+02,2.00000E+00,4.84651E-05
7.50000E+00,1.30000E+02,-2.00000E+00,0.00000E+00
7.50000E+00,1.30000E+02,0.00000E+00,5.14393E-04
7.50000E+00,1.30000E+02,2.00000E+00,1.81862E-04
7.50000E+00,1.50000E+02,-2.00000E+00,0.00000E+00
7.50000E+00,1.50000E+02,0.00000E+00,1.87307E-04
7.50000E+00,1.50000E+02,2.00000E+00,6.64809E-05
7.50000E+00,1.70000E+02,-2.00000E+00,0.00000E+00
7.50000E+00,1.70000E+02,0.00000E+00,4.42589E-05
7.50000E+00,1.70000E+02,2.00000E+00,2.04402E-05
7.50000E+00,1.90000E+02,-2.00000E+00,0.00000E+00
7.50000E+00,1.90000E+02,0.00000E+00,2.12236E-05
7.50000E+00,1.90000E+02,2.00000E+00,1.46936E-05
7.50000E+00,2.10000E+02,-2.00000E+00,0.00000E+00
7.50000E+00,2.10000E+02,0.00000E+00,1.39391E-05
7.50000E+00,2.10000E+02,2.00000E+00,1.38962E-05
7.50000E+00,2.30000E+02,-2.00000E+00,0.00000E+00
7.50000E+00,2.30000E+02,0.00000E+00,2.71210E-06
7.50000E+00,2.30000E+02,2.00000E+00,6.75086E-06
7.50000E+00,2.50000E+02,-2.00000E+00,0.00000E+00
7.50000E+00,2.50000E+02,0.00000E+00,2.28547E-07
7.50000E+00,2.50000E+02,2.00000E+00,6.47517E-06
7.50000E+00,2.70000E+02,-2.00000E+00,0.00000E+00
7.50000E+00,2.70000E+02,0.00000E+00,0.00000E+00
7.50000E+00,2.70000E+02,2.00000E+00,6.05345E-06
7.50000E+00,2.90000E+02,-2.00000E+00,0.00000E+00
7.50000E+00,2.90000E+02,0.00000E+00,0.00000E+00
7.50000E+00,2.90000E+02,2.00000E+00,1.23200E-05
7.50000E+00,3.10000E+02,-2.00000E+00,0.00000E+00
7.50000E+00,3.10000E+02,0.00000E+00,0.00000E+00
7.50000E+00,3.10000E+02,2.00000E+00,3.37189E-06
7.50000E+00,3.30000E+02,-2.00000E+00,0.00000E+00
7.50000E+00,3.30000E+02,0.00000E+00,0.00000E+00
7.50000E+00,3.30000E+02,2.00000E+00,4.58369E-06
7.50000E+00,3.50000E+02,-2.00000E+00,0.00000E+00
7.50000E+00,3.50000E+02,0.00000E+00,0.00000E+00
7.50000E+00,3.50000E+02,2.00000E+00,5.49627E-07
7.50000E+00,3.70000E+02,-2.00000E+00,0.00000E+00
7.50000E+00,3.70000E+02,0.00000E+00,0.00000E+00
7.50000E+00,3.70000E+02,2.00000E+00,2.94946E-07
7.50000E+00,3.90000E+02,-2.00000E+00,0.00000E+00
7.50000E+00,3.90000E+02,0.00000E+00,0.00000E+00
7.50000E+00,3.90000E+02,2.00000E+00,1.38744E-07
7.70000E+00,1.00000E+01,-2.00000E+00,6.09557E-07
7.70000E+00,1.00000E+01,0.00000E+00,2.65372E-06
7.70000E+00,1.00000E+01,2.00000E+00,6.11470E-07
7.70000E+00,3.00000E+01,-2.00000E+00,8.03562E-07
7.70000E+00,3.00000E+01,0.00000E+00,3.89191E-06
7.70000E+00,3.00000E+01,2.00000E+00,8.96775E-07
7.70000E+00,5.00000E+01,-2.00000E+00,6.90867E-07
7.70000E+00,5.00000E+01,0.00000E+00,5.54039E-06
7.70000E+00,5.00000E+01,2.00000E+00,1.28383E-06
7.70000E+00,7.00000E+01,-2.00000E+00,2.47397E-07
7.70000E+00,7.00000E+01,0.00000E+00,7.38990E-06
7.70000E+00,7.00000E+01,2.00000E+00,1.78952E-06
7.70000E+00,9.00000E+01,-2.00000E+00,2.28086E-09
7.70000E+00,9.00000E+01,0.00000E+00,9.13315E-06
7.70000E+00,9.00000E+01,2.00000E+00,2.27241E-06
7.70000E+00,1.10000E+02,-2.00000E+00,0.00000E+00
7.70000E+00,1.10000E+02,0.00000E+00,1.05710E-05
7.70000E+00,1.10000E+02,2.00000E+00,2.65791E-06
7.70000E+00,1.30000E+02,-2.00000E+00,0.00000E+00
7.70000E+00,1.30000E+02,0.00000E+00,1.12011E-05
7.70000E+00,1.30000E+02,2.00000E+00,2.84205E-06
7.70000E+00,1.50000E+02,-2.00000E+00,0.00000E+00
7.70000E+00,1.50000E+02,0.00000E+00,1.04402E-05
7.70000E+00,1.50000E+02,2.00000E+00,2.72135E-06
7.70000E+00,1.70000E+02,-2.00000E+00,0.00000E+00
7.70000E+00,1.70000E+02,0.00000E+00,7.63104E-06
7.70000E+00,1.70000E+02,2.00000E+00,2.49190E-06
7.70000E+00,1.90000E+02,-2.00000E+00,0.00000E+00
7.70000E+00,1.90000E+02,0.00000E+00,4.66820E-06
7.70000E+00,1.90000E+02,2.00000E+00,2.21289E-06
7.70000E+00,2.10000E+02,-2.00000E+00,0.00000E+00
7.70000E+00,2.10000E+02,0.00000E+00,2.38635E-06
7.70000E+00,2.10000E+02,2.00000E+00,1.91776E-06
7.70000E+00,2.30000E+02,-2.00000E+00,0.00000E+00
7.70000E+00,2.30000E+02,0.00000E+00,9.45001E-07
7.70000E+00,2.30000E+02,2.00000E+00,1.62765E-06
7.70000E+00,2.50000E+02,-2.00000E+00,0.00000E+00
7.70000E+00,2.50000E+02,0.00000E+00,2.01456E-07
7.70000E+00,2.50000E+02,2.00000E+00,1.37653E-06
7.70000E+00,2.70000E+02,-2.00000E+00,0.00000E+00
7.70000E+00,2.70000E+02,0.00000E+00,0.00000E+00
7.70000E+00,2.70000E+02,2.00000E+00,9.76513E-07
7.70000E+00,2.90000E+02,-2.00000E+00,0.00000E+00
7.70000E+00,2.90000E+02,0.00000E+00,0.00000E+00
7.70000E+00,2.90000E+02,2.00000E+00,9.36913E-07
7.70000E+00,3.10000E+02,-2.00000E+00,0.00000E+00
7.70000E+00,3.10000E+02,0.00000E+00,0.00000E+00
7.70000E+00,3.10000E+02,2.00000E+00,8.65691E-07
7.70000E+00,3.30000E+02,-2.00000E+00,0.00000E+00
7.70000E+00,3.30000E+02,0.00000E+00,0.00000E+00
7.70000E+00,3.30000E+02,2.00000E+00,4.51541E-07
7.70000E+00,3.50000E+02,-2.00000E+00,0.00000E+00
7.70000E+00,3.50000E+02,0.00000E+00,0.00000E+00
7.70000E+00,3.50000E+02,2.00000E+00,2.04969E-07
7.70000E+00,3.70000E+02,-2.00000E+00,0.00000E+00
7.70000E+00,3.70000E+02,0.00000E+00,0.00000E+00
7.70000E+00,3.70000E+02,2.00000E+00,9.83923E-08
7.70000E+00,3.90000E+02,-2.00000E+00,0.00000E+00
7.70000E+00,3.90000E+02,0.00000E+00,0.00000E+00
7.70000E+00,3.90000E+02,2.00000E+00,5.38811E-08
7.90000E+00,1.00000E+01,-2.00000E+00,4.00024E-08
7.90000E+00,1.00000E+01,0.00000E+00,1.74011E-07
7.90000E+00,1.00000E+01,2.00000E+00,4.00955E-08
7.90000E+00,3.00000E+01,-2.00000E+00,4.71692E-08
7.90000E+00,3.00000E+01,0.00000E+00,2.24243E-07
7.90000E+00,3.00000E+01,2.00000E+00,5.16701E-08
7.90000E+00,5.00000E+01,-2.00000E+00,4.28014E-08
7.90000E+00,5.00000E+01,0.00000E+00,3.18392E-07
7.90000E+00,5.00000E+01,2.00000E+00,7.35192E-08
7.90000E+00,7.00000E+01,-2.00000E+00,2.03798E-08
7.90000E+00,7.00000E+01,0.00000E+00,4.23211E-07
7.90000E+00,7.00000E+01,2.00000E+00,1.01022E-07
7.90000E+00,9.00000E+01,-2.00000E+00,7.29085E-09
7.90000E+00,9.00000E+01,0.00000E+00,5.39880E-07
7.90000E+00,9.00000E+01,2.00000E+00,1.30863E-07
7.90000E+00,1.10000E+02,-2.00000E+00,6.70477E-09
7.90000E+00,1.10000E+02,0.00000E+00,6.28017E-07
7.90000E+00,1.10000E+02,2.00000E+00,1.53421E-07
7.90000E+00,1.30000E+02,-2.00000E+00,5.12740E-09
7.90000E+00,1.30000E+02,0.00000E+00,6.21124E-07
7.90000E+00,1.30000E+02,2.00000E+00,1.52890E-07
7.90000E+00,1.50000E+02,-2.00000E+00,2.15634E-09
7.90000E+00,1.50000E+02,0.00000E+00,5.71849E-07
7.90000E+00,1.50000E+02,2.00000E+00,1.43608E-07
7.90000E+00,1.70000E+02,-2.00000E+00,0.00000E+00
7.90000E+00,1.70000E+02,0.00000E+00,4.23235E-07
7.90000E+00,1.70000E+02,2.00000E+00,1.29765E-07
7.90000E+00,1.90000E+02,-2.00000E+00,0.00000E+00
7.90000E+00,1.90000E+02,0.00000E+00,2.55547E-07
7.90000E+00,1.90000E+02,2.00000E+00,1.09430E-07
7.90000E+00,2.10000E+02,-2.00000E+00,0.00000E+00
7.90000E+00,2.10000E+02,0.00000E+00,1.30966E-07
7.90000E+00,2.10000E+02,2.00000E+00,8.98235E-08
7.90000E+00,2.30000E+02,-2.00000E+00,0.00000E+00
7.90000E+00,2.30000E+02,0.00000E+00,5.55895E-08
7.90000E+00,2.30000E+02,2.00000E+00,7.52768E-08
7.90000E+00,2.50000E+02,-2.00000E+00,0.00000E+00
7.90000E+00,2.50000E+02,0.00000E+00,1.63467E-08
7.90000E+00,2.50000E+02,2.00000E+00,6.23962E-08
7.90000E+00,2.70000E+02,-2.00000E+00,0.00000E+00
7.90000E+00,2.70000E+02,0.00000E+00,2.64634E-10
7.90000E+00,2.70000E+02,2.00000E+00,4.96773E-08
7.90000E+00,2.90000E+02,-2.00000E+00,0.00000E+00
7.90000E+00,2.90000E+02,0.00000E+00,0.00000E+00
7.90000E+00,2.90000E+02,2.00000E+00,3.42602E-08
7.90000E+00,3.10000E+02,-2.00000E+00,0.00000E+00
7.90000E+00,3.10000E+02,0.00000E+00,0.00000E+00
7.90000E+00,3.10000E+02,2.00000E+00,2.30661E-08
7.90000E+00,3.30000E+02,-2.00000E+00,0.00000E+00
7.90000E+00,3.30000E+02,0.00000E+00,0.00000E+00
7.90000E+00,3.30000E+02,2.00000E+00,1.51079E-08
7.90000E+00,3.50000E+02,-2.00000E+00,0.00000E+00
7.90000E+00,3.50000E+02,0.00000E+00,0.00000E+00
7.90000E+00,3.50000E+02,2.00000E+00,9.53489E-09
7.90000E+00,3.70000E+02,-2.00000E+00,0.00000E+00
7.90000E+00,3.70000E+02,0.00000E+00,0.00000E+00
7.90000E+00,3.70000E+02,2.00000E+00,5.71782E-09
7.90000E+00,3.90000E+02,-2.00000E+00,0.00000E+00
7.90000E+00,3.90000E+02,0.00000E+00,0.00000E+00
7.90000E+00,3.90000E+02,2.00000E+00,3.13755E-09
8.10000E+00,1.00000E+01,-2.00000E+00,0.00000E+00
8.10000E+00,1.00000E+01,0.00000E+00,0.00000E+00
8.10000E+00,1.00000E+01,2.00000E+00,0.00000E+00
8.10000E+00,3.00000E+01,-2.00000E+00,0.00000E+00
8.10000E+00,3.00000E+01,0.00000E+00,0.00000E+00
8.10000E+00,3.00000E+01,2.00000E+00,0.00000E+00
8.10000E+00,5.00000E+01,-2.00000E+00,0.00000E+00
8.10000E+00,5.00000E+01,0.00000E+00,0.00000E+00
8.10000E+00,5.00000E+01,2.00000E+00,0.00000E+00
8.10000E+00,7.00000E+01,-2.00000E+00,0.00000E+00
8.10000E+00,7.00000E+01,0.00000E+00,0.00000E+00
8.10000E+00,7.00000E+01,2.00000E+00,0.00000E+00
8.10000E+00,9.00000E+01,-2.00000E+00,0.00000E+00
8.10000E+00,9.00000E+01,0.00000E+00,0.00000E+00
8.10000E+00,9.00000E+01,2.00000E+00,0.00000E+00
8.10000E+00,1.10000E+02,-2.00000E+00,0.00000E+00
8.10000E+00,1.10000E+02,0.00000E+00,0.00000E+00
8.10000E+00,1.10000E+02,2.00000E+00,0.00000E+00
8.10000E+00,1.30000E+02,-2.00000E+00,0.00000E+00
8.10000E+00,1.30000E+02,0.00000E+00,0.00000E+00
8.10000E+00,1.30000E+02,2.00000E+00,0.00000E+00
8.10000E+00,1.50000E+02,-2.00000E+00,0.00000E+00
8.10000E+00,1.50000E+02,0.00000E+00,0.00000E+00
8.10000E+00,1.50000E+02,2.00000E+00,0.00000E+00
8.10000E+00,1.70000E+02,-2.00000E+00,0.00000E+00
8.10000E+00,1.70000E+02,0.00000E+00,0.00000E+00
8.10000E+00,1.70000E+02,2.00000E+00,0.00000E+00
8.10000E+00,1.90000E+02,-2.00000E+00,0.00000E+00
8.10000E+00,1.90000E+02,0.00000E+00,0.00000E+00
8.10000E+00,1.90000E+02,2.00000E+00,0.00000E+00
8.10000E+00,2.10000E+02,-2.00000E+00,0.00000E+00
8.10000E+00,2.10000E+02,0.00000E+00,0.00000E+00
8.10000E+00,2.10000E+02,2.00000E+00,0.00000E+00
8.10000E+00,2.30000E+02,-2.00000E+00,0.00000E+00
8.10000E+00,2.30000E+02,0.00000E+00,0.00000E+00
8.10000E+00,2.30000E+02,2.00000E+00,0.00000E+00
8.10000E+00,2.50000E+02,-2.00000E+00,0.00000E+00
8.10000E+00,2.50000E+02,0.00000E+00,0.00000E+00
8.10000E+00,2.50000E+02,2.00000E+00,0.00000E+00
8.10000E+00,2.70000E+02,-2.00000E+00,0.00000E+00
8.10000E+00,2.70000E+02,0.00000E+00,0.00000E+00
8.10000E+00,2.70000E+02,2.00000E+00,0.00000E+00
8.10000E+00,2.90000E+02,-2.00000E+00,0.00000E+00
8.10000E+00,2.90000E+02,0.00000E+00,0.00000E+00
8.10000E+00,2.90000E+02,2.00000E+00,0.00000E+00
8.10000E+00,3.10000E+02,-2.00000E+00,0.00000E+00
8.10000E+00,3.10000E+02,0.00000E+00,0.00000E+00
8.10000E+00,3.10000E+02,2.00000E+00,0.00000E+00
8.10000E+00,3.30000E+02,-2.00000E+00,0.00000E+00
8.10000E+00,3.30000E+02,0.00000E+00,0.00000E+00
8.10000E+00,3.30000E+02,2.00000E+00,0.00000E+00
8.10000E+00,3.50000E+02,-2.00000E+00,0.00000E+00
8.10000E+00,3.50000E+02,0.00000E+00,0.00000E+00
8.10000E+00,3.50000E+02,2.00000E+00,0.00000E+00
8.10000E+00,3.70000E+02,-2.00000E+00,0.00000E+00
8.10000E+00,3.70000E+02,0.00000E+00,0.00000E+00
8.10000E+00,3.70000E+02,2.00000E+00,0.00000E+00
8.10000E+00,3.90000E+02,-2.00000E+00,0.00000E+00
8.10000E+00,3.90000E+02,0.00000E+00,0.00000E+00
8.10000E+00,3.90000E+02,2.00000E+00,0.00000E+00
8.30000E+00,1.00000E+01,-2.00000E+00,0.00000E+00
8.30000E+00,1.00000E+01,0.00000E+00,0.00000E+00
8.30000E+00,1.00000E+01,2.00000E+00,0.00000E+00
8.30000E+00,3.00000E+01,-2.00000E+00,0.00000E+00
8.30000E+00,3.00000E+01,0.00000E+00,0.00000E+00
8.30000E+00,3.00000E+01,2.00000E+00,0.00000E+00
8.30000E+00,5.00000E+01,-2.00000E+00,0.00000E+00
8.30000E+00,5.00000E+01,0.00000E+00,0.00000E+00
8.30000E+00,5.00000E+01,2.00000E+00,0.00000E+00
8.30000E+00,7.00000E+01,-2.00000E+00,0.00000E+00
8.30000E+00,7.00000E+01,0.00000E+00,0.00000E+00
8.30000E+00,7.00000E+01,2.00000E+00,0.00000E+00
8.30000E+00,9.00000E+01,-2.00000E+00,0.00000E+00
8.30000E+00,9.00000E+01,0.00000E+00,0.00000E+00
8.30000E+00,9.00000E+01,2.00000E+00,0.00000E+00
8.30000E+00,1.10000E+02,-2.00000E+00,0.00000E+00
8.30000E+00,1.10000E+02,0.00000E+00,0.00000E+00
8.30000E+00,1.10000E+02,2.00000E+00,0.00000E+00
8.30000E+00,1.30000E+02,-2.00000E+00,0.00000E+00
8.30000E+00,1.30000E+02,0.00000E+00,0.00000E+00
8.30000E+00,1.30000E+02,2.00000E+00,0.00000E+00
8.30000E+00,1.50000E+02,-2.00000E+00,0.00000E+00
8.30000E+00,1.50000E+02,0.00000E+00,0.00000E+00
8.30000E+00,1.50000E+02,2.00000E+00,0.00000E+00
8.30000E+00,1.70000E+02,-2.00000E+00,0.00000E+00
8.30000E+00,1.70000E+02,0.00000E+00,0.00000E+00
8.30000E+00,1.70000E+02,2.00000E+00,0.00000E+00
8.30000E+00,1.90000E+02,-2.00000E+00,0.00000E+00
8.30000E+00,1.90000E+02,0.00000E+00,0.00000E+00
8.30000E+00,1.90000E+02,2.00000E+00,0.00000E+00
8.30000E+00,2.10000E+02,-2.00000E+00,0.00000E+00
8.30000E+00,2.10000E+02,0.00000E+00,0.00000E+00
8.30000E+00,2.10000E+02,2.00000E+00,0.00000E+00
8.30000E+00,2.30000E+02,-2.00000E+00,0.00000E+00
8.30000E+00,2.30000E+02,0.00000E+00,0.00000E+00
8.30000E+00,2.30000E+02,2.00000E+00,0.00000E+00
8.30000E+00,2.50000E+02,-2.00000E+00,0.00000E+00
8.30000E+00,2.50000E+02,0.00000E+00,0.00000E+00
8.30000E+00,2.50000E+02,2.00000E+00,0.00000E+00
8.30000E+00,2.70000E+02,-2.00000E+00,0.00000E+00
8.30000E+00,2.70000E+02,0.00000E+00,0.00000E+00
8.30000E+00,2.70000E+02,2.00000E+00,0.00000E+00
8.30000E+00,2.90000E+02,-2.00000E+00,0.00000E+00
8.30000E+00,2.90000E+02,0.00000E+00,0.00000E+00
8.30000E+00,2.90000E+02,2.00000E+00,0.00000E+00
8.30000E+00,3.10000E+02,-2.00000E+00,0.00000E+00
8.30000E+00,3.10000E+02,0.00000E+00,0.00000E+00
8.30000E+00,3.10000E+02,2.00000E+00,0.00000E+00
8.30000E+00,3.30000E+02,-2.00000E+00,0.00000E+00
8.30000E+00,3.30000E+02,0.00000E+00,0.00000E+00
8.30000E+00,3.30000E+02,2.00000E+00,0.00000E+00
8.30000E+00,3.50000E+02,-2.00000E+00,0.00000E+00
8.30000E+00,3.50000E+02,0.00000E+00,0.00000E+00
8.30000E+00,3.50000E+02,2.00000E+00,0.00000E+00
8.30000E+00,3.70000E+02,-2.00000E+00,0.00000E+00
8.30000E+00,3.70000E+02,0.00000E+00,0.00000E+00
8.30000E+00,3.70000E+02,2.00000E+00,0.00000E+00
8.30000E+00,3.90000E+02,-2.00000E+00,0.00000E+00
8.30000E+00,3.90000E+02,0.00000E+00,0.00000E+00
8.30000E+00,3.90000E+02,2.00000E+00,0.00000E+00
8.50000E+00,1.00000E+01,-2.00000E+00,0.00000E+00
8.50000E+00,1.00000E+01,0.00000E+00,0.00000E+00
8.50000E+00,1.00000E+01,2.00000E+00,0.00000E+00
8.50000E+00,3.00000E+01,-2.00000E+00,0.00000E+00
8.50000E+00,3.00000E+01,0.00000E+00,0.00000E+00
8.50000E+00,3.00000E+01,2.00000E+00,0.00000E+00
8.50000E+00,5.00000E+01,-2.00000E+00,0.00000E+00
8.50000E+00,5.00000E+01,0.00000E+00,0.00000E+00
8.50000E+00,5.00000E+01,2.00000E+00,0.00000E+00
8.50000E+00,7.00000E+01,-2.00000E+00,0.00000E+00
8.50000E+00,7.00000E+01,0.00000E+00,0.00000E+00
8.50000E+00,7.00000E+01,2.00000E+00,0.00000E+00
8.50000E+00,9.00000E+01,-2.00000E+00,0.00000E+00
8.50000E+00,9.00000E+01,0.00000E+00,0.00000E+00
8.50000E+00,9.00000E+01,2.00000E+00,0.00000E+00
8.50000E+00,1.10000E+02,-2.00000E+00,0.00000E+00
8.50000E+00,1.10000E+02,0.00000E+00,0.00000E+00
8.50000E+00,1.10000E+02,2.00000E+00,0.00000E+00
8.50000E+00,1.30000E+02,-2.00000E+00,0.00000E+00
8.50000E+00,1.30000E+02,0.00000E+00,0.00000E+00
8.50000E+00,1.30000E+02,2.00000E+00,0.00000E+00
8.50000E+00,1.50000E+02,-2.00000E+00,0.00000E+00
8.50000E+00,1.50000E+02,0.00000E+00,0.00000E+00
8.50000E+00,1.50000E+02,2.00000E+00,0.00000E+00
8.50000E+00,1.70000E+02,-2.00000E+00,0.00000E+00
8.50000E+00,1.70000E+02,0.00000E+00,0.00000E+00
8.50000E+00,1.70000E+02,2.00000E+00,0.00000E+00
8.50000E+00,1.90000E+02,-2.00000E+00,0.00000E+00
8.50000E+00,1.90000E+02,0.00000E+00,0.00000E+00
8.50000E+00,1.90000E+02,2.00000E+00,0.00000E+00
8.50000E+00,2.10000E+02,-2.00000E+00,0.00000E+00
8.50000E+00,2.10000E+02,0.00000E+00,0.00000E+00
8.50000E+00,2.10000E+02,2.00000E+00,0.00000E+00
8.50000E+00,2.30000E+02,-2.00000E+00,0.00000E+00
8.50000E+00,2.30000E+02,0.00000E+00,0.00000E+00
8.50000E+00,2.30000E+02,2.00000E+00,0.00000E+00
8.50000E+00,2.50000E+02,-2.00000E+00,0.00000E+00
8.50000E+00,2.50000E+02,0.00000E+00,0.00000E+00
8.50000E+00,2.50000E+02,2.00000E+00,0.00000E+00
8.50000E+00,2.70000E+02,-2.00000E+00,0.00000E+00
8.50000E+00,2.70000E+02,0.00000E+00,0.00000E+00
8.50000E+00,2.70000E+02,2.00000E+00,0.00000E+00
8.50000E+00,2.90000E+02,-2.00000E+00,0.00000E+00
8.50000E+00,2.90000E+02,0.00000E+00,0.00000E+00
8.50000E+00,2.90000E+02,2.00000E+00,0.00000E+00
8.50000E+00,3.10000E+02,-2.00000E+00,0.00000E+00
8.50000E+00,3.10000E+02,0.00000E+00,0.00000E+00
8.50000E+00,3.10000E+02,2.00000E+00,0.00000E+00
8.50000E+00,3.30000E+02,-2.00000E+00,0.00000E+00
8.50000E+00,3.30000E+02,0.00000E+00,0.00000E+00
8.50000E+00,3.30000E+02,2.00000E+00,0.00000E+00
8.50000E+00,3.50000E+02,-2.00000E+00,0.00000E+00
8.50000E+00,3.50000E+02,0.00000E+00,0.00000E+00
8.50000E+00,3.50000E+02,2.00000E+00,0.00000E+00
8.50000E+00,3.70000E+02,-2.00000E+00,0.00000E+00
8.50000E+00,3.70000E+02,0.00000E+00,0.00000E+00
8.50000E+00,3.70000E+02,2.00000E+00,0.00000E+00
8.50000E+00,3.90000E+02,-2.00000E+00,0.00000E+00
8.50000E+00,3.90000E+02,0.00000E+00,0.00000E+00
8.50000E+00,3.90000E+02,2.00000E+00,0.00000E+00
8.70000E+00,1.00000E+01,-2.00000E+00,0.00000E+00
8.70000E+00,1.00000E+01,0.00000E+00,0.00000E+00
8.70000E+00,1.00000E+01,2.00000E+00,0.00000E+00
8.70000E+00,3.00000E+01,-2.00000E+00,0.00000E+00
8.70000E+00,3.00000E+01,0.00000E+00,0.00000E+00
8.70000E+00,3.00000E+01,2.00000E+00,0.00000E+00
8.70000E+00,5.00000E+01,-2.00000E+00,0.00000E+00
8.70000E+00,5.00000E+01,0.00000E+00,0.00000E+00
8.70000E+00,5.00000E+01,2.00000E+00,0.00000E+00
8.70000E+00,7.00000E+01,-2.00000E+00,0.00000E+00
8.70000E+00,7.00000E+01,0.00000E+00,0.00000E+00
8.70000E+00,7.00000E+01,2.00000E+00,0.00000E+00
8.70000E+00,9.00000E+01,-2.00000E+00,0.00000E+00
8.70000E+00,9.00000E+01,0.00000E+00,0.00000E+00
8.70000E+00,9.00000E+01,2.00000E+00,0.00000E+00
8.70000E+00,1.10000E+02,-2.00000E+00,0.00000E+00
8.70000E+00,1.10000E+02,0.00000E+00,0.00000E+00
8.70000E+00,1.10000E+02,2.00000E+00,0.00000E+00
8.70000E+00,1.30000E+02,-2.00000E+00,0.00000E+00
8.70000E+00,1.30000E+02,0.00000E+00,0.00000E+00
8.70000E+00,1.30000E+02,2.00000E+00,0.00000E+00
8.70000E+00,1.50000E+02,-2.00000E+00,0.00000E+00
8.70000E+00,1.50000E+02,0.00000E+00,0.00000E+00
8.70000E+00,1.50000E+02,2.00000E+00,0.00000E+00
8.70000E+00,1.70000E+02,-2.00000E+00,0.00000E+00
8.70000E+00,1.70000E+02,0.00000E+00,0.00000E+00
8.70000E+00,1.70000E+02,2.00000E+00,0.00000E+00
8.70000E+00,1.90000E+02,-2.00000E+00,0.00000E+00
8.70000E+00,1.90000E+02,0.00000E+00,0.00000E+00
8.70000E+00,1.90000E+02,2.00000E+00,0.00000E+00
8.70000E+00,2.10000E+02,-2.00000E+00,0.00000E+00
8.70000E+00,2.10000E+02,0.00000E+00,0.00000E+00
8.70000E+00,2.10000E+02,2.00000E+00,0.00000E+00
8.70000E+00,2.30000E+02,-2.00000E+00,0.00000E+00
8.70000E+00,2.30000E+02,0.00000E+00,0.00000E+00
8.70000E+00,2.30000E+02,2.00000E+00,0.00000E+00
8.70000E+00,2.50000E+02,-2.00000E+00,0.00000E+00
8.70000E+00,2.50000E+02,0.00000E+00,0.00000E+00
8.70000E+00,2.50000E+02,2.00000E+00,0.00000E+00
8.70000E+00,2.70000E+02,-2.00000E+00,0.00000E+00
8.70000E+00,2.70000E+02,0.00000E+00,0.00000E+00
8.70000E+00,2.70000E+02,2.00000E+00,0.00000E+00
8.70000E+00,2.90000E+02,-2.00000E+00,0.00000E+00
8.70000E+00,2.90000E+02,0.00000E+00,0.00000E+00
8.70000E+00,2.90000E+02,2.00000E+00,0.00000E+00
8.70000E+00,3.10000E+02,-2.00000E+00,0.00000E+00
8.70000E+00,3.10000E+02,0.00000E+00,0.00000E+00
8.70000E+00,3.10000E+02,2.00000E+00,0.00000E+00
8.70000E+00,3.30000E+02,-2.00000E+00,0.00000E+00
8.70000E+00,3.30000E+02,0.00000E+00,0.00000E+00
8.70000E+00,3.30000E+02,2.00000E+00,0.00000E+00
8.70000E+00,3.50000E+02,-2.00000E+00,0.00000E+00
8.70000E+00,3.50000E+02,0.00000E+00,0.00000E+00
8.70000E+00,3.50000E+02,2.00000E+00,0.00000E+00
8.70000E+00,3.70000E+02,-2.00000E+00,0.00000E+00
8.70000E+00,3.70000E+02,0.00000E+00,0.00000E+00
8.70000E+00,3.70000E+02,2.00000E+00,0.00000E+00
8.70000E+00,3.90000E+02,-2.00000E+00,0.00000E+00
8.70000E+00,3.90000E+02,0.00000E+00,0.00000E+00
8.70000E+00,3.90000E+02,2.00000E+00,0.00000E+00
8.90000E+00,1.00000E+01,-2.00000E+00,0.00000E+00
8.90000E+00,1.00000E+01,0.00000E+00,0.00000E+00
8.90000E+00,1.00000E+01,2.00000E+00,0.00000E+00
8.90000E+00,3.00000E+01,-2.00000E+00,0.00000E+00
8.90000E+00,3.00000E+01,0.00000E+00,0.00000E+00
8.90000E+00,3.00000E+01,2.00000E+00,0.00000E+00
8.90000E+00,5.00000E+01,-2.00000E+00,0.00000E+00
8.90000E+00,5.00000E+01,0.00000E+00,0.00000E+00
8.90000E+00,5.00000E+01,2.00000E+00,0.00000E+00
8.90000E+00,7.00000E+01,-2.00000E+00,0.00000E+00
8.90000E+00,7.00000E+01,0.00000E+00,0.00000E+00
8.90000E+00,7.00000E+01,2.00000E+00,0.00000E+00
8.90000E+00,9.00000E+01,-2.00000E+00,0.00000E+00
8.90000E+00,9.00000E+01,0.00000E+00,0.00000E+00
8.90000E+00,9.00000E+01,2.00000E+00,0.00000E+00
8.90000E+00,1.10000E+02,-2.00000E+00,0.00000E+00
8.90000E+00,1.10000E+02,0.00000E+00,0.00000E+00
8.90000E+00,1.10000E+02,2.00000E+00,0.00000E+00
8.90000E+00,1.30000E+02,-2.00000E+00,0.00000E+00
8.90000E+00,1.30000E+02,0.00000E+00,0.00000E+00
8.90000E+00,1.30000E+02,2.00000E+00,0.00000E+00
8.90000E+00,1.50000E+02,-2.00000E+00,0.00000E+00
8.90000E+00,1.50000E+02,0.00000E+00,0.00000E+00
8.90000E+00,1.50000E+02,2.00000E+00,0.00000E+00
8.90000E+00,1.70000E+02,-2.00000E+00,0.00000E+00
8.90000E+00,1.70000E+02,0.00000E+00,0.00000E+00
8.90000E+00,1.70000E+02,2.00000E+00,0.00000E+00
8.90000E+00,1.90000E+02,-2.00000E+00,0.00000E+00
8.90000E+00,1.90000E+02,0.00000E+00,0.00000E+00
8.90000E+00,1.90000E+02,2.00000E+00,0.00000E+00
8.90000E+00,2.10000E+02,-2.00000E+00,0.00000E+00
8.90000E+00,2.10000E+02,0.00000E+00,0.00000E+00
8.90000E+00,2.10000E+02,2.00000E+00,0.00000E+00
8.90000E+00,2.30000E+02,-2.00000E+00,0.00000E+00
8.90000E+00,2.30000E+02,0.00000E+00,0.00000E+00
8.90000E+00,2.30000E+02,2.00000E+00,0.00000E+00
8.90000E+00,2.50000E+02,-2.00000E+00,0.00000E+00
8.90000E+00,2.50000E+02,0.00000E+00,0.00000E+00
8.90000E+00,2.50000E+02,2.00000E+00,0.00000E+00
8.90000E+00,2.70000E+02,-2.00000E+00,0.00000E+00
8.90000E+00,2.70000E+02,0.00000E+00,0.00000E+00
8.90000E+00,2.70000E+02,2.00000E+00,0.00000E+00
8.90000E+00,2.90000E+02,-2.00000E+00,0.00000E+00
8.90000E+00,2.90000E+02,0.00000E+00,0.00000E+00
8.90000E+00,2.90000E+02,2.00000E+00,0.00000E+00
8.90000E+00,3.10000E+02,-2.00000E+00,0.00000E+00
8.90000E+00,3.10000E+02,0.00000E+00,0.00000E+00
8.90000E+00,3.10000E+02,2.00000E+00,0.00000E+00
8.90000E+00,3.30000E+02,-2.00000E+00,0.00000E+00
8.90000E+00,3.30000E+02,0.00000E+00,0.00000E+00
8.90000E+00,3.30000E+02,2.00000E+00,0.00000E+00
8.90000E+00,3.50000E+02,-2.00000E+00,0.00000E+00
8.90000E+00,3.50000E+02,0.00000E+00,0.00000E+00
8.90000E+00,3.50000E+02,2.00000E+00,0.00000E+00
8.90000E+00,3.70000E+02,-2.00000E+00,0.00000E+00
8.90000E+00,3.70000E+02,0.00000E+00,0.00000E+00
8.90000E+00,3.70000E+02,2.00000E+00,0.00000E+00
8.90000E+00,3.90000E+02,-2.00000E+00,0.00000E+00
8.90000E+00,3.90000E+02,0.00000E+00,0.00000E+00
8.90000E+00,3.90000E+02,2.00000E+00,0.00000E+00
9.10000E+00,1.00000E+01,-2.00000E+00,0.00000E+00
9.10000E+00,1.00000E+01,0.00000E+00,0.00000E+00
9.10000E+00,1.00000E+01,2.00000E+00,0.00000E+00
9.10000E+00,3.00000E+01,-2.00000E+00,0.00000E+00
9.10000E+00,3.00000E+01,0.00000E+00,0.00000E+00
9.10000E+00,3.00000E+01,2.00000E+00,0.00000E+00
9.10000E+00,5.00000E+01,-2.00000E+00,0.00000E+00
9.10000E+00,5.00000E+01,0.00000E+00,0.00000E+00
9.10000E+00,5.00000E+01,2.00000E+00,0.00000E+00
9.10000E+00,7.00000E+01,-2.00000E+00,0.00000E+00
9.10000E+00,7.00000E+01,0.00000E+00,0.00000E+00
9.10000E+00,7.00000E+01,2.00000E+00,0.00000E+00
9.10000E+00,9.00000E+01,-2.00000E+00,0.00000E+00
9.10000E+00,9.00000E+01,0.00000E+00,0.00000E+00
9.10000E+00,9.00000E+01,2.00000E+00,0.00000E+00
9.10000E+00,1.10000E+02,-2.00000E+00,0.00000E+00
9.10000E+00,1.10000E+02,0.00000E+00,0.00000E+00
9.10000E+00,1.10000E+02,2.00000E+00,0.00000E+00
9.10000E+00,1.30000E+02,-2.00000E+00,0.00000E+00
9.10000E+00,1.30000E+02,0.00000E+00,0.00000E+00
9.10000E+00,1.30000E+02,2.00000E+00,0.00000E+00
9.10000E+00,1.50000E+02,-2.00000E+00,0.00000E+00
9.10000E+00,1.50000E+02,0.00000E+00,0.00000E+00
9.10000E+00,1.50000E+02,2.00000E+00,0.00000E+00
9.10000E+00,1.70000E+02,-2.00000E+00,0.00000E+00
9.10000E+00,1.70000E+02,0.00000E+00,0.00000E+00
9.10000E+00,1.70000E+02,2.00000E+00,0.00000E+00
9.10000E+00,1.90000E+02,-2.00000E+00,0.00000E+00
9.10000E+00,1.90000E+02,0.00000E+00,0.00000E+00
9.10000E+00,1.90000E+02,2.00000E+00,0.00000E+00
9.10000E+00,2.10000E+02,-2.00000E+00,0.00000E+00
9.10000E+00,2.10000E+02,0.00000E+00,0.00000E+00
9.10000E+00,2.10000E+02,2.00000E+00,0.00000E+00
9.10000E+00,2.30000E+02,-2.00000E+00,0.00000E+00
9.10000E+00,2.30000E+02,0.00000E+00,0.00000E+00
9.10000E+00,2.30000E+02,2.00000E+00,0.00000E+00
9.10000E+00,2.50000E+02,-2.00000E+00,0.00000E+00
9.10000E+00,2.50000E+02,0.00000E+00,0.00000E+00
9.10000E+00,2.50000E+02,2.00000E+00,0.00000E+00
9.10000E+00,2.70000E+02,-2.00000E+00,0.00000E+00
9.10000E+00,2.70000E+02,0.00000E+00,0.00000E+00
9.10000E+00,2.70000E+02,2.00000E+00,0.00000E+00
9.10000E+00,2.90000E+02,-2.00000E+00,0.00000E+00
9.10000E+00,2.90000E+02,0.00000E+00,0.00000E+00
9.10000E+00,2.90000E+02,2.00000E+00,0.00000E+00
9.10000E+00,3.10000E+02,-2.00000E+00,0.00000E+00
9.10000E+00,3.10000E+02,0.00000E+00,0.00000E+00
9.10000E+00,3.10000E+02,2.00000E+00,0.00000E+00
9.10000E+00,3.30000E+02,-2.00000E+00,0.00000E+00
9.10000E+00,3.30000E+02,0.00000E+00,0.00000E+00
9.10000E+00,3.30000E+02,2.00000E+00,0.00000E+00
9.10000E+00,3.50000E+02,-2.00000E+00,0.00000E+00
9.10000E+00,3.50000E+02,0.00000E+00,0.00000E+00
9.10000E+00,3.50000E+02,2.00000E+00,0.00000E+00
9.10000E+00,3.70000E+02,-2.00000E+00,0.00000E+00
9.10000E+00,3.70000E+02,0.00000E+00,0.00000E+00
9.10000E+00,3.70000E+02,2.00000E+00,0.00000E+00
9.10000E+00,3.90000E+02,-2.00000E+00,0.00000E+00
9.10000E+00,3.90000E+02,0.00000E+00,0.00000E+00
9.10000E+00,3.90000E+02,2.00000E+00,0.00000E+00
9.30000E+00,1.00000E+01,-2.00000E+00,0.00000E+00
9.30000E+00,1.00000E+01,0.00000E+00,0.00000E+00
9.30000E+00,1.00000E+01,2.00000E+00,0.00000E+00
9.30000E+00,3.00000E+01,-2.00000E+00,0.00000E+00
9.30000E+00,3.00000E+01,0.00000E+00,0.00000E+00
9.30000E+00,3.00000E+01,2.00000E+00,0.00000E+00
9.30000E+00,5.00000E+01,-2.00000E+00,0.00000E+00
9.30000E+00,5.00000E+01,0.00000E+00,0.00000E+00
9.30000E+00,5.00000E+01,2.00000E+00,0.00000E+00
9.30000E+00,7.00000E+01,-2.00000E+00,0.00000E+00
9.30000E+00,7.00000E+01,0.00000E+00,0.00000E+00
9.30000E+00,7.00000E+01,2.00000E+00,0.00000E+00
9.30000E+00,9.00000E+01,-2.00000E+00,0.00000E+00
9.30000E+00,9.00000E+01,0.00000E+00,0.00000E+00
9.30000E+00,9.00000E+01,2.00000E+00,0.00000E+00
9.30000E+00,1.10000E+02,-2.00000E+00,0.00000E+00
9.30000E+00,1.10000E+02,0.00000E+00,0.00000E+00
9.30000E+00,1.10000E+02,2.00000E+00,0.00000E+00
9.30000E+00,1.30000E+02,-2.00000E+00,0.00000E+00
9.30000E+00,1.30000E+02,0.00000E+00,0.00000E+00
9.30000E+00,1.30000E+02,2.00000E+00,0.00000E+00
9.30000E+00,1.50000E+02,-2.00000E+00,0.00000E+00
9.30000E+00,1.50000E+02,0.00000E+00,0.00000E+00
9.30000E+00,1.50000E+02,2.00000E+00,0.00000E+00
9.30000E+00,1.70000E+02,-2.00000E+00,0.00000E+00
9.30000E+00,1.70000E+02,0.00000E+00,0.00000E+00
9.30000E+00,1.70000E+02,2.00000E+00,0.00000E+00
9.30000E+00,1.90000E+02,-2.00000E+00,0.00000E+00
9.30000E+00,1.90000E+02,0.00000E+00,0.00000E+00
9.30000E+00,1.90000E+02,2.00000E+00,0.00000E+00
9.30000E+00,2.10000E+02,-2.00000E+00,0.00000E+00
9.30000E+00,2.10000E+02,0.00000E+00,0.00000E+00
9.30000E+00,2.10000E+02,2.00000E+00,0.00000E+00
9.30000E+00,2.30000E+02,-2.00000E+00,0.00000E+00
9.30000E+00,2.30000E+02,0.00000E+00,0.00000E+00
9.30000E+00,2.30000E+02,2.00000E+00,0.00000E+00
9.30000E+00,2.50000E+02,-2.00000E+00,0.00000E+00
9.30000E+00,2.50000E+02,0.00000E+00,0.00000E+00
9.30000E+00,2.50000E+02,2.00000E+00,0.00000E+00
9.30000E+00,2.70000E+02,-2.00000E+00,0.00000E+00
9.30000E+00,2.70000E+02,0.00000E+00,0.00000E+00
9.30000E+00,2.70000E+02,2.00000E+00,0.00000E+00
9.30000E+00,2.90000E+02,-2.00000E+00,0.00000E+00
9.30000E+00,2.90000E+02,0.00000E+00,0.00000E+00
9.30000E+00,2.90000E+02,2.00000E+00,0.00000E+00
9.30000E+00,3.10000E+02,-2.00000E+00,0.00000E+00
9.30000E+00,3.10000E+02,0.00000E+00,0.00000E+00
9.30000E+00,3.10000E+02,2.00000E+00,0.00000E+00
9.30000E+00,3.30000E+02,-2.00000E+00,0.00000E+00
9.30000E+00,3.30000E+02,0.00000E+00,0.00000E+00
9.30000E+00,3.30000E+02,2.00000E+00,0.00000E+00
9.30000E+00,3.50000E+02,-2.00000E+00,0.00000E+00
9.30000E+00,3.50000E+02,0.00000E+00,0.00000E+00
9.30000E+00,3.50000E+02,2.00000E+00,0.00000E+00
9.30000E+00,3.70000E+02,-2.00000E+00,0.00000E+00
9.30000E+00,3.70000E+02,0.00000E+00,0.00000E+00
9.30000E+00,3.70000E+02,2.00000E+00,0.00000E+00
9.30000E+00,3.90000E+02,-2.00000E+00,0.00000E+00
9.30000E+00,3.90000E+02,0.00000E+00,0.00000E+00
9.30000E+00,3.90000E+02,2.00000E+00,0.00000E+00
9.50000E+00,1.00000E+01,-2.00000E+00,0.00000E+00
9.50000E+00,1.00000E+01,0.00000E+00,0.00000E+00
9.50000E+00,1.00000E+01,2.00000E+00,0.00000E+00
9.50000E+00,3.00000E+01,-2.00000E+00,0.00000E+00
9.50000E+00,3.00000E+01,0.00000E+00,0.00000E+00
9.50000E+00,3.00000E+01,2.00000E+00,0.00000E+00
9.50000E+00,5.00000E+01,-2.00000E+00,0.00000E+00
9.50000E+00,5.00000E+01,0.00000E+00,0.00000E+00
9.50000E+00,5.00000E+01,2.00000E+00,0.00000E+00
9.50000E+00,7.00000E+01,-2.00000E+00,0.00000E+00
9.50000E+00,7.00000E+01,0.00000E+00,0.00000E+00
9.50000E+00,7.00000E+01,2.00000E+00,0.00000E+00
9.50000E+00,9.00000E+01,-2.00000E+00,0.00000E+00
9.50000E+00,9.00000E+01,0.00000E+00,0.00000E+00
9.50000E+00,9.00000E+01,2.00000E+00,0.00000E+00
9.50000E+00,1.10000E+02,-2.00000E+00,0.00000E+00
9.50000E+00,1.10000E+02,0.00000E+00,0.00000E+00
9.50000E+00,1.10000E+02,2.00000E+00,0.00000E+00
9.50000E+00,1.30000E+02,-2.00000E+00,0.00000E+00
9.50000E+00,1.30000E+02,0.00000E+00,0.00000E+00
9.50000E+00,1.30000E+02,2.00000E+00,0.00000E+00
9.50000E+00,1.50000E+02,-2.00000E+00,0.00000E+00
9.50000E+00,1.50000E+02,0.00000E+00,0.00000E+00
9.50000E+00,1.50000E+02,2.00000E+00,0.00000E+00
9.50000E+00,1.70000E+02,-2.00000E+00,0.00000E+00
9.50000E+00,1.70000E+02,0.00000E+00,0.00000E+00
9.50000E+00,1.70000E+02,2.00000E+00,0.00000E+00
9.50000E+00,1.90000E+02,-2.00000E+00,0.00000E+00
9.50000E+00,1.90000E+02,0.00000E+00,0.00000E+00
9.50000E+00,1.90000E+02,2.00000E+00,0.00000E+00
9.50000E+00,2.10000E+02,-2.00000E+00,0.00000E+00
9.50000E+00,2.10000E+02,0.00000E+00,0.00000E+00
9.50000E+00,2.10000E+02,2.00000E+00,0.00000E+00
9.50000E+00,2.30000E+02,-2.00000E+00,0.00000E+00
9.50000E+00,2.30000E+02,0.00000E+00,0.00000E+00
9.50000E+00,2.30000E+02,2.00000E+00,0.00000E+00
9.50000E+00,2.50000E+02,-2.00000E+00,0.00000E+00
9.50000E+00,2.50000E+02,0.00000E+00,0.00000E+00
9.50000E+00,2.50000E+02,2.00000E+00,0.00000E+00
9.50000E+00,2.70000E+02,-2.00000E+00,0.00000E+00
9.50000E+00,2.70000E+02,0.00000E+00,0.00000E+00
9.50000E+00,2.70000E+02,2.00000E+00,0.00000E+00
9.50000E+00,2.90000E+02,-2.00000E+00,0.00000E+00
9.50000E+00,2.90000E+02,0.00000E+00,0.00000E+00
9.50000E+00,2.90000E+02,2.00000E+00,0.00000E+00
9.50000E+00,3.10000E+02,-2.00000E+00,0.00000E+00
9.50000E+00,3.10000E+02,0.00000E+00,0.00000E+00
9.50000E+00,3.10000E+02,2.00000E+00,0.00000E+00
9.50000E+00,3.30000E+02,-2.00000E+00,0.00000E+00
9.50000E+00,3.30000E+02,0.00000E+00,0.00000E+00
9.50000E+00,3.30000E+02,2.00000E+00,0.00000E+00
9.50000E+00,3.50000E+02,-2.00000E+00,0.00000E+00
9.50000E+00,3.50000E+02,0.00000E+00,0.00000E+00
9.50000E+00,3.50000E+02,2.00000E+00,0.00000E+00
9.50000E+00,3.70000E+02,-2.00000E+00,0.00000E+00
9.50000E+00,3.70000E+02,0.00000E+00,0.00000E+00
9.50000E+00,3.70000E+02,2.00000E+00,0.00000E+00
9.50000E+00,3.90000E+02,-2.00000E+00,0.00000E+00
9.50000E+00,3.90000E+02,0.00000E+00,0.00000E+00
9.50000E+00,3.90000E+02,2.00000E+00,0.00000E+00
9.70000E+00,1.00000E+01,-2.00000E+00,0.00000E+00
9.70000E+00,1.00000E+01,0.00000E+00,0.00000E+00
9.70000E+00,1.00000E+01,2.00000E+00,0.00000E+00
9.70000E+00,3.00000E+01,-2.00000E+00,0.00000E+00
9.70000E+00,3.00000E+01,0.00000E+00,0.00000E+00
9.70000E+00,3.00000E+01,2.00000E+00,0.00000E+00
9.70000E+00,5.00000E+01,-2.00000E+00,0.00000E+00
9.70000E+00,5.00000E+01,0.00000E+00,0.00000E+00
9.70000E+00,5.00000E+01,2.00000E+00,0.00000E+00
9.70000E+00,7.00000E+01,-2.00000E+00,0.00000E+00
9.70000E+00,7.00000E+01,0.00000E+00,0.00000E+00
9.70000E+00,7.00000E+01,2.00000E+00,0.00000E+00
9.70000E+00,9.00000E+01,-2.00000E+00,0.00000E+00
9.70000E+00,9.00000E+01,0.00000E+00,0.00000E+00
9.70000E+00,9.00000E+01,2.00000E+00,0.00000E+00
9.70000E+00,1.10000E+02,-2.00000E+00,0.00000E+00
9.70000E+00,1.10000E+02,0.00000E+00,0.00000E+00
9.70000E+00,1.10000E+02,2.00000E+00,0.00000E+00
9.70000E+00,1.30000E+02,-2.00000E+00,0.00000E+00
9.70000E+00,1.30000E+02,0.00000E+00,0.00000E+00
9.70000E+00,1.30000E+02,2.00000E+00,0.00000E+00
9.70000E+00,1.50000E+02,-2.00000E+00,0.00000E+00
9.70000E+00,1.50000E+02,0.00000E+00,0.00000E+00
9.70000E+00,1.50000E+02,2.00000E+00,0.00000E+00
9.70000E+00,1.70000E+02,-2.00000E+00,0.00000E+00
9.70000E+00,1.70000E+02,0.00000E+00,0.00000E+00
9.70000E+00,1.70000E+02,2.00000E+00,0.00000E+00
9.70000E+00,1.90000E+02,-2.00000E+00,0.00000E+00
9.70000E+00,1.90000E+02,0.00000E+00,0.00000E+00
9.70000E+00,1.90000E+02,2.00000E+00,0.00000E+00
9.70000E+00,2.10000E+02,-2.00000E+00,0.00000E+00
9.70000E+00,2.10000E+02,0.00000E+00,0.00000E+00
9.70000E+00,2.10000E+02,2.00000E+00,0.00000E+00
9.70000E+00,2.30000E+02,-2.00000E+00,0.00000E+00
9.70000E+00,2.30000E+02,0.00000E+00,0.00000E+00
9.70000E+00,2.30000E+02,2.00000E+00,0.00000E+00
9.70000E+00,2.50000E+02,-2.00000E+00,0.00000E+00
9.70000E+00,2.50000E+02,0.00000E+00,0.00000E+00
9.70000E+00,2.50000E+02,2.00000E+00,0.00000E+00
9.70000E+00,2.70000E+02,-2.00000E+00,0.00000E+00
9.70000E+00,2.70000E+02,0.00000E+00,0.00000E+00
9.70000E+00,2.70000E+02,2.00000E+00,0.00000E+00
9.70000E+00,2.90000E+02,-2.00000E+00,0.00000E+00
9.70000E+00,2.90000E+02,0.00000E+00,0.00000E+00
9.70000E+00,2.90000E+02,2.00000E+00,0.00000E+00
9.70000E+00,3.10000E+02,-2.00000E+00,0.00000E+00
9.70000E+00,3.10000E+02,0.00000E+00,0.00000E+00
9.70000E+00,3.10000E+02,2.00000E+00,0.00000E+00
9.70000E+00,3.30000E+02,-2.00000E+00,0.00000E+00
9.70000E+00,3.30000E+02,0.00000E+00,0.00000E+00
9.70000E+00,3.30000E+02,2.00000E+00,0.00000E+00
9.70000E+00,3.50000E+02,-2.00000E+00,0.00000E+00
9.70000E+00,3.50000E+02,0.00000E+00,0.00000E+00
9.70000E+00,3.50000E+02,2.00000E+00,0.00000E+00
9.70000E+00,3.70000E+02,-2.00000E+00,0.00000E+00
9.70000E+00,3.70000E+02,0.00000E+00,0.00000E+00
9.70000E+00,3.70000E+02,2.00000E+00,0.00000E+00
9.70000E+00,3.90000E+02,-2.00000E+00,0.00000E+00
9.70000E+00,3.90000E+02,0.00000E+00,0.00000E+00
9.70000E+00,3.90000E+02,2.00000E+00,0.00000E+00
