# smlt_path='b8', gsimlt_path='@_SomervilleEtAl2009NonCratonic_@', imt='SA', investigation_time=50.0, lon=149.23000000000002, lat=-35.35, poe='0.1000000', iml='9.9077086e-02'
mag,dist,eps,poe
4.50000E+00,1.00000E+01,-2.00000E+00,0.00000E+00
4.50000E+00,1.00000E+01,0.00000E+00,2.25032E-04
4.50000E+00,1.00000E+01,2.00000E+00,6.36657E-04
4.50000E+00,3.00000E+01,-2.00000E+00,0.00000E+00
4.50000E+00,3.00000E+01,0.00000E+00,0.00000E+00
4.50000E+00,3.00000E+01,2.00000E+00,3.20065E-04
4.50000E+00,5.00000E+01,-2.00000E+00,0.00000E+00
4.50000E+00,5.00000E+01,0.00000E+00,0.00000E+00
4.50000E+00,5.00000E+01,2.00000E+00,3.71646E-07
4.50000E+00,7.00000E+01,-2.00000E+00,0.00000E+00
4.50000E+00,7.00000E+01,0.00000E+00,0.00000E+00
4.50000E+00,7.00000E+01,2.00000E+00,0.00000E+00
4.50000E+00,9.00000E+01,-2.00000E+00,0.00000E+00
4.50000E+00,9.00000E+01,0.00000E+00,0.00000E+00
4.50000E+00,9.00000E+01,2.00000E+00,0.00000E+00
4.50000E+00,1.10000E+02,-2.00000E+00,0.00000E+00
4.50000E+00,1.10000E+02,0.00000E+00,0.00000E+00
4.50000E+00,1.10000E+02,2.00000E+00,0.00000E+00
4.50000E+00,1.30000E+02,-2.00000E+00,0.00000E+00
4.50000E+00,1.30000E+02,0.00000E+00,0.00000E+00
4.50000E+00,1.30000E+02,2.00000E+00,0.00000E+00
4.50000E+00,1.50000E+02,-2.00000E+00,0.00000E+00
4.50000E+00,1.50000E+02,0.00000E+00,0.00000E+00
4.50000E+00,1.50000E+02,2.00000E+00,0.00000E+00
4.50000E+00,1.70000E+02,-2.00000E+00,0.00000E+00
4.50000E+00,1.70000E+02,0.00000E+00,0.00000E+00
4.50000E+00,1.70000E+02,2.00000E+00,0.00000E+00
4.50000E+00,1.90000E+02,-2.00000E+00,0.00000E+00
4.50000E+00,1.90000E+02,0.00000E+00,0.00000E+00
4.50000E+00,1.90000E+02,2.00000E+00,0.00000E+00
4.50000E+00,2.10000E+02,-2.00000E+00,0.00000E+00
4.50000E+00,2.10000E+02,0.00000E+00,0.00000E+00
4.50000E+00,2.10000E+02,2.00000E+00,0.00000E+00
4.50000E+00,2.30000E+02,-2.00000E+00,0.00000E+00
4.50000E+00,2.30000E+02,0.00000E+00,0.00000E+00
4.50000E+00,2.30000E+02,2.00000E+00,0.00000E+00
4.50000E+00,2.50000E+02,-2.00000E+00,0.00000E+00
4.50000E+00,2.50000E+02,0.00000E+00,0.00000E+00
4.50000E+00,2.50000E+02,2.00000E+00,0.00000E+00
4.50000E+00,2.70000E+02,-2.00000E+00,0.00000E+00
4.50000E+00,2.70000E+02,0.00000E+00,0.00000E+00
4.50000E+00,2.70000E+02,2.00000E+00,0.00000E+00
4.50000E+00,2.90000E+02,-2.00000E+00,0.00000E+00
4.50000E+00,2.90000E+02,0.00000E+00,0.00000E+00
4.50000E+00,2.90000E+02,2.00000E+00,0.00000E+00
4.50000E+00,3.10000E+02,-2.00000E+00,0.00000E+00
4.50000E+00,3.10000E+02,0.00000E+00,0.00000E+00
4.50000E+00,3.10000E+02,2.00000E+00,0.00000E+00
4.50000E+00,3.30000E+02,-2.00000E+00,0.00000E+00
4.50000E+00,3.30000E+02,0.00000E+00,0.00000E+00
4.50000E+00,3.30000E+02,2.00000E+00,0.00000E+00
4.50000E+00,3.50000E+02,-2.00000E+00,0.00000E+00
4.50000E+00,3.50000E+02,0.00000E+00,0.00000E+00
4.50000E+00,3.50000E+02,2.00000E+00,0.00000E+00
4.50000E+00,3.70000E+02,-2.00000E+00,0.00000E+00
4.50000E+00,3.70000E+02,0.00000E+00,0.00000E+00
4.50000E+00,3.70000E+02,2.00000E+00,0.00000E+00
4.50000E+00,3.90000E+02,-2.00000E+00,0.00000E+00
4.50000E+00,3.90000E+02,0.00000E+00,0.00000E+00
4.50000E+00,3.90000E+02,2.00000E+00,0.00000E+00
4.70000E+00,1.00000E+01,-2.00000E+00,0.00000E+00
4.70000E+00,1.00000E+01,0.00000E+00,5.44610E-04
4.70000E+00,1.00000E+01,2.00000E+00,1.31613E-03
4.70000E+00,3.00000E+01,-2.00000E+00,0.00000E+00
4.70000E+00,3.00000E+01,0.00000E+00,0.00000E+00
4.70000E+00,3.00000E+01,2.00000E+00,1.07744E-03
4.70000E+00,5.00000E+01,-2.00000E+00,0.00000E+00
4.70000E+00,5.00000E+01,0.00000E+00,0.00000E+00
4.70000E+00,5.00000E+01,2.00000E+00,2.45347E-05
4.70000E+00,7.00000E+01,-2.00000E+00,0.00000E+00
4.70000E+00,7.00000E+01,0.00000E+00,0.00000E+00
4.70000E+00,7.00000E+01,2.00000E+00,0.00000E+00
4.70000E+00,9.00000E+01,-2.00000E+00,0.00000E+00
4.70000E+00,9.00000E+01,0.00000E+00,0.00000E+00
4.70000E+00,9.00000E+01,2.00000E+00,0.00000E+00
4.70000E+00,1.10000E+02,-2.00000E+00,0.00000E+00
4.70000E+00,1.10000E+02,0.00000E+00,0.00000E+00
4.70000E+00,1.10000E+02,2.00000E+00,0.00000E+00
4.70000E+00,1.30000E+02,-2.00000E+00,0.00000E+00
4.70000E+00,1.30000E+02,0.00000E+00,0.00000E+00
4.70000E+00,1.30000E+02,2.00000E+00,0.00000E+00
4.70000E+00,1.50000E+02,-2.00000E+00,0.00000E+00
4.70000E+00,1.50000E+02,0.00000E+00,0.00000E+00
4.70000E+00,1.50000E+02,2.00000E+00,0.00000E+00
4.70000E+00,1.70000E+02,-2.00000E+00,0.00000E+00
4.70000E+00,1.70000E+02,0.00000E+00,0.00000E+00
4.70000E+00,1.70000E+02,2.00000E+00,0.00000E+00
4.70000E+00,1.90000E+02,-2.00000E+00,0.00000E+00
4.70000E+00,1.90000E+02,0.00000E+00,0.00000E+00
4.70000E+00,1.90000E+02,2.00000E+00,0.00000E+00
4.70000E+00,2.10000E+02,-2.00000E+00,0.00000E+00
4.70000E+00,2.10000E+02,0.00000E+00,0.00000E+00
4.70000E+00,2.10000E+02,2.00000E+00,0.00000E+00
4.70000E+00,2.30000E+02,-2.00000E+00,0.00000E+00
4.70000E+00,2.30000E+02,0.00000E+00,0.00000E+00
4.70000E+00,2.30000E+02,2.00000E+00,0.00000E+00
4.70000E+00,2.50000E+02,-2.00000E+00,0.00000E+00
4.70000E+00,2.50000E+02,0.00000E+00,0.00000E+00
4.70000E+00,2.50000E+02,2.00000E+00,0.00000E+00
4.70000E+00,2.70000E+02,-2.00000E+00,0.00000E+00
4.70000E+00,2.70000E+02,0.00000E+00,0.00000E+00
4.70000E+00,2.70000E+02,2.00000E+00,0.00000E+00
4.70000E+00,2.90000E+02,-2.00000E+00,0.00000E+00
4.70000E+00,2.90000E+02,0.00000E+00,0.00000E+00
4.70000E+00,2.90000E+02,2.00000E+00,0.00000E+00
4.70000E+00,3.10000E+02,-2.00000E+00,0.00000E+00
4.70000E+00,3.10000E+02,0.00000E+00,0.00000E+00
4.70000E+00,3.10000E+02,2.00000E+00,0.00000E+00
4.70000E+00,3.30000E+02,-2.00000E+00,0.00000E+00
4.70000E+00,3.30000E+02,0.00000E+00,0.00000E+00
4.70000E+00,3.30000E+02,2.00000E+00,0.00000E+00
4.70000E+00,3.50000E+02,-2.00000E+00,0.00000E+00
4.70000E+00,3.50000E+02,0.00000E+00,0.00000E+00
4.70000E+00,3.50000E+02,2.00000E+00,0.00000E+00
4.70000E+00,3.70000E+02,-2.00000E+00,0.00000E+00
4.70000E+00,3.70000E+02,0.00000E+00,0.00000E+00
4.70000E+00,3.70000E+02,2.00000E+00,0.00000E+00
4.70000E+00,3.90000E+02,-2.00000E+00,0.00000E+00
4.70000E+00,3.90000E+02,0.00000E+00,0.00000E+00
4.70000E+00,3.90000E+02,2.00000E+00,0.00000E+00
4.90000E+00,1.00000E+01,-2.00000E+00,8.96875E-07
4.90000E+00,1.00000E+01,0.00000E+00,8.88255E-04
4.90000E+00,1.00000E+01,2.00000E+00,8.91930E-04
4.90000E+00,3.00000E+01,-2.00000E+00,0.00000E+00
4.90000E+00,3.00000E+01,0.00000E+00,4.82685E-05
4.90000E+00,3.00000E+01,2.00000E+00,1.67472E-03
4.90000E+00,5.00000E+01,-2.00000E+00,0.00000E+00
4.90000E+00,5.00000E+01,0.00000E+00,0.00000E+00
4.90000E+00,5.00000E+01,2.00000E+00,1.66597E-04
4.90000E+00,7.00000E+01,-2.00000E+00,0.00000E+00
4.90000E+00,7.00000E+01,0.00000E+00,0.00000E+00
4.90000E+00,7.00000E+01,2.00000E+00,3.91301E-07
4.90000E+00,9.00000E+01,-2.00000E+00,0.00000E+00
4.90000E+00,9.00000E+01,0.00000E+00,0.00000E+00
4.90000E+00,9.00000E+01,2.00000E+00,0.00000E+00
4.90000E+00,1.10000E+02,-2.00000E+00,0.00000E+00
4.90000E+00,1.10000E+02,0.00000E+00,0.00000E+00
4.90000E+00,1.10000E+02,2.00000E+00,0.00000E+00
4.90000E+00,1.30000E+02,-2.00000E+00,0.00000E+00
4.90000E+00,1.30000E+02,0.00000E+00,0.00000E+00
4.90000E+00,1.30000E+02,2.00000E+00,0.00000E+00
4.90000E+00,1.50000E+02,-2.00000E+00,0.00000E+00
4.90000E+00,1.50000E+02,0.00000E+00,0.00000E+00
4.90000E+00,1.50000E+02,2.00000E+00,0.00000E+00
4.90000E+00,1.70000E+02,-2.00000E+00,0.00000E+00
4.90000E+00,1.70000E+02,0.00000E+00,0.00000E+00
4.90000E+00,1.70000E+02,2.00000E+00,0.00000E+00
4.90000E+00,1.90000E+02,-2.00000E+00,0.00000E+00
4.90000E+00,1.90000E+02,0.00000E+00,0.00000E+00
4.90000E+00,1.90000E+02,2.00000E+00,0.00000E+00
4.90000E+00,2.10000E+02,-2.00000E+00,0.00000E+00
4.90000E+00,2.10000E+02,0.00000E+00,0.00000E+00
4.90000E+00,2.10000E+02,2.00000E+00,0.00000E+00
4.90000E+00,2.30000E+02,-2.00000E+00,0.00000E+00
4.90000E+00,2.30000E+02,0.00000E+00,0.00000E+00
4.90000E+00,2.30000E+02,2.00000E+00,0.00000E+00
4.90000E+00,2.50000E+02,-2.00000E+00,0.00000E+00
4.90000E+00,2.50000E+02,0.00000E+00,0.00000E+00
4.90000E+00,2.50000E+02,2.00000E+00,0.00000E+00
4.90000E+00,2.70000E+02,-2.00000E+00,0.00000E+00
4.90000E+00,2.70000E+02,0.00000E+00,0.00000E+00
4.90000E+00,2.70000E+02,2.00000E+00,0.00000E+00
4.90000E+00,2.90000E+02,-2.00000E+00,0.00000E+00
4.90000E+00,2.90000E+02,0.00000E+00,0.00000E+00
4.90000E+00,2.90000E+02,2.00000E+00,0.00000E+00
4.90000E+00,3.10000E+02,-2.00000E+00,0.00000E+00
4.90000E+00,3.10000E+02,0.00000E+00,0.00000E+00
4.90000E+00,3.10000E+02,2.00000E+00,0.00000E+00
4.90000E+00,3.30000E+02,-2.00000E+00,0.00000E+00
4.90000E+00,3.30000E+02,0.00000E+00,0.00000E+00
4.90000E+00,3.30000E+02,2.00000E+00,0.00000E+00
4.90000E+00,3.50000E+02,-2.00000E+00,0.00000E+00
4.90000E+00,3.50000E+02,0.00000E+00,0.00000E+00
4.90000E+00,3.50000E+02,2.00000E+00,0.00000E+00
4.90000E+00,3.70000E+02,-2.00000E+00,0.00000E+00
4.90000E+00,3.70000E+02,0.00000E+00,0.00000E+00
4.90000E+00,3.70000E+02,2.00000E+00,0.00000E+00
4.90000E+00,3.90000E+02,-2.00000E+00,0.00000E+00
4.90000E+00,3.90000E+02,0.00000E+00,0.00000E+00
4.90000E+00,3.90000E+02,2.00000E+00,0.00000E+00
5.10000E+00,1.00000E+01,-2.00000E+00,5.53415E-06
5.10000E+00,1.00000E+01,0.00000E+00,9.79368E-04
5.10000E+00,1.00000E+01,2.00000E+00,4.95997E-04
5.10000E+00,3.00000E+01,-2.00000E+00,0.00000E+00
5.10000E+00,3.00000E+01,0.00000E+00,3.73207E-04
5.10000E+00,3.00000E+01,2.00000E+00,1.83152E-03
5.10000E+00,5.00000E+01,-2.00000E+00,0.00000E+00
5.10000E+00,5.00000E+01,0.00000E+00,0.00000E+00
5.10000E+00,5.00000E+01,2.00000E+00,3.96271E-04
5.10000E+00,7.00000E+01,-2.00000E+00,0.00000E+00
5.10000E+00,7.00000E+01,0.00000E+00,0.00000E+00
5.10000E+00,7.00000E+01,2.00000E+00,2.83428E-05
5.10000E+00,9.00000E+01,-2.00000E+00,0.00000E+00
5.10000E+00,9.00000E+01,0.00000E+00,0.00000E+00
5.10000E+00,9.00000E+01,2.00000E+00,0.00000E+00
5.10000E+00,1.10000E+02,-2.00000E+00,0.00000E+00
5.10000E+00,1.10000E+02,0.00000E+00,0.00000E+00
5.10000E+00,1.10000E+02,2.00000E+00,0.00000E+00
5.10000E+00,1.30000E+02,-2.00000E+00,0.00000E+00
5.10000E+00,1.30000E+02,0.00000E+00,0.00000E+00
5.10000E+00,1.30000E+02,2.00000E+00,0.00000E+00
5.10000E+00,1.50000E+02,-2.00000E+00,0.00000E+00
5.10000E+00,1.50000E+02,0.00000E+00,0.00000E+00
5.10000E+00,1.50000E+02,2.00000E+00,0.00000E+00
5.10000E+00,1.70000E+02,-2.00000E+00,0.00000E+00
5.10000E+00,1.70000E+02,0.00000E+00,0.00000E+00
5.10000E+00,1.70000E+02,2.00000E+00,0.00000E+00
5.10000E+00,1.90000E+02,-2.00000E+00,0.00000E+00
5.10000E+00,1.90000E+02,0.00000E+00,0.00000E+00
5.10000E+00,1.90000E+02,2.00000E+00,0.00000E+00
5.10000E+00,2.10000E+02,-2.00000E+00,0.00000E+00
5.10000E+00,2.10000E+02,0.00000E+00,0.00000E+00
5.10000E+00,2.10000E+02,2.00000E+00,0.00000E+00
5.10000E+00,2.30000E+02,-2.00000E+00,0.00000E+00
5.10000E+00,2.30000E+02,0.00000E+00,0.00000E+00
5.10000E+00,2.30000E+02,2.00000E+00,0.00000E+00
5.10000E+00,2.50000E+02,-2.00000E+00,0.00000E+00
5.10000E+00,2.50000E+02,0.00000E+00,0.00000E+00
5.10000E+00,2.50000E+02,2.00000E+00,0.00000E+00
5.10000E+00,2.70000E+02,-2.00000E+00,0.00000E+00
5.10000E+00,2.70000E+02,0.00000E+00,0.00000E+00
5.10000E+00,2.70000E+02,2.00000E+00,0.00000E+00
5.10000E+00,2.90000E+02,-2.00000E+00,0.00000E+00
5.10000E+00,2.90000E+02,0.00000E+00,0.00000E+00
5.10000E+00,2.90000E+02,2.00000E+00,0.00000E+00
5.10000E+00,3.10000E+02,-2.00000E+00,0.00000E+00
5.10000E+00,3.10000E+02,0.00000E+00,0.00000E+00
5.10000E+00,3.10000E+02,2.00000E+00,0.00000E+00
5.10000E+00,3.30000E+02,-2.00000E+00,0.00000E+00
5.10000E+00,3.30000E+02,0.00000E+00,0.00000E+00
5.10000E+00,3.30000E+02,2.00000E+00,0.00000E+00
5.10000E+00,3.50000E+02,-2.00000E+00,0.00000E+00
5.10000E+00,3.50000E+02,0.00000E+00,0.00000E+00
5.10000E+00,3.50000E+02,2.00000E+00,0.00000E+00
5.10000E+00,3.70000E+02,-2.00000E+00,0.00000E+00
5.10000E+00,3.70000E+02,0.00000E+00,0.00000E+00
5.10000E+00,3.70000E+02,2.00000E+00,0.00000E+00
5.10000E+00,3.90000E+02,-2.00000E+00,0.00000E+00
5.10000E+00,3.90000E+02,0.00000E+00,0.00000E+00
5.10000E+00,3.90000E+02,2.00000E+00,0.00000E+00
5.30000E+00,1.00000E+01,-2.00000E+00,1.33226E-05
5.30000E+00,1.00000E+01,0.00000E+00,8.08581E-04
5.30000E+00,1.00000E+01,2.00000E+00,2.77096E-04
5.30000E+00,3.00000E+01,-2.00000E+00,0.00000E+00
5.30000E+00,3.00000E+01,0.00000E+00,8.19237E-04
5.30000E+00,3.00000E+01,2.00000E+00,1.54399E-03
5.30000E+00,5.00000E+01,-2.00000E+00,0.00000E+00
5.30000E+00,5.00000E+01,0.00000E+00,0.00000E+00
5.30000E+00,5.00000E+01,2.00000E+00,6.11309E-04
5.30000E+00,7.00000E+01,-2.00000E+00,0.00000E+00
5.30000E+00,7.00000E+01,0.00000E+00,0.00000E+00
5.30000E+00,7.00000E+01,2.00000E+00,1.09789E-04
5.30000E+00,9.00000E+01,-2.00000E+00,0.00000E+00
5.30000E+00,9.00000E+01,0.00000E+00,0.00000E+00
5.30000E+00,9.00000E+01,2.00000E+00,1.92227E-05
5.30000E+00,1.10000E+02,-2.00000E+00,0.00000E+00
5.30000E+00,1.10000E+02,0.00000E+00,0.00000E+00
5.30000E+00,1.10000E+02,2.00000E+00,1.91876E-05
5.30000E+00,1.30000E+02,-2.00000E+00,0.00000E+00
5.30000E+00,1.30000E+02,0.00000E+00,0.00000E+00
5.30000E+00,1.30000E+02,2.00000E+00,1.52036E-05
5.30000E+00,1.50000E+02,-2.00000E+00,0.00000E+00
5.30000E+00,1.50000E+02,0.00000E+00,0.00000E+00
5.30000E+00,1.50000E+02,2.00000E+00,1.23282E-05
5.30000E+00,1.70000E+02,-2.00000E+00,0.00000E+00
5.30000E+00,1.70000E+02,0.00000E+00,0.00000E+00
5.30000E+00,1.70000E+02,2.00000E+00,4.58670E-08
5.30000E+00,1.90000E+02,-2.00000E+00,0.00000E+00
5.30000E+00,1.90000E+02,0.00000E+00,0.00000E+00
5.30000E+00,1.90000E+02,2.00000E+00,0.00000E+00
5.30000E+00,2.10000E+02,-2.00000E+00,0.00000E+00
5.30000E+00,2.10000E+02,0.00000E+00,0.00000E+00
5.30000E+00,2.10000E+02,2.00000E+00,0.00000E+00
5.30000E+00,2.30000E+02,-2.00000E+00,0.00000E+00
5.30000E+00,2.30000E+02,0.00000E+00,0.00000E+00
5.30000E+00,2.30000E+02,2.00000E+00,0.00000E+00
5.30000E+00,2.50000E+02,-2.00000E+00,0.00000E+00
5.30000E+00,2.50000E+02,0.00000E+00,0.00000E+00
5.30000E+00,2.50000E+02,2.00000E+00,0.00000E+00
5.30000E+00,2.70000E+02,-2.00000E+00,0.00000E+00
5.30000E+00,2.70000E+02,0.00000E+00,0.00000E+00
5.30000E+00,2.70000E+02,2.00000E+00,0.00000E+00
5.30000E+00,2.90000E+02,-2.00000E+00,0.00000E+00
5.30000E+00,2.90000E+02,0.00000E+00,0.00000E+00
5.30000E+00,2.90000E+02,2.00000E+00,0.00000E+00
5.30000E+00,3.10000E+02,-2.00000E+00,0.00000E+00
5.30000E+00,3.10000E+02,0.00000E+00,0.00000E+00
5.30000E+00,3.10000E+02,2.00000E+00,0.00000E+00
5.30000E+00,3.30000E+02,-2.00000E+00,0.00000E+00
5.30000E+00,3.30000E+02,0.00000E+00,0.00000E+00
5.30000E+00,3.30000E+02,2.00000E+00,0.00000E+00
5.30000E+00,3.50000E+02,-2.00000E+00,0.00000E+00
5.30000E+00,3.50000E+02,0.00000E+00,0.00000E+00
5.30000E+00,3.50000E+02,2.00000E+00,0.00000E+00
5.30000E+00,3.70000E+02,-2.00000E+00,0.00000E+00
5.30000E+00,3.70000E+02,0.00000E+00,0.00000E+00
5.30000E+00,3.70000E+02,2.00000E+00,0.00000E+00
5.30000E+00,3.90000E+02,-2.00000E+00,0.00000E+00
5.30000E+00,3.90000E+02,0.00000E+00,0.00000E+00
5.30000E+00,3.90000E+02,2.00000E+00,0.00000E+00
5.50000E+00,1.00000E+01,-2.00000E+00,1.62585E-04
5.50000E+00,1.00000E+01,0.00000E+00,2.91532E-03
5.50000E+00,1.00000E+01,2.00000E+00,7.45213E-04
5.50000E+00,3.00000E+01,-2.00000E+00,0.00000E+00
5.50000E+00,3.00000E+01,0.00000E+00,2.51593E-03
5.50000E+00,3.00000E+01,2.00000E+00,2.59173E-03
5.50000E+00,5.00000E+01,-2.00000E+00,0.00000E+00
5.50000E+00,5.00000E+01,0.00000E+00,2.71913E-05
5.50000E+00,5.00000E+01,2.00000E+00,1.50295E-03
5.50000E+00,7.00000E+01,-2.00000E+00,0.00000E+00
5.50000E+00,7.00000E+01,0.00000E+00,0.00000E+00
5.50000E+00,7.00000E+01,2.00000E+00,2.83532E-04
5.50000E+00,9.00000E+01,-2.00000E+00,0.00000E+00
5.50000E+00,9.00000E+01,0.00000E+00,0.00000E+00
5.50000E+00,9.00000E+01,2.00000E+00,1.08349E-04
5.50000E+00,1.10000E+02,-2.00000E+00,0.00000E+00
5.50000E+00,1.10000E+02,0.00000E+00,0.00000E+00
5.50000E+00,1.10000E+02,2.00000E+00,1.52165E-04
5.50000E+00,1.30000E+02,-2.00000E+00,0.00000E+00
5.50000E+00,1.30000E+02,0.00000E+00,0.00000E+00
5.50000E+00,1.30000E+02,2.00000E+00,1.30865E-04
5.50000E+00,1.50000E+02,-2.00000E+00,0.00000E+00
5.50000E+00,1.50000E+02,0.00000E+00,0.00000E+00
5.50000E+00,1.50000E+02,2.00000E+00,9.88696E-05
5.50000E+00,1.70000E+02,-2.00000E+00,0.00000E+00
5.50000E+00,1.70000E+02,0.00000E+00,0.00000E+00
5.50000E+00,1.70000E+02,2.00000E+00,1.88878E-05
5.50000E+00,1.90000E+02,-2.00000E+00,0.00000E+00
5.50000E+00,1.90000E+02,0.00000E+00,0.00000E+00
5.50000E+00,1.90000E+02,2.00000E+00,5.04085E-08
5.50000E+00,2.10000E+02,-2.00000E+00,0.00000E+00
5.50000E+00,2.10000E+02,0.00000E+00,0.00000E+00
5.50000E+00,2.10000E+02,2.00000E+00,0.00000E+00
5.50000E+00,2.30000E+02,-2.00000E+00,0.00000E+00
5.50000E+00,2.30000E+02,0.00000E+00,0.00000E+00
5.50000E+00,2.30000E+02,2.00000E+00,0.00000E+00
5.50000E+00,2.50000E+02,-2.00000E+00,0.00000E+00
5.50000E+00,2.50000E+02,0.00000E+00,0.00000E+00
5.50000E+00,2.50000E+02,2.00000E+00,0.00000E+00
5.50000E+00,2.70000E+02,-2.00000E+00,0.00000E+00
5.50000E+00,2.70000E+02,0.00000E+00,0.00000E+00
5.50000E+00,2.70000E+02,2.00000E+00,0.00000E+00
5.50000E+00,2.90000E+02,-2.00000E+00,0.00000E+00
5.50000E+00,2.90000E+02,0.00000E+00,0.00000E+00
5.50000E+00,2.90000E+02,2.00000E+00,0.00000E+00
5.50000E+00,3.10000E+02,-2.00000E+00,0.00000E+00
5.50000E+00,3.10000E+02,0.00000E+00,0.00000E+00
5.50000E+00,3.10000E+02,2.00000E+00,0.00000E+00
5.50000E+00,3.30000E+02,-2.00000E+00,0.00000E+00
5.50000E+00,3.30000E+02,0.00000E+00,0.00000E+00
5.50000E+00,3.30000E+02,2.00000E+00,0.00000E+00
5.50000E+00,3.50000E+02,-2.00000E+00,0.00000E+00
5.50000E+00,3.50000E+02,0.00000E+00,0.00000E+00
5.50000E+00,3.50000E+02,2.00000E+00,0.00000E+00
5.50000E+00,3.70000E+02,-2.00000E+00,0.00000E+00
5.50000E+00,3.70000E+02,0.00000E+00,0.00000E+00
5.50000E+00,3.70000E+02,2.00000E+00,0.00000E+00
5.50000E+00,3.90000E+02,-2.00000E+00,0.00000E+00
5.50000E+00,3.90000E+02,0.00000E+00,0.00000E+00
5.50000E+00,3.90000E+02,2.00000E+00,0.00000E+00
5.70000E+00,1.00000E+01,-2.00000E+00,3.10938E-04
5.70000E+00,1.00000E+01,0.00000E+00,3.60767E-03
5.70000E+00,1.00000E+01,2.00000E+00,8.73614E-04
5.70000E+00,3.00000E+01,-2.00000E+00,0.00000E+00
5.70000E+00,3.00000E+01,0.00000E+00,4.05734E-03
5.70000E+00,3.00000E+01,2.00000E+00,2.72307E-03
5.70000E+00,5.00000E+01,-2.00000E+00,0.00000E+00
5.70000E+00,5.00000E+01,0.00000E+00,2.54339E-04
5.70000E+00,5.00000E+01,2.00000E+00,2.07847E-03
5.70000E+00,7.00000E+01,-2.00000E+00,0.00000E+00
5.70000E+00,7.00000E+01,0.00000E+00,0.00000E+00
5.70000E+00,7.00000E+01,2.00000E+00,4.48095E-04
5.70000E+00,9.00000E+01,-2.00000E+00,0.00000E+00
5.70000E+00,9.00000E+01,0.00000E+00,0.00000E+00
5.70000E+00,9.00000E+01,2.00000E+00,2.17874E-04
5.70000E+00,1.10000E+02,-2.00000E+00,0.00000E+00
5.70000E+00,1.10000E+02,0.00000E+00,0.00000E+00
5.70000E+00,1.10000E+02,2.00000E+00,3.45744E-04
5.70000E+00,1.30000E+02,-2.00000E+00,0.00000E+00
5.70000E+00,1.30000E+02,0.00000E+00,0.00000E+00
5.70000E+00,1.30000E+02,2.00000E+00,3.01537E-04
5.70000E+00,1.50000E+02,-2.00000E+00,0.00000E+00
5.70000E+00,1.50000E+02,0.00000E+00,0.00000E+00
5.70000E+00,1.50000E+02,2.00000E+00,2.21121E-04
5.70000E+00,1.70000E+02,-2.00000E+00,0.00000E+00
5.70000E+00,1.70000E+02,0.00000E+00,0.00000E+00
5.70000E+00,1.70000E+02,2.00000E+00,7.22290E-05
5.70000E+00,1.90000E+02,-2.00000E+00,0.00000E+00
5.70000E+00,1.90000E+02,0.00000E+00,0.00000E+00
5.70000E+00,1.90000E+02,2.00000E+00,8.34534E-06
5.70000E+00,2.10000E+02,-2.00000E+00,0.00000E+00
5.70000E+00,2.10000E+02,0.00000E+00,0.00000E+00
5.70000E+00,2.10000E+02,2.00000E+00,7.41920E-08
5.70000E+00,2.30000E+02,-2.00000E+00,0.00000E+00
5.70000E+00,2.30000E+02,0.00000E+00,0.00000E+00
5.70000E+00,2.30000E+02,2.00000E+00,0.00000E+00
5.70000E+00,2.50000E+02,-2.00000E+00,0.00000E+00
5.70000E+00,2.50000E+02,0.00000E+00,0.00000E+00
5.70000E+00,2.50000E+02,2.00000E+00,0.00000E+00
5.70000E+00,2.70000E+02,-2.00000E+00,0.00000E+00
5.70000E+00,2.70000E+02,0.00000E+00,0.00000E+00
5.70000E+00,2.70000E+02,2.00000E+00,0.00000E+00
5.70000E+00,2.90000E+02,-2.00000E+00,0.00000E+00
5.70000E+00,2.90000E+02,0.00000E+00,0.00000E+00
5.70000E+00,2.90000E+02,2.00000E+00,0.00000E+00
5.70000E+00,3.10000E+02,-2.00000E+00,0.00000E+00
5.70000E+00,3.10000E+02,0.00000E+00,0.00000E+00
5.70000E+00,3.10000E+02,2.00000E+00,0.00000E+00
5.70000E+00,3.30000E+02,-2.00000E+00,0.00000E+00
5.70000E+00,3.30000E+02,0.00000E+00,0.00000E+00
5.70000E+00,3.30000E+02,2.00000E+00,0.00000E+00
5.70000E+00,3.50000E+02,-2.00000E+00,0.00000E+00
5.70000E+00,3.50000E+02,0.00000E+00,0.00000E+00
5.70000E+00,3.50000E+02,2.00000E+00,0.00000E+00
5.70000E+00,3.70000E+02,-2.00000E+00,0.00000E+00
5.70000E+00,3.70000E+02,0.00000E+00,0.00000E+00
5.70000E+00,3.70000E+02,2.00000E+00,0.00000E+00
5.70000E+00,3.90000E+02,-2.00000E+00,0.00000E+00
5.70000E+00,3.90000E+02,0.00000E+00,0.00000E+00
5.70000E+00,3.90000E+02,2.00000E+00,0.00000E+00
5.90000E+00,1.00000E+01,-2.00000E+00,2.86396E-04
5.90000E+00,1.00000E+01,0.00000E+00,2.21336E-03
5.90000E+00,1.00000E+01,2.00000E+00,5.21005E-04
5.90000E+00,3.00000E+01,-2.00000E+00,3.06228E-06
5.90000E+00,3.00000E+01,0.00000E+00,3.53729E-03
5.90000E+00,3.00000E+01,2.00000E+00,1.60953E-03
5.90000E+00,5.00000E+01,-2.00000E+00,0.00000E+00
5.90000E+00,5.00000E+01,0.00000E+00,6.00939E-04
5.90000E+00,5.00000E+01,2.00000E+00,1.46544E-03
5.90000E+00,7.00000E+01,-2.00000E+00,0.00000E+00
5.90000E+00,7.00000E+01,0.00000E+00,4.43745E-06
5.90000E+00,7.00000E+01,2.00000E+00,4.65787E-04
5.90000E+00,9.00000E+01,-2.00000E+00,0.00000E+00
5.90000E+00,9.00000E+01,0.00000E+00,0.00000E+00
5.90000E+00,9.00000E+01,2.00000E+00,2.73726E-04
5.90000E+00,1.10000E+02,-2.00000E+00,0.00000E+00
5.90000E+00,1.10000E+02,0.00000E+00,0.00000E+00
5.90000E+00,1.10000E+02,2.00000E+00,4.61818E-04
5.90000E+00,1.30000E+02,-2.00000E+00,0.00000E+00
5.90000E+00,1.30000E+02,0.00000E+00,0.00000E+00
5.90000E+00,1.30000E+02,2.00000E+00,4.09965E-04
5.90000E+00,1.50000E+02,-2.00000E+00,0.00000E+00
5.90000E+00,1.50000E+02,0.00000E+00,0.00000E+00
5.90000E+00,1.50000E+02,2.00000E+00,3.21238E-04
5.90000E+00,1.70000E+02,-2.00000E+00,0.00000E+00
5.90000E+00,1.70000E+02,0.00000E+00,0.00000E+00
5.90000E+00,1.70000E+02,2.00000E+00,1.16326E-04
5.90000E+00,1.90000E+02,-2.00000E+00,0.00000E+00
5.90000E+00,1.90000E+02,0.00000E+00,0.00000E+00
5.90000E+00,1.90000E+02,2.00000E+00,2.60838E-05
5.90000E+00,2.10000E+02,-2.00000E+00,0.00000E+00
5.90000E+00,2.10000E+02,0.00000E+00,0.00000E+00
5.90000E+00,2.10000E+02,2.00000E+00,3.69941E-06
5.90000E+00,2.30000E+02,-2.00000E+00,0.00000E+00
5.90000E+00,2.30000E+02,0.00000E+00,0.00000E+00
5.90000E+00,2.30000E+02,2.00000E+00,9.81472E-08
5.90000E+00,2.50000E+02,-2.00000E+00,0.00000E+00
5.90000E+00,2.50000E+02,0.00000E+00,0.00000E+00
5.90000E+00,2.50000E+02,2.00000E+00,0.00000E+00
5.90000E+00,2.70000E+02,-2.00000E+00,0.00000E+00
5.90000E+00,2.70000E+02,0.00000E+00,0.00000E+00
5.90000E+00,2.70000E+02,2.00000E+00,0.00000E+00
5.90000E+00,2.90000E+02,-2.00000E+00,0.00000E+00
5.90000E+00,2.90000E+02,0.00000E+00,0.00000E+00
5.90000E+00,2.90000E+02,2.00000E+00,0.00000E+00
5.90000E+00,3.10000E+02,-2.00000E+00,0.00000E+00
5.90000E+00,3.10000E+02,0.00000E+00,0.00000E+00
5.90000E+00,3.10000E+02,2.00000E+00,0.00000E+00
5.90000E+00,3.30000E+02,-2.00000E+00,0.00000E+00
5.90000E+00,3.30000E+02,0.00000E+00,0.00000E+00
5.90000E+00,3.30000E+02,2.00000E+00,0.00000E+00
5.90000E+00,3.50000E+02,-2.00000E+00,0.00000E+00
5.90000E+00,3.50000E+02,0.00000E+00,0.00000E+00
5.90000E+00,3.50000E+02,2.00000E+00,0.00000E+00
5.90000E+00,3.70000E+02,-2.00000E+00,0.00000E+00
5.90000E+00,3.70000E+02,0.00000E+00,0.00000E+00
5.90000E+00,3.70000E+02,2.00000E+00,0.00000E+00
5.90000E+00,3.90000E+02,-2.00000E+00,0.00000E+00
5.90000E+00,3.90000E+02,0.00000E+00,0.00000E+00
5.90000E+00,3.90000E+02,2.00000E+00,0.00000E+00
6.10000E+00,1.00000E+01,-2.00000E+00,3.00012E-04
6.10000E+00,1.00000E+01,0.00000E+00,1.74598E-03
6.10000E+00,1.00000E+01,2.00000E+00,4.04367E-04
6.10000E+00,3.00000E+01,-2.00000E+00,1.15266E-05
6.10000E+00,3.00000E+01,0.00000E+00,2.70022E-03
6.10000E+00,3.00000E+01,2.00000E+00,9.45398E-04
6.10000E+00,5.00000E+01,-2.00000E+00,0.00000E+00
6.10000E+00,5.00000E+01,0.00000E+00,8.04665E-04
6.10000E+00,5.00000E+01,2.00000E+00,8.90627E-04
6.10000E+00,7.00000E+01,-2.00000E+00,0.00000E+00
6.10000E+00,7.00000E+01,0.00000E+00,4.98933E-05
6.10000E+00,7.00000E+01,2.00000E+00,4.51603E-04
6.10000E+00,9.00000E+01,-2.00000E+00,0.00000E+00
6.10000E+00,9.00000E+01,0.00000E+00,0.00000E+00
6.10000E+00,9.00000E+01,2.00000E+00,3.05227E-04
6.10000E+00,1.10000E+02,-2.00000E+00,0.00000E+00
6.10000E+00,1.10000E+02,0.00000E+00,0.00000E+00
6.10000E+00,1.10000E+02,2.00000E+00,5.16255E-04
6.10000E+00,1.30000E+02,-2.00000E+00,0.00000E+00
6.10000E+00,1.30000E+02,0.00000E+00,0.00000E+00
6.10000E+00,1.30000E+02,2.00000E+00,4.85208E-04
6.10000E+00,1.50000E+02,-2.00000E+00,0.00000E+00
6.10000E+00,1.50000E+02,0.00000E+00,0.00000E+00
6.10000E+00,1.50000E+02,2.00000E+00,3.74837E-04
6.10000E+00,1.70000E+02,-2.00000E+00,0.00000E+00
6.10000E+00,1.70000E+02,0.00000E+00,0.00000E+00
6.10000E+00,1.70000E+02,2.00000E+00,1.46007E-04
6.10000E+00,1.90000E+02,-2.00000E+00,0.00000E+00
6.10000E+00,1.90000E+02,0.00000E+00,0.00000E+00
6.10000E+00,1.90000E+02,2.00000E+00,4.17403E-05
6.10000E+00,2.10000E+02,-2.00000E+00,0.00000E+00
6.10000E+00,2.10000E+02,0.00000E+00,0.00000E+00
6.10000E+00,2.10000E+02,2.00000E+00,1.06755E-05
6.10000E+00,2.30000E+02,-2.00000E+00,0.00000E+00
6.10000E+00,2.30000E+02,0.00000E+00,0.00000E+00
6.10000E+00,2.30000E+02,2.00000E+00,2.90385E-06
6.10000E+00,2.50000E+02,-2.00000E+00,0.00000E+00
6.10000E+00,2.50000E+02,0.00000E+00,0.00000E+00
6.10000E+00,2.50000E+02,2.00000E+00,1.56216E-07
6.10000E+00,2.70000E+02,-2.00000E+00,0.00000E+00
6.10000E+00,2.70000E+02,0.00000E+00,0.00000E+00
6.10000E+00,2.70000E+02,2.00000E+00,0.00000E+00
6.10000E+00,2.90000E+02,-2.00000E+00,0.00000E+00
6.10000E+00,2.90000E+02,0.00000E+00,0.00000E+00
6.10000E+00,2.90000E+02,2.00000E+00,0.00000E+00
6.10000E+00,3.10000E+02,-2.00000E+00,0.00000E+00
6.10000E+00,3.10000E+02,0.00000E+00,0.00000E+00
6.10000E+00,3.10000E+02,2.00000E+00,0.00000E+00
6.10000E+00,3.30000E+02,-2.00000E+00,0.00000E+00
6.10000E+00,3.30000E+02,0.00000E+00,0.00000E+00
6.10000E+00,3.30000E+02,2.00000E+00,0.00000E+00
6.10000E+00,3.50000E+02,-2.00000E+00,0.00000E+00
6.10000E+00,3.50000E+02,0.00000E+00,0.00000E+00
6.10000E+00,3.50000E+02,2.00000E+00,0.00000E+00
6.10000E+00,3.70000E+02,-2.00000E+00,0.00000E+00
6.10000E+00,3.70000E+02,0.00000E+00,0.00000E+00
6.10000E+00,3.70000E+02,2.00000E+00,0.00000E+00
6.10000E+00,3.90000E+02,-2.00000E+00,0.00000E+00
6.10000E+00,3.90000E+02,0.00000E+00,0.00000E+00
6.10000E+00,3.90000E+02,2.00000E+00,0.00000E+00
6.30000E+00,1.00000E+01,-2.00000E+00,3.34493E-04
6.30000E+00,1.00000E+01,0.00000E+00,1.65415E-03
6.30000E+00,1.00000E+01,2.00000E+00,3.81433E-04
6.30000E+00,3.00000E+01,-2.00000E+00,2.18001E-05
6.30000E+00,3.00000E+01,0.00000E+00,1.93154E-03
6.30000E+00,3.00000E+01,2.00000E+00,5.70459E-04
6.30000E+00,5.00000E+01,-2.00000E+00,0.00000E+00
6.30000E+00,5.00000E+01,0.00000E+00,7.65507E-04
6.30000E+00,5.00000E+01,2.00000E+00,5.26303E-04
6.30000E+00,7.00000E+01,-2.00000E+00,0.00000E+00
6.30000E+00,7.00000E+01,0.00000E+00,1.32250E-04
6.30000E+00,7.00000E+01,2.00000E+00,3.91259E-04
6.30000E+00,9.00000E+01,-2.00000E+00,0.00000E+00
6.30000E+00,9.00000E+01,0.00000E+00,3.45294E-05
6.30000E+00,9.00000E+01,2.00000E+00,2.78962E-04
6.30000E+00,1.10000E+02,-2.00000E+00,0.00000E+00
6.30000E+00,1.10000E+02,0.00000E+00,4.11444E-05
6.30000E+00,1.10000E+02,2.00000E+00,4.94707E-04
6.30000E+00,1.30000E+02,-2.00000E+00,0.00000E+00
6.30000E+00,1.30000E+02,0.00000E+00,3.58883E-05
6.30000E+00,1.30000E+02,2.00000E+00,4.39637E-04
6.30000E+00,1.50000E+02,-2.00000E+00,0.00000E+00
6.30000E+00,1.50000E+02,0.00000E+00,2.76722E-05
6.30000E+00,1.50000E+02,2.00000E+00,2.98474E-04
6.30000E+00,1.70000E+02,-2.00000E+00,0.00000E+00
6.30000E+00,1.70000E+02,0.00000E+00,1.46139E-08
6.30000E+00,1.70000E+02,2.00000E+00,1.54432E-04
6.30000E+00,1.90000E+02,-2.00000E+00,0.00000E+00
6.30000E+00,1.90000E+02,0.00000E+00,0.00000E+00
6.30000E+00,1.90000E+02,2.00000E+00,4.93909E-05
6.30000E+00,2.10000E+02,-2.00000E+00,0.00000E+00
6.30000E+00,2.10000E+02,0.00000E+00,0.00000E+00
6.30000E+00,2.10000E+02,2.00000E+00,1.58974E-05
6.30000E+00,2.30000E+02,-2.00000E+00,0.00000E+00
6.30000E+00,2.30000E+02,0.00000E+00,0.00000E+00
6.30000E+00,2.30000E+02,2.00000E+00,8.07423E-06
6.30000E+00,2.50000E+02,-2.00000E+00,0.00000E+00
6.30000E+00,2.50000E+02,0.00000E+00,0.00000E+00
6.30000E+00,2.50000E+02,2.00000E+00,1.95137E-06
6.30000E+00,2.70000E+02,-2.00000E+00,0.00000E+00
6.30000E+00,2.70000E+02,0.00000E+00,0.00000E+00
6.30000E+00,2.70000E+02,2.00000E+00,1.43492E-07
6.30000E+00,2.90000E+02,-2.00000E+00,0.00000E+00
6.30000E+00,2.90000E+02,0.00000E+00,0.00000E+00
6.30000E+00,2.90000E+02,2.00000E+00,0.00000E+00
6.30000E+00,3.10000E+02,-2.00000E+00,0.00000E+00
6.30000E+00,3.10000E+02,0.00000E+00,0.00000E+00
6.30000E+00,3.10000E+02,2.00000E+00,0.00000E+00
6.30000E+00,3.30000E+02,-2.00000E+00,0.00000E+00
6.30000E+00,3.30000E+02,0.00000E+00,0.00000E+00
6.30000E+00,3.30000E+02,2.00000E+00,0.00000E+00
6.30000E+00,3.50000E+02,-2.00000E+00,0.00000E+00
6.30000E+00,3.50000E+02,0.00000E+00,0.00000E+00
6.30000E+00,3.50000E+02,2.00000E+00,0.00000E+00
6.30000E+00,3.70000E+02,-2.00000E+00,0.00000E+00
6.30000E+00,3.70000E+02,0.00000E+00,0.00000E+00
6.30000E+00,3.70000E+02,2.00000E+00,0.00000E+00
6.30000E+00,3.90000E+02,-2.00000E+00,0.00000E+00
6.30000E+00,3.90000E+02,0.00000E+00,0.00000E+00
6.30000E+00,3.90000E+02,2.00000E+00,0.00000E+00
6.50000E+00,1.00000E+01,-2.00000E+00,2.92937E-04
6.50000E+00,1.00000E+01,0.00000E+00,1.37319E-03
6.50000E+00,1.00000E+01,2.00000E+00,3.16577E-04
6.50000E+00,3.00000E+01,-2.00000E+00,3.36061E-05
6.50000E+00,3.00000E+01,0.00000E+00,1.39461E-03
6.50000E+00,3.00000E+01,2.00000E+00,3.70965E-04
6.50000E+00,5.00000E+01,-2.00000E+00,0.00000E+00
6.50000E+00,5.00000E+01,0.00000E+00,6.88557E-04
6.50000E+00,5.00000E+01,2.00000E+00,3.69349E-04
6.50000E+00,7.00000E+01,-2.00000E+00,0.00000E+00
6.50000E+00,7.00000E+01,0.00000E+00,2.08438E-04
6.50000E+00,7.00000E+01,2.00000E+00,3.09827E-04
6.50000E+00,9.00000E+01,-2.00000E+00,0.00000E+00
6.50000E+00,9.00000E+01,0.00000E+00,7.88907E-05
6.50000E+00,9.00000E+01,2.00000E+00,2.00445E-04
6.50000E+00,1.10000E+02,-2.00000E+00,0.00000E+00
6.50000E+00,1.10000E+02,0.00000E+00,9.95919E-05
6.50000E+00,1.10000E+02,2.00000E+00,4.77835E-04
6.50000E+00,1.30000E+02,-2.00000E+00,0.00000E+00
6.50000E+00,1.30000E+02,0.00000E+00,7.25085E-05
6.50000E+00,1.30000E+02,2.00000E+00,2.75774E-04
6.50000E+00,1.50000E+02,-2.00000E+00,0.00000E+00
6.50000E+00,1.50000E+02,0.00000E+00,6.70812E-05
6.50000E+00,1.50000E+02,2.00000E+00,1.94341E-04
6.50000E+00,1.70000E+02,-2.00000E+00,0.00000E+00
6.50000E+00,1.70000E+02,0.00000E+00,9.64726E-06
6.50000E+00,1.70000E+02,2.00000E+00,1.31043E-04
6.50000E+00,1.90000E+02,-2.00000E+00,0.00000E+00
6.50000E+00,1.90000E+02,0.00000E+00,0.00000E+00
6.50000E+00,1.90000E+02,2.00000E+00,4.87745E-05
6.50000E+00,2.10000E+02,-2.00000E+00,0.00000E+00
6.50000E+00,2.10000E+02,0.00000E+00,0.00000E+00
6.50000E+00,2.10000E+02,2.00000E+00,1.89494E-05
6.50000E+00,2.30000E+02,-2.00000E+00,0.00000E+00
6.50000E+00,2.30000E+02,0.00000E+00,0.00000E+00
6.50000E+00,2.30000E+02,2.00000E+00,1.16733E-05
6.50000E+00,2.50000E+02,-2.00000E+00,0.00000E+00
6.50000E+00,2.50000E+02,0.00000E+00,0.00000E+00
6.50000E+00,2.50000E+02,2.00000E+00,4.63854E-06
6.50000E+00,2.70000E+02,-2.00000E+00,0.00000E+00
6.50000E+00,2.70000E+02,0.00000E+00,0.00000E+00
6.50000E+00,2.70000E+02,2.00000E+00,1.07171E-06
6.50000E+00,2.90000E+02,-2.00000E+00,0.00000E+00
6.50000E+00,2.90000E+02,0.00000E+00,0.00000E+00
6.50000E+00,2.90000E+02,2.00000E+00,1.36182E-07
6.50000E+00,3.10000E+02,-2.00000E+00,0.00000E+00
6.50000E+00,3.10000E+02,0.00000E+00,0.00000E+00
6.50000E+00,3.10000E+02,2.00000E+00,0.00000E+00
6.50000E+00,3.30000E+02,-2.00000E+00,0.00000E+00
6.50000E+00,3.30000E+02,0.00000E+00,0.00000E+00
6.50000E+00,3.30000E+02,2.00000E+00,0.00000E+00
6.50000E+00,3.50000E+02,-2.00000E+00,0.00000E+00
6.50000E+00,3.50000E+02,0.00000E+00,0.00000E+00
6.50000E+00,3.50000E+02,2.00000E+00,0.00000E+00
6.50000E+00,3.70000E+02,-2.00000E+00,0.00000E+00
6.50000E+00,3.70000E+02,0.00000E+00,0.00000E+00
6.50000E+00,3.70000E+02,2.00000E+00,0.00000E+00
6.50000E+00,3.90000E+02,-2.00000E+00,0.00000E+00
6.50000E+00,3.90000E+02,0.00000E+00,0.00000E+00
6.50000E+00,3.90000E+02,2.00000E+00,0.00000E+00
6.70000E+00,1.00000E+01,-2.00000E+00,7.11039E-05
6.70000E+00,1.00000E+01,0.00000E+00,3.94192E-04
6.70000E+00,1.00000E+01,2.00000E+00,9.08436E-05
6.70000E+00,3.00000E+01,-2.00000E+00,4.25598E-05
6.70000E+00,3.00000E+01,0.00000E+00,1.54484E-03
6.70000E+00,3.00000E+01,2.00000E+00,3.96578E-04
6.70000E+00,5.00000E+01,-2.00000E+00,2.09743E-08
6.70000E+00,5.00000E+01,0.00000E+00,7.60724E-04
6.70000E+00,5.00000E+01,2.00000E+00,3.18862E-04
6.70000E+00,7.00000E+01,-2.00000E+00,0.00000E+00
6.70000E+00,7.00000E+01,0.00000E+00,2.09466E-04
6.70000E+00,7.00000E+01,2.00000E+00,1.60278E-04
6.70000E+00,9.00000E+01,-2.00000E+00,0.00000E+00
6.70000E+00,9.00000E+01,0.00000E+00,1.24194E-04
6.70000E+00,9.00000E+01,2.00000E+00,1.60354E-04
6.70000E+00,1.10000E+02,-2.00000E+00,0.00000E+00
6.70000E+00,1.10000E+02,0.00000E+00,1.95145E-04
6.70000E+00,1.10000E+02,2.00000E+00,3.41164E-04
6.70000E+00,1.30000E+02,-2.00000E+00,0.00000E+00
6.70000E+00,1.30000E+02,0.00000E+00,1.01877E-04
6.70000E+00,1.30000E+02,2.00000E+00,1.50409E-04
6.70000E+00,1.50000E+02,-2.00000E+00,0.00000E+00
6.70000E+00,1.50000E+02,0.00000E+00,8.10706E-05
6.70000E+00,1.50000E+02,2.00000E+00,1.18083E-04
6.70000E+00,1.70000E+02,-2.00000E+00,0.00000E+00
6.70000E+00,1.70000E+02,0.00000E+00,2.35692E-05
6.70000E+00,1.70000E+02,2.00000E+00,8.41707E-05
6.70000E+00,1.90000E+02,-2.00000E+00,0.00000E+00
6.70000E+00,1.90000E+02,0.00000E+00,5.97735E-07
6.70000E+00,1.90000E+02,2.00000E+00,4.16569E-05
6.70000E+00,2.10000E+02,-2.00000E+00,0.00000E+00
6.70000E+00,2.10000E+02,0.00000E+00,0.00000E+00
6.70000E+00,2.10000E+02,2.00000E+00,1.63072E-05
6.70000E+00,2.30000E+02,-2.00000E+00,0.00000E+00
6.70000E+00,2.30000E+02,0.00000E+00,0.00000E+00
6.70000E+00,2.30000E+02,2.00000E+00,2.67523E-05
6.70000E+00,2.50000E+02,-2.00000E+00,0.00000E+00
6.70000E+00,2.50000E+02,0.00000E+00,0.00000E+00
6.70000E+00,2.50000E+02,2.00000E+00,1.16284E-05
6.70000E+00,2.70000E+02,-2.00000E+00,0.00000E+00
6.70000E+00,2.70000E+02,0.00000E+00,0.00000E+00
6.70000E+00,2.70000E+02,2.00000E+00,2.00191E-06
6.70000E+00,2.90000E+02,-2.00000E+00,0.00000E+00
6.70000E+00,2.90000E+02,0.00000E+00,0.00000E+00
6.70000E+00,2.90000E+02,2.00000E+00,7.11445E-07
6.70000E+00,3.10000E+02,-2.00000E+00,0.00000E+00
6.70000E+00,3.10000E+02,0.00000E+00,0.00000E+00
6.70000E+00,3.10000E+02,2.00000E+00,1.24735E-07
6.70000E+00,3.30000E+02,-2.00000E+00,0.00000E+00
6.70000E+00,3.30000E+02,0.00000E+00,0.00000E+00
6.70000E+00,3.30000E+02,2.00000E+00,9.32284E-11
6.70000E+00,3.50000E+02,-2.00000E+00,0.00000E+00
6.70000E+00,3.50000E+02,0.00000E+00,0.00000E+00
6.70000E+00,3.50000E+02,2.00000E+00,0.00000E+00
6.70000E+00,3.70000E+02,-2.00000E+00,0.00000E+00
6.70000E+00,3.70000E+02,0.00000E+00,0.00000E+00
6.70000E+00,3.70000E+02,2.00000E+00,0.00000E+00
6.70000E+00,3.90000E+02,-2.00000E+00,0.00000E+00
6.70000E+00,3.90000E+02,0.00000E+00,0.00000E+00
6.70000E+00,3.90000E+02,2.00000E+00,0.00000E+00
6.90000E+00,1.00000E+01,-2.00000E+00,1.73272E-04
6.90000E+00,1.00000E+01,0.00000E+00,9.03329E-04
6.90000E+00,1.00000E+01,2.00000E+00,2.08218E-04
6.90000E+00,3.00000E+01,-2.00000E+00,1.46182E-04
6.90000E+00,3.00000E+01,0.00000E+00,2.62974E-03
6.90000E+00,3.00000E+01,2.00000E+00,6.33097E-04
6.90000E+00,5.00000E+01,-2.00000E+00,5.29967E-07
6.90000E+00,5.00000E+01,0.00000E+00,7.70603E-04
6.90000E+00,5.00000E+01,2.00000E+00,2.78559E-04
6.90000E+00,7.00000E+01,-2.00000E+00,0.00000E+00
6.90000E+00,7.00000E+01,0.00000E+00,1.51069E-04
6.90000E+00,7.00000E+01,2.00000E+00,8.39920E-05
6.90000E+00,9.00000E+01,-2.00000E+00,0.00000E+00
6.90000E+00,9.00000E+01,0.00000E+00,1.81925E-04
6.90000E+00,9.00000E+01,2.00000E+00,1.63560E-04
6.90000E+00,1.10000E+02,-2.00000E+00,0.00000E+00
6.90000E+00,1.10000E+02,0.00000E+00,2.51127E-04
6.90000E+00,1.10000E+02,2.00000E+00,2.55151E-04
6.90000E+00,1.30000E+02,-2.00000E+00,0.00000E+00
6.90000E+00,1.30000E+02,0.00000E+00,1.22113E-04
6.90000E+00,1.30000E+02,2.00000E+00,1.16125E-04
6.90000E+00,1.50000E+02,-2.00000E+00,0.00000E+00
6.90000E+00,1.50000E+02,0.00000E+00,8.66840E-05
6.90000E+00,1.50000E+02,2.00000E+00,8.56965E-05
6.90000E+00,1.70000E+02,-2.00000E+00,0.00000E+00
6.90000E+00,1.70000E+02,0.00000E+00,3.38264E-05
6.90000E+00,1.70000E+02,2.00000E+00,1.06166E-04
6.90000E+00,1.90000E+02,-2.00000E+00,0.00000E+00
6.90000E+00,1.90000E+02,0.00000E+00,4.09833E-06
6.90000E+00,1.90000E+02,2.00000E+00,4.99913E-05
6.90000E+00,2.10000E+02,-2.00000E+00,0.00000E+00
6.90000E+00,2.10000E+02,0.00000E+00,0.00000E+00
6.90000E+00,2.10000E+02,2.00000E+00,1.71591E-05
6.90000E+00,2.30000E+02,-2.00000E+00,0.00000E+00
6.90000E+00,2.30000E+02,0.00000E+00,0.00000E+00
6.90000E+00,2.30000E+02,2.00000E+00,5.30990E-05
6.90000E+00,2.50000E+02,-2.00000E+00,0.00000E+00
6.90000E+00,2.50000E+02,0.00000E+00,0.00000E+00
6.90000E+00,2.50000E+02,2.00000E+00,1.54287E-05
6.90000E+00,2.70000E+02,-2.00000E+00,0.00000E+00
6.90000E+00,2.70000E+02,0.00000E+00,0.00000E+00
6.90000E+00,2.70000E+02,2.00000E+00,2.41065E-06
6.90000E+00,2.90000E+02,-2.00000E+00,0.00000E+00
6.90000E+00,2.90000E+02,0.00000E+00,0.00000E+00
6.90000E+00,2.90000E+02,2.00000E+00,1.12487E-06
6.90000E+00,3.10000E+02,-2.00000E+00,0.00000E+00
6.90000E+00,3.10000E+02,0.00000E+00,0.00000E+00
6.90000E+00,3.10000E+02,2.00000E+00,4.65950E-07
6.90000E+00,3.30000E+02,-2.00000E+00,0.00000E+00
6.90000E+00,3.30000E+02,0.00000E+00,0.00000E+00
6.90000E+00,3.30000E+02,2.00000E+00,1.03930E-07
6.90000E+00,3.50000E+02,-2.00000E+00,0.00000E+00
6.90000E+00,3.50000E+02,0.00000E+00,0.00000E+00
6.90000E+00,3.50000E+02,2.00000E+00,7.02495E-10
6.90000E+00,3.70000E+02,-2.00000E+00,0.00000E+00
6.90000E+00,3.70000E+02,0.00000E+00,0.00000E+00
6.90000E+00,3.70000E+02,2.00000E+00,0.00000E+00
6.90000E+00,3.90000E+02,-2.00000E+00,0.00000E+00
6.90000E+00,3.90000E+02,0.00000E+00,0.00000E+00
6.90000E+00,3.90000E+02,2.00000E+00,0.00000E+00
7.10000E+00,1.00000E+01,-2.00000E+00,2.15713E-04
7.10000E+00,1.00000E+01,0.00000E+00,1.10201E-03
7.10000E+00,1.00000E+01,2.00000E+00,2.54032E-04
7.10000E+00,3.00000E+01,-2.00000E+00,1.54096E-04
7.10000E+00,3.00000E+01,0.00000E+00,1.62677E-03
7.10000E+00,3.00000E+01,2.00000E+00,3.82232E-04
7.10000E+00,5.00000E+01,-2.00000E+00,1.18824E-06
7.10000E+00,5.00000E+01,0.00000E+00,1.94806E-04
7.10000E+00,5.00000E+01,2.00000E+00,5.55048E-05
7.10000E+00,7.00000E+01,-2.00000E+00,0.00000E+00
7.10000E+00,7.00000E+01,0.00000E+00,7.94625E-05
7.10000E+00,7.00000E+01,2.00000E+00,3.25074E-05
7.10000E+00,9.00000E+01,-2.00000E+00,0.00000E+00
7.10000E+00,9.00000E+01,0.00000E+00,2.60033E-04
7.10000E+00,9.00000E+01,2.00000E+00,1.73388E-04
7.10000E+00,1.10000E+02,-2.00000E+00,0.00000E+00
7.10000E+00,1.10000E+02,0.00000E+00,3.40783E-04
7.10000E+00,1.10000E+02,2.00000E+00,2.52240E-04
7.10000E+00,1.30000E+02,-2.00000E+00,0.00000E+00
7.10000E+00,1.30000E+02,0.00000E+00,1.49066E-04
7.10000E+00,1.30000E+02,2.00000E+00,1.07942E-04
7.10000E+00,1.50000E+02,-2.00000E+00,0.00000E+00
7.10000E+00,1.50000E+02,0.00000E+00,1.18727E-04
7.10000E+00,1.50000E+02,2.00000E+00,9.54968E-05
7.10000E+00,1.70000E+02,-2.00000E+00,0.00000E+00
7.10000E+00,1.70000E+02,0.00000E+00,6.37280E-05
7.10000E+00,1.70000E+02,2.00000E+00,1.15709E-04
7.10000E+00,1.90000E+02,-2.00000E+00,0.00000E+00
7.10000E+00,1.90000E+02,0.00000E+00,6.52191E-06
7.10000E+00,1.90000E+02,2.00000E+00,2.99413E-05
7.10000E+00,2.10000E+02,-2.00000E+00,0.00000E+00
7.10000E+00,2.10000E+02,0.00000E+00,5.05866E-07
7.10000E+00,2.10000E+02,2.00000E+00,1.85686E-05
7.10000E+00,2.30000E+02,-2.00000E+00,0.00000E+00
7.10000E+00,2.30000E+02,0.00000E+00,0.00000E+00
7.10000E+00,2.30000E+02,2.00000E+00,6.12224E-05
7.10000E+00,2.50000E+02,-2.00000E+00,0.00000E+00
7.10000E+00,2.50000E+02,0.00000E+00,0.00000E+00
7.10000E+00,2.50000E+02,2.00000E+00,6.21097E-06
7.10000E+00,2.70000E+02,-2.00000E+00,0.00000E+00
7.10000E+00,2.70000E+02,0.00000E+00,0.00000E+00
7.10000E+00,2.70000E+02,2.00000E+00,2.72279E-06
7.10000E+00,2.90000E+02,-2.00000E+00,0.00000E+00
7.10000E+00,2.90000E+02,0.00000E+00,0.00000E+00
7.10000E+00,2.90000E+02,2.00000E+00,1.28839E-06
7.10000E+00,3.10000E+02,-2.00000E+00,0.00000E+00
7.10000E+00,3.10000E+02,0.00000E+00,0.00000E+00
7.10000E+00,3.10000E+02,2.00000E+00,6.84109E-07
7.10000E+00,3.30000E+02,-2.00000E+00,0.00000E+00
7.10000E+00,3.30000E+02,0.00000E+00,0.00000E+00
7.10000E+00,3.30000E+02,2.00000E+00,2.79934E-07
7.10000E+00,3.50000E+02,-2.00000E+00,0.00000E+00
7.10000E+00,3.50000E+02,0.00000E+00,0.00000E+00
7.10000E+00,3.50000E+02,2.00000E+00,6.58113E-08
7.10000E+00,3.70000E+02,-2.00000E+00,0.00000E+00
7.10000E+00,3.70000E+02,0.00000E+00,0.00000E+00
7.10000E+00,3.70000E+02,2.00000E+00,8.48981E-10
7.10000E+00,3.90000E+02,-2.00000E+00,0.00000E+00
7.10000E+00,3.90000E+02,0.00000E+00,0.00000E+00
7.10000E+00,3.90000E+02,2.00000E+00,0.00000E+00
7.30000E+00,1.00000E+01,-2.00000E+00,1.60710E-04
7.30000E+00,1.00000E+01,0.00000E+00,7.97778E-04
7.30000E+00,1.00000E+01,2.00000E+00,1.83881E-04
7.30000E+00,3.00000E+01,-2.00000E+00,4.23328E-05
7.30000E+00,3.00000E+01,0.00000E+00,2.79785E-04
7.30000E+00,3.00000E+01,2.00000E+00,6.44938E-05
7.30000E+00,5.00000E+01,-2.00000E+00,1.32872E-06
7.30000E+00,5.00000E+01,0.00000E+00,3.47194E-05
7.30000E+00,5.00000E+01,2.00000E+00,8.53051E-06
7.30000E+00,7.00000E+01,-2.00000E+00,0.00000E+00
7.30000E+00,7.00000E+01,0.00000E+00,3.27184E-05
7.30000E+00,7.00000E+01,2.00000E+00,1.02245E-05
7.30000E+00,9.00000E+01,-2.00000E+00,0.00000E+00
7.30000E+00,9.00000E+01,0.00000E+00,3.01176E-04
7.30000E+00,9.00000E+01,2.00000E+00,1.67639E-04
7.30000E+00,1.10000E+02,-2.00000E+00,0.00000E+00
7.30000E+00,1.10000E+02,0.00000E+00,2.47554E-04
7.30000E+00,1.10000E+02,2.00000E+00,1.37966E-04
7.30000E+00,1.30000E+02,-2.00000E+00,0.00000E+00
7.30000E+00,1.30000E+02,0.00000E+00,1.36381E-04
7.30000E+00,1.30000E+02,2.00000E+00,7.89731E-05
7.30000E+00,1.50000E+02,-2.00000E+00,0.00000E+00
7.30000E+00,1.50000E+02,0.00000E+00,1.05235E-04
7.30000E+00,1.50000E+02,2.00000E+00,6.79494E-05
7.30000E+00,1.70000E+02,-2.00000E+00,0.00000E+00
7.30000E+00,1.70000E+02,0.00000E+00,5.47258E-05
7.30000E+00,1.70000E+02,2.00000E+00,5.59867E-05
7.30000E+00,1.90000E+02,-2.00000E+00,0.00000E+00
7.30000E+00,1.90000E+02,0.00000E+00,5.79878E-06
7.30000E+00,1.90000E+02,2.00000E+00,1.16954E-05
7.30000E+00,2.10000E+02,-2.00000E+00,0.00000E+00
7.30000E+00,2.10000E+02,0.00000E+00,1.35031E-06
7.30000E+00,2.10000E+02,2.00000E+00,2.35804E-05
7.30000E+00,2.30000E+02,-2.00000E+00,0.00000E+00
7.30000E+00,2.30000E+02,0.00000E+00,1.28251E-09
7.30000E+00,2.30000E+02,2.00000E+00,1.21086E-05
7.30000E+00,2.50000E+02,-2.00000E+00,0.00000E+00
7.30000E+00,2.50000E+02,0.00000E+00,0.00000E+00
7.30000E+00,2.50000E+02,2.00000E+00,5.70994E-06
7.30000E+00,2.70000E+02,-2.00000E+00,0.00000E+00
7.30000E+00,2.70000E+02,0.00000E+00,0.00000E+00
7.30000E+00,2.70000E+02,2.00000E+00,2.33423E-06
7.30000E+00,2.90000E+02,-2.00000E+00,0.00000E+00
7.30000E+00,2.90000E+02,0.00000E+00,0.00000E+00
7.30000E+00,2.90000E+02,2.00000E+00,1.24974E-06
7.30000E+00,3.10000E+02,-2.00000E+00,0.00000E+00
7.30000E+00,3.10000E+02,0.00000E+00,0.00000E+00
7.30000E+00,3.10000E+02,2.00000E+00,7.71374E-07
7.30000E+00,3.30000E+02,-2.00000E+00,0.00000E+00
7.30000E+00,3.30000E+02,0.00000E+00,0.00000E+00
7.30000E+00,3.30000E+02,2.00000E+00,3.81969E-07
7.30000E+00,3.50000E+02,-2.00000E+00,0.00000E+00
7.30000E+00,3.50000E+02,0.00000E+00,0.00000E+00
7.30000E+00,3.50000E+02,2.00000E+00,1.55058E-07
7.30000E+00,3.70000E+02,-2.00000E+00,0.00000E+00
7.30000E+00,3.70000E+02,0.00000E+00,0.00000E+00
7.30000E+00,3.70000E+02,2.00000E+00,3.22441E-08
7.30000E+00,3.90000E+02,-2.00000E+00,0.00000E+00
7.30000E+00,3.90000E+02,0.00000E+00,0.00000E+00
7.30000E+00,3.90000E+02,2.00000E+00,1.51334E-10
7.50000E+00,1.00000E+01,-2.00000E+00,2.25492E-06
7.50000E+00,1.00000E+01,0.00000E+00,9.92441E-06
7.50000E+00,1.00000E+01,2.00000E+00,2.28679E-06
7.50000E+00,3.00000E+01,-2.00000E+00,2.56645E-06
7.50000E+00,3.00000E+01,0.00000E+00,1.48573E-05
7.50000E+00,3.00000E+01,2.00000E+00,3.42440E-06
7.50000E+00,5.00000E+01,-2.00000E+00,8.24026E-07
7.50000E+00,5.00000E+01,0.00000E+00,1.50713E-05
7.50000E+00,5.00000E+01,2.00000E+00,3.62755E-06
7.50000E+00,7.00000E+01,-2.00000E+00,0.00000E+00
7.50000E+00,7.00000E+01,0.00000E+00,1.45129E-05
7.50000E+00,7.00000E+01,2.00000E+00,4.17892E-06
7.50000E+00,9.00000E+01,-2.00000E+00,0.00000E+00
7.50000E+00,9.00000E+01,0.00000E+00,8.48657E-05
7.50000E+00,9.00000E+01,2.00000E+00,3.85985E-05
7.50000E+00,1.10000E+02,-2.00000E+00,0.00000E+00
7.50000E+00,1.10000E+02,0.00000E+00,2.22675E-04
7.50000E+00,1.10000E+02,2.00000E+00,1.05264E-04
7.50000E+00,1.30000E+02,-2.00000E+00,0.00000E+00
7.50000E+00,1.30000E+02,0.00000E+00,4.20630E-05
7.50000E+00,1.30000E+02,2.00000E+00,1.98942E-05
7.50000E+00,1.50000E+02,-2.00000E+00,0.00000E+00
7.50000E+00,1.50000E+02,0.00000E+00,2.76760E-05
7.50000E+00,1.50000E+02,2.00000E+00,1.32482E-05
7.50000E+00,1.70000E+02,-2.00000E+00,0.00000E+00
7.50000E+00,1.70000E+02,0.00000E+00,1.61605E-05
7.50000E+00,1.70000E+02,2.00000E+00,1.23788E-05
7.50000E+00,1.90000E+02,-2.00000E+00,0.00000E+00
7.50000E+00,1.90000E+02,0.00000E+00,4.40955E-06
7.50000E+00,1.90000E+02,2.00000E+00,7.31611E-06
7.50000E+00,2.10000E+02,-2.00000E+00,0.00000E+00
7.50000E+00,2.10000E+02,0.00000E+00,1.11612E-06
7.50000E+00,2.10000E+02,2.00000E+00,2.81175E-06
7.50000E+00,2.30000E+02,-2.00000E+00,0.00000E+00
7.50000E+00,2.30000E+02,0.00000E+00,7.22019E-08
7.50000E+00,2.30000E+02,2.00000E+00,3.76279E-06
7.50000E+00,2.50000E+02,-2.00000E+00,0.00000E+00
7.50000E+00,2.50000E+02,0.00000E+00,0.00000E+00
7.50000E+00,2.50000E+02,2.00000E+00,4.58162E-06
7.50000E+00,2.70000E+02,-2.00000E+00,0.00000E+00
7.50000E+00,2.70000E+02,0.00000E+00,0.00000E+00
7.50000E+00,2.70000E+02,2.00000E+00,1.26976E-06
7.50000E+00,2.90000E+02,-2.00000E+00,0.00000E+00
7.50000E+00,2.90000E+02,0.00000E+00,0.00000E+00
7.50000E+00,2.90000E+02,2.00000E+00,7.66173E-07
7.50000E+00,3.10000E+02,-2.00000E+00,0.00000E+00
7.50000E+00,3.10000E+02,0.00000E+00,0.00000E+00
7.50000E+00,3.10000E+02,2.00000E+00,4.89328E-07
7.50000E+00,3.30000E+02,-2.00000E+00,0.00000E+00
7.50000E+00,3.30000E+02,0.00000E+00,0.00000E+00
7.50000E+00,3.30000E+02,2.00000E+00,2.71277E-07
7.50000E+00,3.50000E+02,-2.00000E+00,0.00000E+00
7.50000E+00,3.50000E+02,0.00000E+00,0.00000E+00
7.50000E+00,3.50000E+02,2.00000E+00,1.32803E-07
7.50000E+00,3.70000E+02,-2.00000E+00,0.00000E+00
7.50000E+00,3.70000E+02,0.00000E+00,0.00000E+00
7.50000E+00,3.70000E+02,2.00000E+00,1.60215E-07
7.50000E+00,3.90000E+02,-2.00000E+00,0.00000E+00
7.50000E+00,3.90000E+02,0.00000E+00,0.00000E+00
7.50000E+00,3.90000E+02,2.00000E+00,7.44332E-09
7.70000E+00,1.00000E+01,-2.00000E+00,4.59757E-07
7.70000E+00,1.00000E+01,0.00000E+00,2.01637E-06
7.70000E+00,1.00000E+01,2.00000E+00,4.64612E-07
7.70000E+00,3.00000E+01,-2.00000E+00,4.71176E-07
7.70000E+00,3.00000E+01,0.00000E+00,2.59571E-06
7.70000E+00,3.00000E+01,2.00000E+00,5.98105E-07
7.70000E+00,5.00000E+01,-2.00000E+00,1.87099E-07
7.70000E+00,5.00000E+01,0.00000E+00,2.58407E-06
7.70000E+00,5.00000E+01,2.00000E+00,6.13655E-07
7.70000E+00,7.00000E+01,-2.00000E+00,1.01642E-09
7.70000E+00,7.00000E+01,0.00000E+00,2.47139E-06
7.70000E+00,7.00000E+01,2.00000E+00,6.68234E-07
7.70000E+00,9.00000E+01,-2.00000E+00,0.00000E+00
7.70000E+00,9.00000E+01,0.00000E+00,1.87378E-06
7.70000E+00,9.00000E+01,2.00000E+00,5.55672E-07
7.70000E+00,1.10000E+02,-2.00000E+00,0.00000E+00
7.70000E+00,1.10000E+02,0.00000E+00,1.73143E-06
7.70000E+00,1.10000E+02,2.00000E+00,5.21316E-07
7.70000E+00,1.30000E+02,-2.00000E+00,0.00000E+00
7.70000E+00,1.30000E+02,0.00000E+00,1.70182E-06
7.70000E+00,1.30000E+02,2.00000E+00,5.18634E-07
7.70000E+00,1.50000E+02,-2.00000E+00,0.00000E+00
7.70000E+00,1.50000E+02,0.00000E+00,1.45656E-06
7.70000E+00,1.50000E+02,2.00000E+00,4.61978E-07
7.70000E+00,1.70000E+02,-2.00000E+00,0.00000E+00
7.70000E+00,1.70000E+02,0.00000E+00,9.77521E-07
7.70000E+00,1.70000E+02,2.00000E+00,4.33133E-07
7.70000E+00,1.90000E+02,-2.00000E+00,0.00000E+00
7.70000E+00,1.90000E+02,0.00000E+00,5.72075E-07
7.70000E+00,1.90000E+02,2.00000E+00,4.40651E-07
7.70000E+00,2.10000E+02,-2.00000E+00,0.00000E+00
7.70000E+00,2.10000E+02,0.00000E+00,2.53028E-07
7.70000E+00,2.10000E+02,2.00000E+00,4.42725E-07
7.70000E+00,2.30000E+02,-2.00000E+00,0.00000E+00
7.70000E+00,2.30000E+02,0.00000E+00,5.10269E-08
7.70000E+00,2.30000E+02,2.00000E+00,4.70456E-07
7.70000E+00,2.50000E+02,-2.00000E+00,0.00000E+00
7.70000E+00,2.50000E+02,0.00000E+00,0.00000E+00
7.70000E+00,2.50000E+02,2.00000E+00,3.96202E-07
7.70000E+00,2.70000E+02,-2.00000E+00,0.00000E+00
7.70000E+00,2.70000E+02,0.00000E+00,0.00000E+00
7.70000E+00,2.70000E+02,2.00000E+00,2.58301E-07
7.70000E+00,2.90000E+02,-2.00000E+00,0.00000E+00
7.70000E+00,2.90000E+02,0.00000E+00,0.00000E+00
7.70000E+00,2.90000E+02,2.00000E+00,1.70871E-07
7.70000E+00,3.10000E+02,-2.00000E+00,0.00000E+00
7.70000E+00,3.10000E+02,0.00000E+00,0.00000E+00
7.70000E+00,3.10000E+02,2.00000E+00,1.12422E-07
7.70000E+00,3.30000E+02,-2.00000E+00,0.00000E+00
7.70000E+00,3.30000E+02,0.00000E+00,0.00000E+00
7.70000E+00,3.30000E+02,2.00000E+00,6.59757E-08
7.70000E+00,3.50000E+02,-2.00000E+00,0.00000E+00
7.70000E+00,3.50000E+02,0.00000E+00,0.00000E+00
7.70000E+00,3.50000E+02,2.00000E+00,3.44193E-08
7.70000E+00,3.70000E+02,-2.00000E+00,0.00000E+00
7.70000E+00,3.70000E+02,0.00000E+00,0.00000E+00
7.70000E+00,3.70000E+02,2.00000E+00,1.52434E-08
7.70000E+00,3.90000E+02,-2.00000E+00,0.00000E+00
7.70000E+00,3.90000E+02,0.00000E+00,0.00000E+00
7.70000E+00,3.90000E+02,2.00000E+00,5.23434E-09
7.90000E+00,1.00000E+01,-2.00000E+00,0.00000E+00
7.90000E+00,1.00000E+01,0.00000E+00,0.00000E+00
7.90000E+00,1.00000E+01,2.00000E+00,0.00000E+00
7.90000E+00,3.00000E+01,-2.00000E+00,0.00000E+00
7.90000E+00,3.00000E+01,0.00000E+00,0.00000E+00
7.90000E+00,3.00000E+01,2.00000E+00,0.00000E+00
7.90000E+00,5.00000E+01,-2.00000E+00,0.00000E+00
7.90000E+00,5.00000E+01,0.00000E+00,0.00000E+00
7.90000E+00,5.00000E+01,2.00000E+00,0.00000E+00
7.90000E+00,7.00000E+01,-2.00000E+00,0.00000E+00
7.90000E+00,7.00000E+01,0.00000E+00,0.00000E+00
7.90000E+00,7.00000E+01,2.00000E+00,0.00000E+00
7.90000E+00,9.00000E+01,-2.00000E+00,0.00000E+00
7.90000E+00,9.00000E+01,0.00000E+00,0.00000E+00
7.90000E+00,9.00000E+01,2.00000E+00,0.00000E+00
7.90000E+00,1.10000E+02,-2.00000E+00,0.00000E+00
7.90000E+00,1.10000E+02,0.00000E+00,0.00000E+00
7.90000E+00,1.10000E+02,2.00000E+00,0.00000E+00
7.90000E+00,1.30000E+02,-2.00000E+00,0.00000E+00
7.90000E+00,1.30000E+02,0.00000E+00,0.00000E+00
7.90000E+00,1.30000E+02,2.00000E+00,0.00000E+00
7.90000E+00,1.50000E+02,-2.00000E+00,0.00000E+00
7.90000E+00,1.50000E+02,0.00000E+00,0.00000E+00
7.90000E+00,1.50000E+02,2.00000E+00,0.00000E+00
7.90000E+00,1.70000E+02,-2.00000E+00,0.00000E+00
7.90000E+00,1.70000E+02,0.00000E+00,0.00000E+00
7.90000E+00,1.70000E+02,2.00000E+00,0.00000E+00
7.90000E+00,1.90000E+02,-2.00000E+00,0.00000E+00
7.90000E+00,1.90000E+02,0.00000E+00,0.00000E+00
7.90000E+00,1.90000E+02,2.00000E+00,0.00000E+00
7.90000E+00,2.10000E+02,-2.00000E+00,0.00000E+00
7.90000E+00,2.10000E+02,0.00000E+00,0.00000E+00
7.90000E+00,2.10000E+02,2.00000E+00,0.00000E+00
7.90000E+00,2.30000E+02,-2.00000E+00,0.00000E+00
7.90000E+00,2.30000E+02,0.00000E+00,0.00000E+00
7.90000E+00,2.30000E+02,2.00000E+00,0.00000E+00
7.90000E+00,2.50000E+02,-2.00000E+00,0.00000E+00
7.90000E+00,2.50000E+02,0.00000E+00,0.00000E+00
7.90000E+00,2.50000E+02,2.00000E+00,0.00000E+00
7.90000E+00,2.70000E+02,-2.00000E+00,0.00000E+00
7.90000E+00,2.70000E+02,0.00000E+00,0.00000E+00
7.90000E+00,2.70000E+02,2.00000E+00,0.00000E+00
7.90000E+00,2.90000E+02,-2.00000E+00,0.00000E+00
7.90000E+00,2.90000E+02,0.00000E+00,0.00000E+00
7.90000E+00,2.90000E+02,2.00000E+00,0.00000E+00
7.90000E+00,3.10000E+02,-2.00000E+00,0.00000E+00
7.90000E+00,3.10000E+02,0.00000E+00,0.00000E+00
7.90000E+00,3.10000E+02,2.00000E+00,0.00000E+00
7.90000E+00,3.30000E+02,-2.00000E+00,0.00000E+00
7.90000E+00,3.30000E+02,0.00000E+00,0.00000E+00
7.90000E+00,3.30000E+02,2.00000E+00,0.00000E+00
7.90000E+00,3.50000E+02,-2.00000E+00,0.00000E+00
7.90000E+00,3.50000E+02,0.00000E+00,0.00000E+00
7.90000E+00,3.50000E+02,2.00000E+00,0.00000E+00
7.90000E+00,3.70000E+02,-2.00000E+00,0.00000E+00
7.90000E+00,3.70000E+02,0.00000E+00,0.00000E+00
7.90000E+00,3.70000E+02,2.00000E+00,0.00000E+00
7.90000E+00,3.90000E+02,-2.00000E+00,0.00000E+00
7.90000E+00,3.90000E+02,0.00000E+00,0.00000E+00
7.90000E+00,3.90000E+02,2.00000E+00,0.00000E+00
8.10000E+00,1.00000E+01,-2.00000E+00,0.00000E+00
8.10000E+00,1.00000E+01,0.00000E+00,0.00000E+00
8.10000E+00,1.00000E+01,2.00000E+00,0.00000E+00
8.10000E+00,3.00000E+01,-2.00000E+00,0.00000E+00
8.10000E+00,3.00000E+01,0.00000E+00,0.00000E+00
8.10000E+00,3.00000E+01,2.00000E+00,0.00000E+00
8.10000E+00,5.00000E+01,-2.00000E+00,0.00000E+00
8.10000E+00,5.00000E+01,0.00000E+00,0.00000E+00
8.10000E+00,5.00000E+01,2.00000E+00,0.00000E+00
8.10000E+00,7.00000E+01,-2.00000E+00,0.00000E+00
8.10000E+00,7.00000E+01,0.00000E+00,0.00000E+00
8.10000E+00,7.00000E+01,2.00000E+00,0.00000E+00
8.10000E+00,9.00000E+01,-2.00000E+00,0.00000E+00
8.10000E+00,9.00000E+01,0.00000E+00,0.00000E+00
8.10000E+00,9.00000E+01,2.00000E+00,0.00000E+00
8.10000E+00,1.10000E+02,-2.00000E+00,0.00000E+00
8.10000E+00,1.10000E+02,0.00000E+00,0.00000E+00
8.10000E+00,1.10000E+02,2.00000E+00,0.00000E+00
8.10000E+00,1.30000E+02,-2.00000E+00,0.00000E+00
8.10000E+00,1.30000E+02,0.00000E+00,0.00000E+00
8.10000E+00,1.30000E+02,2.00000E+00,0.00000E+00
8.10000E+00,1.50000E+02,-2.00000E+00,0.00000E+00
8.10000E+00,1.50000E+02,0.00000E+00,0.00000E+00
8.10000E+00,1.50000E+02,2.00000E+00,0.00000E+00
8.10000E+00,1.70000E+02,-2.00000E+00,0.00000E+00
8.10000E+00,1.70000E+02,0.00000E+00,0.00000E+00
8.10000E+00,1.70000E+02,2.00000E+00,0.00000E+00
8.10000E+00,1.90000E+02,-2.00000E+00,0.00000E+00
8.10000E+00,1.90000E+02,0.00000E+00,0.00000E+00
8.10000E+00,1.90000E+02,2.00000E+00,0.00000E+00
8.10000E+00,2.10000E+02,-2.00000E+00,0.00000E+00
8.10000E+00,2.10000E+02,0.00000E+00,0.00000E+00
8.10000E+00,2.10000E+02,2.00000E+00,0.00000E+00
8.10000E+00,2.30000E+02,-2.00000E+00,0.00000E+00
8.10000E+00,2.30000E+02,0.00000E+00,0.00000E+00
8.10000E+00,2.30000E+02,2.00000E+00,0.00000E+00
8.10000E+00,2.50000E+02,-2.00000E+00,0.00000E+00
8.10000E+00,2.50000E+02,0.00000E+00,0.00000E+00
8.10000E+00,2.50000E+02,2.00000E+00,0.00000E+00
8.10000E+00,2.70000E+02,-2.00000E+00,0.00000E+00
8.10000E+00,2.70000E+02,0.00000E+00,0.00000E+00
8.10000E+00,2.70000E+02,2.00000E+00,0.00000E+00
8.10000E+00,2.90000E+02,-2.00000E+00,0.00000E+00
8.10000E+00,2.90000E+02,0.00000E+00,0.00000E+00
8.10000E+00,2.90000E+02,2.00000E+00,0.00000E+00
8.10000E+00,3.10000E+02,-2.00000E+00,0.00000E+00
8.10000E+00,3.10000E+02,0.00000E+00,0.00000E+00
8.10000E+00,3.10000E+02,2.00000E+00,0.00000E+00
8.10000E+00,3.30000E+02,-2.00000E+00,0.00000E+00
8.10000E+00,3.30000E+02,0.00000E+00,0.00000E+00
8.10000E+00,3.30000E+02,2.00000E+00,0.00000E+00
8.10000E+00,3.50000E+02,-2.00000E+00,0.00000E+00
8.10000E+00,3.50000E+02,0.00000E+00,0.00000E+00
8.10000E+00,3.50000E+02,2.00000E+00,0.00000E+00
8.10000E+00,3.70000E+02,-2.00000E+00,0.00000E+00
8.10000E+00,3.70000E+02,0.00000E+00,0.00000E+00
8.10000E+00,3.70000E+02,2.00000E+00,0.00000E+00
8.10000E+00,3.90000E+02,-2.00000E+00,0.00000E+00
8.10000E+00,3.90000E+02,0.00000E+00,0.00000E+00
8.10000E+00,3.90000E+02,2.00000E+00,0.00000E+00
8.30000E+00,1.00000E+01,-2.00000E+00,0.00000E+00
8.30000E+00,1.00000E+01,0.00000E+00,0.00000E+00
8.30000E+00,1.00000E+01,2.00000E+00,0.00000E+00
8.30000E+00,3.00000E+01,-2.00000E+00,0.00000E+00
8.30000E+00,3.00000E+01,0.00000E+00,0.00000E+00
8.30000E+00,3.00000E+01,2.00000E+00,0.00000E+00
8.30000E+00,5.00000E+01,-2.00000E+00,0.00000E+00
8.30000E+00,5.00000E+01,0.00000E+00,0.00000E+00
8.30000E+00,5.00000E+01,2.00000E+00,0.00000E+00
8.30000E+00,7.00000E+01,-2.00000E+00,0.00000E+00
8.30000E+00,7.00000E+01,0.00000E+00,0.00000E+00
8.30000E+00,7.00000E+01,2.00000E+00,0.00000E+00
8.30000E+00,9.00000E+01,-2.00000E+00,0.00000E+00
8.30000E+00,9.00000E+01,0.00000E+00,0.00000E+00
8.30000E+00,9.00000E+01,2.00000E+00,0.00000E+00
8.30000E+00,1.10000E+02,-2.00000E+00,0.00000E+00
8.30000E+00,1.10000E+02,0.00000E+00,0.00000E+00
8.30000E+00,1.10000E+02,2.00000E+00,0.00000E+00
8.30000E+00,1.30000E+02,-2.00000E+00,0.00000E+00
8.30000E+00,1.30000E+02,0.00000E+00,0.00000E+00
8.30000E+00,1.30000E+02,2.00000E+00,0.00000E+00
8.30000E+00,1.50000E+02,-2.00000E+00,0.00000E+00
8.30000E+00,1.50000E+02,0.00000E+00,0.00000E+00
8.30000E+00,1.50000E+02,2.00000E+00,0.00000E+00
8.30000E+00,1.70000E+02,-2.00000E+00,0.00000E+00
8.30000E+00,1.70000E+02,0.00000E+00,0.00000E+00
8.30000E+00,1.70000E+02,2.00000E+00,0.00000E+00
8.30000E+00,1.90000E+02,-2.00000E+00,0.00000E+00
8.30000E+00,1.90000E+02,0.00000E+00,0.00000E+00
8.30000E+00,1.90000E+02,2.00000E+00,0.00000E+00
8.30000E+00,2.10000E+02,-2.00000E+00,0.00000E+00
8.30000E+00,2.10000E+02,0.00000E+00,0.00000E+00
8.30000E+00,2.10000E+02,2.00000E+00,0.00000E+00
8.30000E+00,2.30000E+02,-2.00000E+00,0.00000E+00
8.30000E+00,2.30000E+02,0.00000E+00,0.00000E+00
8.30000E+00,2.30000E+02,2.00000E+00,0.00000E+00
8.30000E+00,2.50000E+02,-2.00000E+00,0.00000E+00
8.30000E+00,2.50000E+02,0.00000E+00,0.00000E+00
8.30000E+00,2.50000E+02,2.00000E+00,0.00000E+00
8.30000E+00,2.70000E+02,-2.00000E+00,0.00000E+00
8.30000E+00,2.70000E+02,0.00000E+00,0.00000E+00
8.30000E+00,2.70000E+02,2.00000E+00,0.00000E+00
8.30000E+00,2.90000E+02,-2.00000E+00,0.00000E+00
8.30000E+00,2.90000E+02,0.00000E+00,0.00000E+00
8.30000E+00,2.90000E+02,2.00000E+00,0.00000E+00
8.30000E+00,3.10000E+02,-2.00000E+00,0.00000E+00
8.30000E+00,3.10000E+02,0.00000E+00,0.00000E+00
8.30000E+00,3.10000E+02,2.00000E+00,0.00000E+00
8.30000E+00,3.30000E+02,-2.00000E+00,0.00000E+00
8.30000E+00,3.30000E+02,0.00000E+00,0.00000E+00
8.30000E+00,3.30000E+02,2.00000E+00,0.00000E+00
8.30000E+00,3.50000E+02,-2.00000E+00,0.00000E+00
8.30000E+00,3.50000E+02,0.00000E+00,0.00000E+00
8.30000E+00,3.50000E+02,2.00000E+00,0.00000E+00
8.30000E+00,3.70000E+02,-2.00000E+00,0.00000E+00
8.30000E+00,3.70000E+02,0.00000E+00,0.00000E+00
8.30000E+00,3.70000E+02,2.00000E+00,0.00000E+00
8.30000E+00,3.90000E+02,-2.00000E+00,0.00000E+00
8.30000E+00,3.90000E+02,0.00000E+00,0.00000E+00
8.30000E+00,3.90000E+02,2.00000E+00,0.00000E+00
8.50000E+00,1.00000E+01,-2.00000E+00,0.00000E+00
8.50000E+00,1.00000E+01,0.00000E+00,0.00000E+00
8.50000E+00,1.00000E+01,2.00000E+00,0.00000E+00
8.50000E+00,3.00000E+01,-2.00000E+00,0.00000E+00
8.50000E+00,3.00000E+01,0.00000E+00,0.00000E+00
8.50000E+00,3.00000E+01,2.00000E+00,0.00000E+00
8.50000E+00,5.00000E+01,-2.00000E+00,0.00000E+00
8.50000E+00,5.00000E+01,0.00000E+00,0.00000E+00
8.50000E+00,5.00000E+01,2.00000E+00,0.00000E+00
8.50000E+00,7.00000E+01,-2.00000E+00,0.00000E+00
8.50000E+00,7.00000E+01,0.00000E+00,0.00000E+00
8.50000E+00,7.00000E+01,2.00000E+00,0.00000E+00
8.50000E+00,9.00000E+01,-2.00000E+00,0.00000E+00
8.50000E+00,9.00000E+01,0.00000E+00,0.00000E+00
8.50000E+00,9.00000E+01,2.00000E+00,0.00000E+00
8.50000E+00,1.10000E+02,-2.00000E+00,0.00000E+00
8.50000E+00,1.10000E+02,0.00000E+00,0.00000E+00
8.50000E+00,1.10000E+02,2.00000E+00,0.00000E+00
8.50000E+00,1.30000E+02,-2.00000E+00,0.00000E+00
8.50000E+00,1.30000E+02,0.00000E+00,0.00000E+00
8.50000E+00,1.30000E+02,2.00000E+00,0.00000E+00
8.50000E+00,1.50000E+02,-2.00000E+00,0.00000E+00
8.50000E+00,1.50000E+02,0.00000E+00,0.00000E+00
8.50000E+00,1.50000E+02,2.00000E+00,0.00000E+00
8.50000E+00,1.70000E+02,-2.00000E+00,0.00000E+00
8.50000E+00,1.70000E+02,0.00000E+00,0.00000E+00
8.50000E+00,1.70000E+02,2.00000E+00,0.00000E+00
8.50000E+00,1.90000E+02,-2.00000E+00,0.00000E+00
8.50000E+00,1.90000E+02,0.00000E+00,0.00000E+00
8.50000E+00,1.90000E+02,2.00000E+00,0.00000E+00
8.50000E+00,2.10000E+02,-2.00000E+00,0.00000E+00
8.50000E+00,2.10000E+02,0.00000E+00,0.00000E+00
8.50000E+00,2.10000E+02,2.00000E+00,0.00000E+00
8.50000E+00,2.30000E+02,-2.00000E+00,0.00000E+00
8.50000E+00,2.30000E+02,0.00000E+00,0.00000E+00
8.50000E+00,2.30000E+02,2.00000E+00,0.00000E+00
8.50000E+00,2.50000E+02,-2.00000E+00,0.00000E+00
8.50000E+00,2.50000E+02,0.00000E+00,0.00000E+00
8.50000E+00,2.50000E+02,2.00000E+00,0.00000E+00
8.50000E+00,2.70000E+02,-2.00000E+00,0.00000E+00
8.50000E+00,2.70000E+02,0.00000E+00,0.00000E+00
8.50000E+00,2.70000E+02,2.00000E+00,0.00000E+00
8.50000E+00,2.90000E+02,-2.00000E+00,0.00000E+00
8.50000E+00,2.90000E+02,0.00000E+00,0.00000E+00
8.50000E+00,2.90000E+02,2.00000E+00,0.00000E+00
8.50000E+00,3.10000E+02,-2.00000E+00,0.00000E+00
8.50000E+00,3.10000E+02,0.00000E+00,0.00000E+00
8.50000E+00,3.10000E+02,2.00000E+00,0.00000E+00
8.50000E+00,3.30000E+02,-2.00000E+00,0.00000E+00
8.50000E+00,3.30000E+02,0.00000E+00,0.00000E+00
8.50000E+00,3.30000E+02,2.00000E+00,0.00000E+00
8.50000E+00,3.50000E+02,-2.00000E+00,0.00000E+00
8.50000E+00,3.50000E+02,0.00000E+00,0.00000E+00
8.50000E+00,3.50000E+02,2.00000E+00,0.00000E+00
8.50000E+00,3.70000E+02,-2.00000E+00,0.00000E+00
8.50000E+00,3.70000E+02,0.00000E+00,0.00000E+00
8.50000E+00,3.70000E+02,2.00000E+00,0.00000E+00
8.50000E+00,3.90000E+02,-2.00000E+00,0.00000E+00
8.50000E+00,3.90000E+02,0.00000E+00,0.00000E+00
8.50000E+00,3.90000E+02,2.00000E+00,0.00000E+00
8.70000E+00,1.00000E+01,-2.00000E+00,0.00000E+00
8.70000E+00,1.00000E+01,0.00000E+00,0.00000E+00
8.70000E+00,1.00000E+01,2.00000E+00,0.00000E+00
8.70000E+00,3.00000E+01,-2.00000E+00,0.00000E+00
8.70000E+00,3.00000E+01,0.00000E+00,0.00000E+00
8.70000E+00,3.00000E+01,2.00000E+00,0.00000E+00
8.70000E+00,5.00000E+01,-2.00000E+00,0.00000E+00
8.70000E+00,5.00000E+01,0.00000E+00,0.00000E+00
8.70000E+00,5.00000E+01,2.00000E+00,0.00000E+00
8.70000E+00,7.00000E+01,-2.00000E+00,0.00000E+00
8.70000E+00,7.00000E+01,0.00000E+00,0.00000E+00
8.70000E+00,7.00000E+01,2.00000E+00,0.00000E+00
8.70000E+00,9.00000E+01,-2.00000E+00,0.00000E+00
8.70000E+00,9.00000E+01,0.00000E+00,0.00000E+00
8.70000E+00,9.00000E+01,2.00000E+00,0.00000E+00
8.70000E+00,1.10000E+02,-2.00000E+00,0.00000E+00
8.70000E+00,1.10000E+02,0.00000E+00,0.00000E+00
8.70000E+00,1.10000E+02,2.00000E+00,0.00000E+00
8.70000E+00,1.30000E+02,-2.00000E+00,0.00000E+00
8.70000E+00,1.30000E+02,0.00000E+00,0.00000E+00
8.70000E+00,1.30000E+02,2.00000E+00,0.00000E+00
8.70000E+00,1.50000E+02,-2.00000E+00,0.00000E+00
8.70000E+00,1.50000E+02,0.00000E+00,0.00000E+00
8.70000E+00,1.50000E+02,2.00000E+00,0.00000E+00
8.70000E+00,1.70000E+02,-2.00000E+00,0.00000E+00
8.70000E+00,1.70000E+02,0.00000E+00,0.00000E+00
8.70000E+00,1.70000E+02,2.00000E+00,0.00000E+00
8.70000E+00,1.90000E+02,-2.00000E+00,0.00000E+00
8.70000E+00,1.90000E+02,0.00000E+00,0.00000E+00
8.70000E+00,1.90000E+02,2.00000E+00,0.00000E+00
8.70000E+00,2.10000E+02,-2.00000E+00,0.00000E+00
8.70000E+00,2.10000E+02,0.00000E+00,0.00000E+00
8.70000E+00,2.10000E+02,2.00000E+00,0.00000E+00
8.70000E+00,2.30000E+02,-2.00000E+00,0.00000E+00
8.70000E+00,2.30000E+02,0.00000E+00,0.00000E+00
8.70000E+00,2.30000E+02,2.00000E+00,0.00000E+00
8.70000E+00,2.50000E+02,-2.00000E+00,0.00000E+00
8.70000E+00,2.50000E+02,0.00000E+00,0.00000E+00
8.70000E+00,2.50000E+02,2.00000E+00,0.00000E+00
8.70000E+00,2.70000E+02,-2.00000E+00,0.00000E+00
8.70000E+00,2.70000E+02,0.00000E+00,0.00000E+00
8.70000E+00,2.70000E+02,2.00000E+00,0.00000E+00
8.70000E+00,2.90000E+02,-2.00000E+00,0.00000E+00
8.70000E+00,2.90000E+02,0.00000E+00,0.00000E+00
8.70000E+00,2.90000E+02,2.00000E+00,0.00000E+00
8.70000E+00,3.10000E+02,-2.00000E+00,0.00000E+00
8.70000E+00,3.10000E+02,0.00000E+00,0.00000E+00
8.70000E+00,3.10000E+02,2.00000E+00,0.00000E+00
8.70000E+00,3.30000E+02,-2.00000E+00,0.00000E+00
8.70000E+00,3.30000E+02,0.00000E+00,0.00000E+00
8.70000E+00,3.30000E+02,2.00000E+00,0.00000E+00
8.70000E+00,3.50000E+02,-2.00000E+00,0.00000E+00
8.70000E+00,3.50000E+02,0.00000E+00,0.00000E+00
8.70000E+00,3.50000E+02,2.00000E+00,0.00000E+00
8.70000E+00,3.70000E+02,-2.00000E+00,0.00000E+00
8.70000E+00,3.70000E+02,0.00000E+00,0.00000E+00
8.70000E+00,3.70000E+02,2.00000E+00,0.00000E+00
8.70000E+00,3.90000E+02,-2.00000E+00,0.00000E+00
8.70000E+00,3.90000E+02,0.00000E+00,0.00000E+00
8.70000E+00,3.90000E+02,2.00000E+00,0.00000E+00
8.90000E+00,1.00000E+01,-2.00000E+00,0.00000E+00
8.90000E+00,1.00000E+01,0.00000E+00,0.00000E+00
8.90000E+00,1.00000E+01,2.00000E+00,0.00000E+00
8.90000E+00,3.00000E+01,-2.00000E+00,0.00000E+00
8.90000E+00,3.00000E+01,0.00000E+00,0.00000E+00
8.90000E+00,3.00000E+01,2.00000E+00,0.00000E+00
8.90000E+00,5.00000E+01,-2.00000E+00,0.00000E+00
8.90000E+00,5.00000E+01,0.00000E+00,0.00000E+00
8.90000E+00,5.00000E+01,2.00000E+00,0.00000E+00
8.90000E+00,7.00000E+01,-2.00000E+00,0.00000E+00
8.90000E+00,7.00000E+01,0.00000E+00,0.00000E+00
8.90000E+00,7.00000E+01,2.00000E+00,0.00000E+00
8.90000E+00,9.00000E+01,-2.00000E+00,0.00000E+00
8.90000E+00,9.00000E+01,0.00000E+00,0.00000E+00
8.90000E+00,9.00000E+01,2.00000E+00,0.00000E+00
8.90000E+00,1.10000E+02,-2.00000E+00,0.00000E+00
8.90000E+00,1.10000E+02,0.00000E+00,0.00000E+00
8.90000E+00,1.10000E+02,2.00000E+00,0.00000E+00
8.90000E+00,1.30000E+02,-2.00000E+00,0.00000E+00
8.90000E+00,1.30000E+02,0.00000E+00,0.00000E+00
8.90000E+00,1.30000E+02,2.00000E+00,0.00000E+00
8.90000E+00,1.50000E+02,-2.00000E+00,0.00000E+00
8.90000E+00,1.50000E+02,0.00000E+00,0.00000E+00
8.90000E+00,1.50000E+02,2.00000E+00,0.00000E+00
8.90000E+00,1.70000E+02,-2.00000E+00,0.00000E+00
8.90000E+00,1.70000E+02,0.00000E+00,0.00000E+00
8.90000E+00,1.70000E+02,2.00000E+00,0.00000E+00
8.90000E+00,1.90000E+02,-2.00000E+00,0.00000E+00
8.90000E+00,1.90000E+02,0.00000E+00,0.00000E+00
8.90000E+00,1.90000E+02,2.00000E+00,0.00000E+00
8.90000E+00,2.10000E+02,-2.00000E+00,0.00000E+00
8.90000E+00,2.10000E+02,0.00000E+00,0.00000E+00
8.90000E+00,2.10000E+02,2.00000E+00,0.00000E+00
8.90000E+00,2.30000E+02,-2.00000E+00,0.00000E+00
8.90000E+00,2.30000E+02,0.00000E+00,0.00000E+00
8.90000E+00,2.30000E+02,2.00000E+00,0.00000E+00
8.90000E+00,2.50000E+02,-2.00000E+00,0.00000E+00
8.90000E+00,2.50000E+02,0.00000E+00,0.00000E+00
8.90000E+00,2.50000E+02,2.00000E+00,0.00000E+00
8.90000E+00,2.70000E+02,-2.00000E+00,0.00000E+00
8.90000E+00,2.70000E+02,0.00000E+00,0.00000E+00
8.90000E+00,2.70000E+02,2.00000E+00,0.00000E+00
8.90000E+00,2.90000E+02,-2.00000E+00,0.00000E+00
8.90000E+00,2.90000E+02,0.00000E+00,0.00000E+00
8.90000E+00,2.90000E+02,2.00000E+00,0.00000E+00
8.90000E+00,3.10000E+02,-2.00000E+00,0.00000E+00
8.90000E+00,3.10000E+02,0.00000E+00,0.00000E+00
8.90000E+00,3.10000E+02,2.00000E+00,0.00000E+00
8.90000E+00,3.30000E+02,-2.00000E+00,0.00000E+00
8.90000E+00,3.30000E+02,0.00000E+00,0.00000E+00
8.90000E+00,3.30000E+02,2.00000E+00,0.00000E+00
8.90000E+00,3.50000E+02,-2.00000E+00,0.00000E+00
8.90000E+00,3.50000E+02,0.00000E+00,0.00000E+00
8.90000E+00,3.50000E+02,2.00000E+00,0.00000E+00
8.90000E+00,3.70000E+02,-2.00000E+00,0.00000E+00
8.90000E+00,3.70000E+02,0.00000E+00,0.00000E+00
8.90000E+00,3.70000E+02,2.00000E+00,0.00000E+00
8.90000E+00,3.90000E+02,-2.00000E+00,0.00000E+00
8.90000E+00,3.90000E+02,0.00000E+00,0.00000E+00
8.90000E+00,3.90000E+02,2.00000E+00,0.00000E+00
9.10000E+00,1.00000E+01,-2.00000E+00,0.00000E+00
9.10000E+00,1.00000E+01,0.00000E+00,0.00000E+00
9.10000E+00,1.00000E+01,2.00000E+00,0.00000E+00
9.10000E+00,3.00000E+01,-2.00000E+00,0.00000E+00
9.10000E+00,3.00000E+01,0.00000E+00,0.00000E+00
9.10000E+00,3.00000E+01,2.00000E+00,0.00000E+00
9.10000E+00,5.00000E+01,-2.00000E+00,0.00000E+00
9.10000E+00,5.00000E+01,0.00000E+00,0.00000E+00
9.10000E+00,5.00000E+01,2.00000E+00,0.00000E+00
9.10000E+00,7.00000E+01,-2.00000E+00,0.00000E+00
9.10000E+00,7.00000E+01,0.00000E+00,0.00000E+00
9.10000E+00,7.00000E+01,2.00000E+00,0.00000E+00
9.10000E+00,9.00000E+01,-2.00000E+00,0.00000E+00
9.10000E+00,9.00000E+01,0.00000E+00,0.00000E+00
9.10000E+00,9.00000E+01,2.00000E+00,0.00000E+00
9.10000E+00,1.10000E+02,-2.00000E+00,0.00000E+00
9.10000E+00,1.10000E+02,0.00000E+00,0.00000E+00
9.10000E+00,1.10000E+02,2.00000E+00,0.00000E+00
9.10000E+00,1.30000E+02,-2.00000E+00,0.00000E+00
9.10000E+00,1.30000E+02,0.00000E+00,0.00000E+00
9.10000E+00,1.30000E+02,2.00000E+00,0.00000E+00
9.10000E+00,1.50000E+02,-2.00000E+00,0.00000E+00
9.10000E+00,1.50000E+02,0.00000E+00,0.00000E+00
9.10000E+00,1.50000E+02,2.00000E+00,0.00000E+00
9.10000E+00,1.70000E+02,-2.00000E+00,0.00000E+00
9.10000E+00,1.70000E+02,0.00000E+00,0.00000E+00
9.10000E+00,1.70000E+02,2.00000E+00,0.00000E+00
9.10000E+00,1.90000E+02,-2.00000E+00,0.00000E+00
9.10000E+00,1.90000E+02,0.00000E+00,0.00000E+00
9.10000E+00,1.90000E+02,2.00000E+00,0.00000E+00
9.10000E+00,2.10000E+02,-2.00000E+00,0.00000E+00
9.10000E+00,2.10000E+02,0.00000E+00,0.00000E+00
9.10000E+00,2.10000E+02,2.00000E+00,0.00000E+00
9.10000E+00,2.30000E+02,-2.00000E+00,0.00000E+00
9.10000E+00,2.30000E+02,0.00000E+00,0.00000E+00
9.10000E+00,2.30000E+02,2.00000E+00,0.00000E+00
9.10000E+00,2.50000E+02,-2.00000E+00,0.00000E+00
9.10000E+00,2.50000E+02,0.00000E+00,0.00000E+00
9.10000E+00,2.50000E+02,2.00000E+00,0.00000E+00
9.10000E+00,2.70000E+02,-2.00000E+00,0.00000E+00
9.10000E+00,2.70000E+02,0.00000E+00,0.00000E+00
9.10000E+00,2.70000E+02,2.00000E+00,0.00000E+00
9.10000E+00,2.90000E+02,-2.00000E+00,0.00000E+00
9.10000E+00,2.90000E+02,0.00000E+00,0.00000E+00
9.10000E+00,2.90000E+02,2.00000E+00,0.00000E+00
9.10000E+00,3.10000E+02,-2.00000E+00,0.00000E+00
9.10000E+00,3.10000E+02,0.00000E+00,0.00000E+00
9.10000E+00,3.10000E+02,2.00000E+00,0.00000E+00
9.10000E+00,3.30000E+02,-2.00000E+00,0.00000E+00
9.10000E+00,3.30000E+02,0.00000E+00,0.00000E+00
9.10000E+00,3.30000E+02,2.00000E+00,0.00000E+00
9.10000E+00,3.50000E+02,-2.00000E+00,0.00000E+00
9.10000E+00,3.50000E+02,0.00000E+00,0.00000E+00
9.10000E+00,3.50000E+02,2.00000E+00,0.00000E+00
9.10000E+00,3.70000E+02,-2.00000E+00,0.00000E+00
9.10000E+00,3.70000E+02,0.00000E+00,0.00000E+00
9.10000E+00,3.70000E+02,2.00000E+00,0.00000E+00
9.10000E+00,3.90000E+02,-2.00000E+00,0.00000E+00
9.10000E+00,3.90000E+02,0.00000E+00,0.00000E+00
9.10000E+00,3.90000E+02,2.00000E+00,0.00000E+00
9.30000E+00,1.00000E+01,-2.00000E+00,0.00000E+00
9.30000E+00,1.00000E+01,0.00000E+00,0.00000E+00
9.30000E+00,1.00000E+01,2.00000E+00,0.00000E+00
9.30000E+00,3.00000E+01,-2.00000E+00,0.00000E+00
9.30000E+00,3.00000E+01,0.00000E+00,0.00000E+00
9.30000E+00,3.00000E+01,2.00000E+00,0.00000E+00
9.30000E+00,5.00000E+01,-2.00000E+00,0.00000E+00
9.30000E+00,5.00000E+01,0.00000E+00,0.00000E+00
9.30000E+00,5.00000E+01,2.00000E+00,0.00000E+00
9.30000E+00,7.00000E+01,-2.00000E+00,0.00000E+00
9.30000E+00,7.00000E+01,0.00000E+00,0.00000E+00
9.30000E+00,7.00000E+01,2.00000E+00,0.00000E+00
9.30000E+00,9.00000E+01,-2.00000E+00,0.00000E+00
9.30000E+00,9.00000E+01,0.00000E+00,0.00000E+00
9.30000E+00,9.00000E+01,2.00000E+00,0.00000E+00
9.30000E+00,1.10000E+02,-2.00000E+00,0.00000E+00
9.30000E+00,1.10000E+02,0.00000E+00,0.00000E+00
9.30000E+00,1.10000E+02,2.00000E+00,0.00000E+00
9.30000E+00,1.30000E+02,-2.00000E+00,0.00000E+00
9.30000E+00,1.30000E+02,0.00000E+00,0.00000E+00
9.30000E+00,1.30000E+02,2.00000E+00,0.00000E+00
9.30000E+00,1.50000E+02,-2.00000E+00,0.00000E+00
9.30000E+00,1.50000E+02,0.00000E+00,0.00000E+00
9.30000E+00,1.50000E+02,2.00000E+00,0.00000E+00
9.30000E+00,1.70000E+02,-2.00000E+00,0.00000E+00
9.30000E+00,1.70000E+02,0.00000E+00,0.00000E+00
9.30000E+00,1.70000E+02,2.00000E+00,0.00000E+00
9.30000E+00,1.90000E+02,-2.00000E+00,0.00000E+00
9.30000E+00,1.90000E+02,0.00000E+00,0.00000E+00
9.30000E+00,1.90000E+02,2.00000E+00,0.00000E+00
9.30000E+00,2.10000E+02,-2.00000E+00,0.00000E+00
9.30000E+00,2.10000E+02,0.00000E+00,0.00000E+00
9.30000E+00,2.10000E+02,2.00000E+00,0.00000E+00
9.30000E+00,2.30000E+02,-2.00000E+00,0.00000E+00
9.30000E+00,2.30000E+02,0.00000E+00,0.00000E+00
9.30000E+00,2.30000E+02,2.00000E+00,0.00000E+00
9.30000E+00,2.50000E+02,-2.00000E+00,0.00000E+00
9.30000E+00,2.50000E+02,0.00000E+00,0.00000E+00
9.30000E+00,2.50000E+02,2.00000E+00,0.00000E+00
9.30000E+00,2.70000E+02,-2.00000E+00,0.00000E+00
9.30000E+00,2.70000E+02,0.00000E+00,0.00000E+00
9.30000E+00,2.70000E+02,2.00000E+00,0.00000E+00
9.30000E+00,2.90000E+02,-2.00000E+00,0.00000E+00
9.30000E+00,2.90000E+02,0.00000E+00,0.00000E+00
9.30000E+00,2.90000E+02,2.00000E+00,0.00000E+00
9.30000E+00,3.10000E+02,-2.00000E+00,0.00000E+00
9.30000E+00,3.10000E+02,0.00000E+00,0.00000E+00
9.30000E+00,3.10000E+02,2.00000E+00,0.00000E+00
9.30000E+00,3.30000E+02,-2.00000E+00,0.00000E+00
9.30000E+00,3.30000E+02,0.00000E+00,0.00000E+00
9.30000E+00,3.30000E+02,2.00000E+00,0.00000E+00
9.30000E+00,3.50000E+02,-2.00000E+00,0.00000E+00
9.30000E+00,3.50000E+02,0.00000E+00,0.00000E+00
9.30000E+00,3.50000E+02,2.00000E+00,0.00000E+00
9.30000E+00,3.70000E+02,-2.00000E+00,0.00000E+00
9.30000E+00,3.70000E+02,0.00000E+00,0.00000E+00
9.30000E+00,3.70000E+02,2.00000E+00,0.00000E+00
9.30000E+00,3.90000E+02,-2.00000E+00,0.00000E+00
9.30000E+00,3.90000E+02,0.00000E+00,0.00000E+00
9.30000E+00,3.90000E+02,2.00000E+00,0.00000E+00
9.50000E+00,1.00000E+01,-2.00000E+00,0.00000E+00
9.50000E+00,1.00000E+01,0.00000E+00,0.00000E+00
9.50000E+00,1.00000E+01,2.00000E+00,0.00000E+00
9.50000E+00,3.00000E+01,-2.00000E+00,0.00000E+00
9.50000E+00,3.00000E+01,0.00000E+00,0.00000E+00
9.50000E+00,3.00000E+01,2.00000E+00,0.00000E+00
9.50000E+00,5.00000E+01,-2.00000E+00,0.00000E+00
9.50000E+00,5.00000E+01,0.00000E+00,0.00000E+00
9.50000E+00,5.00000E+01,2.00000E+00,0.00000E+00
9.50000E+00,7.00000E+01,-2.00000E+00,0.00000E+00
9.50000E+00,7.00000E+01,0.00000E+00,0.00000E+00
9.50000E+00,7.00000E+01,2.00000E+00,0.00000E+00
9.50000E+00,9.00000E+01,-2.00000E+00,0.00000E+00
9.50000E+00,9.00000E+01,0.00000E+00,0.00000E+00
9.50000E+00,9.00000E+01,2.00000E+00,0.00000E+00
9.50000E+00,1.10000E+02,-2.00000E+00,0.00000E+00
9.50000E+00,1.10000E+02,0.00000E+00,0.00000E+00
9.50000E+00,1.10000E+02,2.00000E+00,0.00000E+00
9.50000E+00,1.30000E+02,-2.00000E+00,0.00000E+00
9.50000E+00,1.30000E+02,0.00000E+00,0.00000E+00
9.50000E+00,1.30000E+02,2.00000E+00,0.00000E+00
9.50000E+00,1.50000E+02,-2.00000E+00,0.00000E+00
9.50000E+00,1.50000E+02,0.00000E+00,0.00000E+00
9.50000E+00,1.50000E+02,2.00000E+00,0.00000E+00
9.50000E+00,1.70000E+02,-2.00000E+00,0.00000E+00
9.50000E+00,1.70000E+02,0.00000E+00,0.00000E+00
9.50000E+00,1.70000E+02,2.00000E+00,0.00000E+00
9.50000E+00,1.90000E+02,-2.00000E+00,0.00000E+00
9.50000E+00,1.90000E+02,0.00000E+00,0.00000E+00
9.50000E+00,1.90000E+02,2.00000E+00,0.00000E+00
9.50000E+00,2.10000E+02,-2.00000E+00,0.00000E+00
9.50000E+00,2.10000E+02,0.00000E+00,0.00000E+00
9.50000E+00,2.10000E+02,2.00000E+00,0.00000E+00
9.50000E+00,2.30000E+02,-2.00000E+00,0.00000E+00
9.50000E+00,2.30000E+02,0.00000E+00,0.00000E+00
9.50000E+00,2.30000E+02,2.00000E+00,0.00000E+00
9.50000E+00,2.50000E+02,-2.00000E+00,0.00000E+00
9.50000E+00,2.50000E+02,0.00000E+00,0.00000E+00
9.50000E+00,2.50000E+02,2.00000E+00,0.00000E+00
9.50000E+00,2.70000E+02,-2.00000E+00,0.00000E+00
9.50000E+00,2.70000E+02,0.00000E+00,0.00000E+00
9.50000E+00,2.70000E+02,2.00000E+00,0.00000E+00
9.50000E+00,2.90000E+02,-2.00000E+00,0.00000E+00
9.50000E+00,2.90000E+02,0.00000E+00,0.00000E+00
9.50000E+00,2.90000E+02,2.00000E+00,0.00000E+00
9.50000E+00,3.10000E+02,-2.00000E+00,0.00000E+00
9.50000E+00,3.10000E+02,0.00000E+00,0.00000E+00
9.50000E+00,3.10000E+02,2.00000E+00,0.00000E+00
9.50000E+00,3.30000E+02,-2.00000E+00,0.00000E+00
9.50000E+00,3.30000E+02,0.00000E+00,0.00000E+00
9.50000E+00,3.30000E+02,2.00000E+00,0.00000E+00
9.50000E+00,3.50000E+02,-2.00000E+00,0.00000E+00
9.50000E+00,3.50000E+02,0.00000E+00,0.00000E+00
9.50000E+00,3.50000E+02,2.00000E+00,0.00000E+00
9.50000E+00,3.70000E+02,-2.00000E+00,0.00000E+00
9.50000E+00,3.70000E+02,0.00000E+00,0.00000E+00
9.50000E+00,3.70000E+02,2.00000E+00,0.00000E+00
9.50000E+00,3.90000E+02,-2.00000E+00,0.00000E+00
9.50000E+00,3.90000E+02,0.00000E+00,0.00000E+00
9.50000E+00,3.90000E+02,2.00000E+00,0.00000E+00
9.70000E+00,1.00000E+01,-2.00000E+00,0.00000E+00
9.70000E+00,1.00000E+01,0.00000E+00,0.00000E+00
9.70000E+00,1.00000E+01,2.00000E+00,0.00000E+00
9.70000E+00,3.00000E+01,-2.00000E+00,0.00000E+00
9.70000E+00,3.00000E+01,0.00000E+00,0.00000E+00
9.70000E+00,3.00000E+01,2.00000E+00,0.00000E+00
9.70000E+00,5.00000E+01,-2.00000E+00,0.00000E+00
9.70000E+00,5.00000E+01,0.00000E+00,0.00000E+00
9.70000E+00,5.00000E+01,2.00000E+00,0.00000E+00
9.70000E+00,7.00000E+01,-2.00000E+00,0.00000E+00
9.70000E+00,7.00000E+01,0.00000E+00,0.00000E+00
9.70000E+00,7.00000E+01,2.00000E+00,0.00000E+00
9.70000E+00,9.00000E+01,-2.00000E+00,0.00000E+00
9.70000E+00,9.00000E+01,0.00000E+00,0.00000E+00
9.70000E+00,9.00000E+01,2.00000E+00,0.00000E+00
9.70000E+00,1.10000E+02,-2.00000E+00,0.00000E+00
9.70000E+00,1.10000E+02,0.00000E+00,0.00000E+00
9.70000E+00,1.10000E+02,2.00000E+00,0.00000E+00
9.70000E+00,1.30000E+02,-2.00000E+00,0.00000E+00
9.70000E+00,1.30000E+02,0.00000E+00,0.00000E+00
9.70000E+00,1.30000E+02,2.00000E+00,0.00000E+00
9.70000E+00,1.50000E+02,-2.00000E+00,0.00000E+00
9.70000E+00,1.50000E+02,0.00000E+00,0.00000E+00
9.70000E+00,1.50000E+02,2.00000E+00,0.00000E+00
9.70000E+00,1.70000E+02,-2.00000E+00,0.00000E+00
9.70000E+00,1.70000E+02,0.00000E+00,0.00000E+00
9.70000E+00,1.70000E+02,2.00000E+00,0.00000E+00
9.70000E+00,1.90000E+02,-2.00000E+00,0.00000E+00
9.70000E+00,1.90000E+02,0.00000E+00,0.00000E+00
9.70000E+00,1.90000E+02,2.00000E+00,0.00000E+00
9.70000E+00,2.10000E+02,-2.00000E+00,0.00000E+00
9.70000E+00,2.10000E+02,0.00000E+00,0.00000E+00
9.70000E+00,2.10000E+02,2.00000E+00,0.00000E+00
9.70000E+00,2.30000E+02,-2.00000E+00,0.00000E+00
9.70000E+00,2.30000E+02,0.00000E+00,0.00000E+00
9.70000E+00,2.30000E+02,2.00000E+00,0.00000E+00
9.70000E+00,2.50000E+02,-2.00000E+00,0.00000E+00
9.70000E+00,2.50000E+02,0.00000E+00,0.00000E+00
9.70000E+00,2.50000E+02,2.00000E+00,0.00000E+00
9.70000E+00,2.70000E+02,-2.00000E+00,0.00000E+00
9.70000E+00,2.70000E+02,0.00000E+00,0.00000E+00
9.70000E+00,2.70000E+02,2.00000E+00,0.00000E+00
9.70000E+00,2.90000E+02,-2.00000E+00,0.00000E+00
9.70000E+00,2.90000E+02,0.00000E+00,0.00000E+00
9.70000E+00,2.90000E+02,2.00000E+00,0.00000E+00
9.70000E+00,3.10000E+02,-2.00000E+00,0.00000E+00
9.70000E+00,3.10000E+02,0.00000E+00,0.00000E+00
9.70000E+00,3.10000E+02,2.00000E+00,0.00000E+00
9.70000E+00,3.30000E+02,-2.00000E+00,0.00000E+00
9.70000E+00,3.30000E+02,0.00000E+00,0.00000E+00
9.70000E+00,3.30000E+02,2.00000E+00,0.00000E+00
9.70000E+00,3.50000E+02,-2.00000E+00,0.00000E+00
9.70000E+00,3.50000E+02,0.00000E+00,0.00000E+00
9.70000E+00,3.50000E+02,2.00000E+00,0.00000E+00
9.70000E+00,3.70000E+02,-2.00000E+00,0.00000E+00
9.70000E+00,3.70000E+02,0.00000E+00,0.00000E+00
9.70000E+00,3.70000E+02,2.00000E+00,0.00000E+00
9.70000E+00,3.90000E+02,-2.00000E+00,0.00000E+00
9.70000E+00,3.90000E+02,0.00000E+00,0.00000E+00
9.70000E+00,3.90000E+02,2.00000E+00,0.00000E+00
